{"type":"Topology","arcs":[[[1248,801],[46,17],[0,39],[56,56],[19,-89],[80,-148],[70,0],[8,63],[110,19],[59,-13],[48,40],[19,-76],[88,-50],[94,-6],[-29,-132],[-97,-26],[-43,-73],[-40,40],[0,49],[-78,23],[-24,-72],[-2,-63],[-43,-23],[-38,20],[-29,-60],[-59,-49],[-177,0]],[[1286,287],[-48,76],[37,26],[8,40],[-61,59]],[[1222,488],[-54,82],[38,33],[8,43],[42,53],[-29,69],[21,33]],[[1018,452],[16,26],[64,7],[67,-60],[57,63]],[[1286,287],[11,-56],[43,-53],[-25,-43],[-174,13],[-37,20],[-22,50],[-34,13],[-67,-66]],[[981,165],[-57,46],[-16,63],[62,56],[0,56],[48,66]],[[715,363],[65,33],[37,92],[-5,49]],[[812,537],[45,-49],[121,-36],[40,0]],[[981,165],[-57,-92],[-53,-66],[-65,-7],[19,76],[-96,128],[-8,70],[40,46],[-46,43]],[[533,1154],[-185,-142],[8,-56],[-80,-43]],[[276,913],[-137,-72],[-69,105],[-3,70],[13,131],[-40,66],[-40,-3],[13,82],[89,-56],[35,30],[61,-49],[22,42],[-8,47],[118,36],[109,23],[22,-40],[8,-102],[64,-69]],[[533,1154],[38,-16],[96,23],[11,-30],[72,20],[54,-23],[43,-43],[53,-17]],[[900,1068],[0,-46],[-48,-46],[-46,43],[-163,-50],[-70,-43],[8,-75],[30,-27]],[[611,824],[-70,-33],[-128,-6],[-27,19],[-65,-3]],[[321,801],[-45,112]],[[611,824],[69,-95],[46,-20],[78,-109]],[[804,600],[-6,-49]],[[798,551],[-96,39],[-62,-23]],[[640,567],[-40,-20],[-32,-43],[-67,96],[-38,7],[-53,46],[-35,-27],[-54,33],[43,33],[-43,109]],[[900,1068],[81,33],[83,-46],[16,-129]],[[1080,926],[-121,-3],[0,-95],[-62,-4],[-66,-72],[10,-102],[-37,-50]],[[798,551],[14,-14]],[[715,363],[-37,46],[-19,69],[-27,23],[8,66]],[[1080,926],[75,17],[37,-99],[56,-43]]],"transform":{"scale":[0.37326478149100256,0.3032967032967033],"translate":[9273,3112.9999999999995]},"objects":{"jilin":{"type":"GeometryCollection","geometries":[{"arcs":[[0,1,2]],"type":"Polygon","properties":{"name":"Yanbian Korean Autonomous Prefecture","admin_leve":"5","wikipedia":"zh:延边朝鲜族自治州","localname":"옌볜 조선족 자치주 延边朝鲜族自治州","boundary":"administrative","id":"CN.jilin.2761941"}},{"arcs":[[3,-2,4,5]],"type":"Polygon","properties":{"name":"Baishan City","admin_leve":"5","wikipedia":"zh:白山市","localname":"바이산 시 / 白山市 / Baishan","boundary":"administrative","id":"CN.jilin.2762626"}},{"arcs":[[6,7,-6,8]],"type":"Polygon","properties":{"name":"Tonghua City","admin_leve":"5","wikipedia":"de:Tonghua","localname":"퉁화 시 / 通化市 / Tonghua","boundary":"administrative","id":"CN.jilin.2762954"}},{"arcs":[[9,10]],"type":"Polygon","properties":{"name":"Baicheng City","admin_leve":"5","wikipedia":"de:Baicheng","localname":"白城市 / Baicheng","boundary":"administrative","id":"CN.jilin.2763763"}},{"arcs":[[-10,11,12,13,14]],"type":"Polygon","properties":{"name":"Songyuan City","admin_leve":"5","wikidata":"Q92364","localname":"松原市 / Songyuan","boundary":"administrative","id":"CN.jilin.2763775"}},{"arcs":[[-14,15,16,17,18]],"type":"Polygon","properties":{"name":"Siping City","admin_leve":"5","wikipedia":"zh:四平市","localname":"四平市 / Siping","boundary":"administrative","id":"CN.jilin.2763795"}},{"arcs":[[19,20,-16,-13]],"type":"Polygon","properties":{"name":"Changchun City","admin_leve":"5","wikipedia":"en:Changchun","localname":"四平市 / Changchun","boundary":"administrative","id":"CN.jilin.2763992"}},{"arcs":[[-18,21,-7,22]],"type":"Polygon","properties":{"name":"Liaoyuan City","admin_leve":"5","wikipedia":"zh:辽源市","localname":"辽源市 / Liaoyuan","boundary":"administrative","id":"CN.jilin.2764045"}},{"arcs":[[-21,23,-3,-4,-8,-22,-17]],"type":"Polygon","properties":{"name":"Jilin City","admin_leve":"5","wikipedia":"zh:吉林市","localname":"吉林市 / Jilin","boundary":"administrative","id":"CN.jilin.2764055"}}]}},"crs":{"type":"name","properties":{"name":"urn:ogc:def:crs:EPSG:4326"}},"ac-tx":{"default":{"crs":"wsg84","scale":76.16511441416998,"xoffset":0,"yoffset":0}}}