{"type":"Topology","arcs":[[[1031,759],[-9,-92],[69,-16]],[[1091,651],[-46,-54],[-28,-60],[33,-27],[-28,-49],[74,-70]],[[1096,391],[-37,-82],[18,-65]],[[1077,244],[-37,-32],[-111,0],[-28,43],[46,27],[14,49],[-9,54],[-84,11],[-41,43],[-10,44],[-55,38],[9,59],[46,60],[51,6],[24,54],[-19,119],[88,-11],[70,-49]],[[776,1633],[92,5],[5,-32]],[[873,1606],[-28,-27],[-9,-60],[-33,-27],[-69,5],[-51,16],[-56,-5],[70,-136],[-10,-38]],[[687,1334],[-83,-10],[-79,16],[9,54],[-74,44],[-19,32],[-65,11],[-60,-6],[-61,44],[-41,103],[-38,-5],[-37,37],[-51,17],[-60,65],[-28,0],[37,108],[65,17],[84,-6],[46,-21],[33,-44],[60,-141],[51,60],[51,-49],[33,-11],[88,76],[111,11],[33,-49],[0,-70],[84,16]],[[873,1606],[60,0],[98,21],[14,-92],[32,-49]],[[1077,1486],[-69,-92],[-51,0],[-28,-32],[4,-109],[-37,-114],[-125,-60],[-60,0]],[[711,1079],[-70,-16],[-37,54],[32,49],[51,168]],[[776,1633],[9,76],[42,49],[79,-6],[0,44],[69,113],[75,0],[46,33],[-14,-130],[223,-163]],[[1305,1649],[-19,-65],[-88,-65],[23,-65]],[[1221,1454],[-116,5],[-28,27]],[[1096,391],[33,16],[4,81],[47,16],[106,-54],[28,38],[-4,92],[65,-16]],[[1375,564],[23,-22]],[[1398,542],[-9,-59],[60,-6],[14,-32],[-47,-65],[19,-44],[-107,6],[-60,38],[-28,-22],[-33,-92],[0,-87]],[[1207,179],[-60,16],[-70,49]],[[1091,651],[65,5],[130,38],[38,-5]],[[1324,689],[18,-22],[33,-103]],[[1221,1454],[28,-54],[-32,-28],[-33,-97],[37,-103]],[[1221,1172],[-125,-17],[-32,-59],[60,-38],[0,-136],[-47,0]],[[1077,922],[-32,0],[-33,60],[-65,0],[-37,-98],[-125,-11],[-65,55],[-9,151]],[[1305,1649],[88,-16],[98,-54],[18,-82],[135,-266],[88,-233],[14,-157]],[[1746,841],[-102,-22],[-32,16],[-56,0],[-19,33],[-65,-16],[-9,-33]],[[1463,819],[-33,16],[19,65],[56,98],[-10,60],[-79,21],[-125,-21],[-9,32]],[[1282,1090],[-61,82]],[[1031,759],[60,49],[-14,114]],[[1282,1090],[-33,-27],[19,-87],[83,-146],[-27,-27],[14,-54],[-14,-60]],[[1463,819],[32,-92],[24,-6],[4,-108],[61,-16],[9,-38]],[[1593,559],[-65,-6]],[[1528,553],[-42,-27],[-88,16]],[[1746,841],[42,-44],[125,-54],[33,-87],[5,-43],[130,-43],[46,-131],[-46,-48],[-149,59],[-56,49],[-69,-49]],[[1807,450],[-75,17],[-51,86],[-88,6]],[[1356,184],[33,38],[41,6],[42,43],[121,49],[23,22],[-4,114],[-79,59],[-5,38]],[[1807,450],[106,-103],[-88,-38],[-28,-130],[-74,-11],[9,-49],[-74,-21],[0,-38],[-46,-17],[-33,-43],[-51,87],[-79,-6],[-60,38],[-33,65]],[[1356,184],[-149,-5]]],"transform":{"scale":[0.2153267512929008,0.184346035015448],"translate":[9541,2522]},"objects":{"jiangsu":{"type":"GeometryCollection","geometries":[{"arcs":[[0,1,2,3]],"type":"Polygon","properties":{"name":"Nanjing City","admin_leve":"5","wikipedia":"zh:南京市","localname":"南京市","boundary":"administrative","id":"CN.jiangsu.2131524"}},{"arcs":[[4,5,6]],"type":"Polygon","properties":{"name":"Xuzhou City","admin_leve":"5","wikipedia":"en:Xuzhou","localname":"徐州市 / Xuzhou","boundary":"administrative","id":"CN.jiangsu.3218572"}},{"arcs":[[-6,7,8,9]],"type":"Polygon","properties":{"name":"Suqian City","admin_leve":"5","wikipedia":"en:Suqian","localname":"宿迁市 / Suqian","boundary":"administrative","id":"CN.jiangsu.3293941"}},{"arcs":[[10,11,12,-8,-5]],"type":"Polygon","properties":{"name":"Lianyungang City","admin_leve":"5","wikipedia":"en:Lianyungang","localname":"连云港市","boundary":"administrative","id":"CN.jiangsu.3320347"}},{"arcs":[[13,14,15,16,-3]],"type":"Polygon","properties":{"name":"Changzhou City","admin_leve":"5","wikipedia":"en:Changzhou","localname":"常州市 / Changzhou","boundary":"administrative","id":"CN.jiangsu.3429666"}},{"arcs":[[17,18,-14,-2]],"type":"Polygon","properties":{"name":"Zhenjiang City","admin_leve":"5","wikipedia":"en:Zhenjiang","localname":"镇江市 / Zhenjiang","boundary":"administrative","id":"CN.jiangsu.3429680"}},{"arcs":[[-9,-13,19,20,21]],"type":"Polygon","properties":{"name":"Huai'an City","admin_leve":"5","wikipedia":"en:Huai'an","localname":"淮安市 / Huai'an","boundary":"administrative","id":"CN.jiangsu.3429722"}},{"arcs":[[-12,22,23,24,25,-20]],"type":"Polygon","properties":{"name":"Yancheng City","admin_leve":"5","wikipedia":"en:Yancheng","localname":"盐城市 / Yancheng","boundary":"administrative","id":"CN.jiangsu.3473496"}},{"arcs":[[26,-21,-26,27,-18,-1]],"type":"Polygon","properties":{"name":"Yangzhou City","admin_leve":"5","wikipedia":"en:Yangzhou","localname":"扬州市 / Yangzhou","boundary":"administrative","id":"CN.jiangsu.4430826"}},{"arcs":[[-25,28,29,30,-15,-19,-28]],"type":"Polygon","properties":{"name":"Taizhou City","admin_leve":"5","wikipedia":"en:Taizhou, Jiangsu","localname":"泰州市 / Taizhou","boundary":"administrative","id":"CN.jiangsu.4430874"}},{"arcs":[[31,32,-29,-24]],"type":"Polygon","properties":{"name":"Nantong City","admin_leve":"5","wikipedia":"en:Nantong","localname":"南通市 / Nantong","boundary":"administrative","id":"CN.jiangsu.4430899"}},{"arcs":[[33,-30,-33,34]],"type":"Polygon","properties":{"name":"Suzhou City","admin_leve":"5","wikipedia":"en:Suzhou","localname":"苏州市 / Suzhou","boundary":"administrative","id":"CN.jiangsu.4430941"}},{"arcs":[[-31,-34,35,-16]],"type":"Polygon","properties":{"name":"Wuxi City","admin_leve":"5","wikipedia":"en:Wuxi","localname":"无锡市 / Wuxi","boundary":"administrative","id":"CN.jiangsu.4430942"}}]}},"crs":{"type":"name","properties":{"name":"urn:ogc:def:crs:EPSG:4326"}},"ac-tx":{"default":{"crs":"wsg84","scale":82.00000160736077,"xoffset":0,"yoffset":0}}}