{"type":"Topology","arcs":[[[0,1005],[0,216],[286,0]],[[286,1221],[-33,-45],[-2,-124]],[[251,1052],[0,-47]],[[251,1005],[-251,0]],[[674,1219],[213,0]],[[887,1219],[0,-167]],[[887,1052],[-2,0]],[[885,1052],[-73,0]],[[812,1052],[-37,0],[-123,9]],[[652,1061],[-3,90],[23,9],[2,59]],[[535,1219],[139,0]],[[652,1061],[-32,-54]],[[620,1007],[-37,19],[-40,54],[-8,139]],[[493,953],[0,17],[0,4],[0,17]],[[493,991],[33,14],[61,-5]],[[587,1000],[-2,-23]],[[585,977],[2,-179]],[[587,798],[-92,0]],[[495,798],[-2,38]],[[493,836],[0,117]],[[585,977],[67,0],[60,-21],[111,2]],[[823,958],[69,5],[60,-90]],[[952,873],[-85,-54]],[[867,819],[0,17],[-205,0],[0,-38]],[[662,798],[-75,0]],[[587,1000],[33,7]],[[812,1052],[2,0],[-2,-5],[2,-11],[15,-31],[-6,-47]],[[493,998],[0,-7]],[[493,953],[-27,10],[27,35]],[[251,1052],[131,0],[0,-47],[111,-7]],[[493,836],[-167,0]],[[326,836],[-19,19]],[[307,855],[0,150],[-56,0]],[[887,1219],[178,2],[-8,-108],[0,-164]],[[1057,949],[-59,0]],[[998,949],[2,75],[-75,0],[-38,19]],[[887,1043],[0,9]],[[286,1221],[249,-2]],[[495,798],[-31,-37]],[[464,761],[-107,2],[-8,19]],[[349,782],[-23,54]],[[0,700],[234,0]],[[234,700],[2,-237]],[[236,463],[-52,0],[0,-61]],[[184,402],[-184,2]],[[0,404],[0,296]],[[656,387],[73,0],[2,207]],[[731,594],[19,-19],[112,-2],[36,19]],[[898,592],[40,-92],[37,-19]],[[975,481],[-37,0],[-17,-129]],[[921,352],[-180,0],[-2,-96]],[[739,256],[-88,0],[5,131]],[[0,700],[0,82]],[[0,782],[102,-2],[0,75],[205,0]],[[349,782],[-23,0],[0,-82]],[[326,700],[-92,0]],[[935,704],[80,76],[42,0]],[[1057,780],[0,-141]],[[1057,639],[-122,0],[0,65]],[[731,594],[0,56]],[[731,650],[0,54],[79,0],[19,38],[36,0]],[[865,742],[33,-38]],[[898,704],[0,-112]],[[309,275],[0,37],[73,10],[94,49]],[[476,371],[-6,-21],[0,-207]],[[470,143],[-27,-47],[-134,0]],[[309,96],[0,179]],[[921,352],[17,-96],[0,-113]],[[938,143],[-199,0]],[[739,143],[0,113]],[[184,402],[25,2],[35,-129]],[[244,275],[-98,-19],[2,-143]],[[148,113],[-56,2],[0,141],[-56,16],[-36,40]],[[0,312],[0,92]],[[658,650],[4,148]],[[867,819],[-2,-77]],[[731,650],[-73,0]],[[885,1052],[2,-9]],[[998,949],[0,-73],[-46,-3]],[[148,113],[0,-17]],[[148,96],[0,-96],[-148,0],[0,312]],[[975,481],[80,0]],[[1055,481],[-2,-338],[-115,0]],[[472,463],[0,39],[56,-2],[23,38],[0,91]],[[551,629],[107,0],[0,21]],[[656,387],[0,38],[-71,19],[-109,0]],[[476,444],[-4,19]],[[244,275],[65,0]],[[309,96],[-161,0]],[[0,782],[0,223]],[[476,371],[0,73]],[[739,143],[-269,0]],[[1057,949],[0,-169]],[[935,704],[-37,0]],[[1057,639],[-2,-158]],[[236,463],[236,0]],[[326,700],[56,0],[82,-31]],[[464,669],[0,-37],[87,-3]],[[464,669],[0,92]]],"transform":{"scale":[0.5211267605633803,0.42588042588042585],"translate":[-9999,2873]},"objects":{"new_mexico":{"type":"GeometryCollection","geometries":[{"arcs":[[0,1,2,3]],"type":"Polygon","properties":{"name":"San Juan County","stateAbbrev":"NM","state":"New Mexico","fips":"045","incits":"35045","id":"US.NM.045","population":126503}},{"arcs":[[4,5,6,7,8,9]],"type":"Polygon","properties":{"name":"Colfax County","stateAbbrev":"NM","state":"New Mexico","fips":"007","incits":"35007","id":"US.NM.007","population":13094}},{"arcs":[[10,-10,11,12]],"type":"Polygon","properties":{"name":"Taos County","stateAbbrev":"NM","state":"New Mexico","fips":"055","incits":"35055","id":"US.NM.055","population":33035}},{"arcs":[[13,14,15,16,17,18,19]],"type":"Polygon","properties":{"name":"Santa Fe County","stateAbbrev":"NM","state":"New Mexico","fips":"049","incits":"35049","id":"US.NM.049","population":147423}},{"arcs":[[20,21,22,23,24,-17]],"type":"Polygon","properties":{"name":"San Miguel County","stateAbbrev":"NM","state":"New Mexico","fips":"047","incits":"35047","id":"US.NM.047","population":28541}},{"arcs":[[-16,25,-12,-9,26,-21]],"type":"Polygon","properties":{"name":"Mora County","stateAbbrev":"NM","state":"New Mexico","fips":"033","incits":"35033","id":"US.NM.033","population":4704}},{"arcs":[[27,-14,28]],"type":"Polygon","properties":{"name":"Los Alamos County","stateAbbrev":"NM","state":"New Mexico","fips":"028","incits":"35028","id":"US.NM.028","population":17798}},{"arcs":[[-3,29,-29,-20,30,31,32]],"type":"Polygon","properties":{"name":"Sandoval County","stateAbbrev":"NM","state":"New Mexico","fips":"043","incits":"35043","id":"US.NM.043","population":136575}},{"arcs":[[-6,33,34,35,36]],"type":"Polygon","properties":{"name":"Union County","stateAbbrev":"NM","state":"New Mexico","fips":"059","incits":"35059","id":"US.NM.059","population":4370}},{"arcs":[[-2,37,-13,-26,-15,-28,-30]],"type":"Polygon","properties":{"name":"Rio Arriba County","stateAbbrev":"NM","state":"New Mexico","fips":"039","incits":"35039","id":"US.NM.039","population":40072}},{"arcs":[[-31,-19,38,39,40]],"type":"Polygon","properties":{"name":"Bernalillo County","stateAbbrev":"NM","state":"New Mexico","fips":"001","incits":"35001","id":"US.NM.001","population":674221}},{"arcs":[[41,42,43,44,45]],"type":"Polygon","properties":{"name":"Catron County","stateAbbrev":"NM","state":"New Mexico","fips":"003","incits":"35003","id":"US.NM.003","population":3607}},{"arcs":[[46,47,48,49,50,51]],"type":"Polygon","properties":{"name":"Chaves County","stateAbbrev":"NM","state":"New Mexico","fips":"005","incits":"35005","id":"US.NM.005","population":65823}},{"arcs":[[52,53,-32,-41,54,55,-42]],"type":"Polygon","properties":{"name":"Cibola County","stateAbbrev":"NM","state":"New Mexico","fips":"006","incits":"35006","id":"US.NM.006","population":27335}},{"arcs":[[56,57,58]],"type":"Polygon","properties":{"name":"Curry County","stateAbbrev":"NM","state":"New Mexico","fips":"009","incits":"35009","id":"US.NM.009","population":50598}},{"arcs":[[59,60,61,62,-48]],"type":"Polygon","properties":{"name":"De Baca County","stateAbbrev":"NM","state":"New Mexico","fips":"011","incits":"35011","id":"US.NM.011","population":1907}},{"arcs":[[63,64,65,66]],"type":"Polygon","properties":{"name":"Dona Ana County","stateAbbrev":"NM","state":"New Mexico","fips":"013","incits":"35013","id":"US.NM.013","population":213460}},{"arcs":[[-51,67,68,69]],"type":"Polygon","properties":{"name":"Eddy County","stateAbbrev":"NM","state":"New Mexico","fips":"015","incits":"35015","id":"US.NM.015","population":55471}},{"arcs":[[-45,70,71,72,73]],"type":"Polygon","properties":{"name":"Grant County","stateAbbrev":"NM","state":"New Mexico","fips":"017","incits":"35017","id":"US.NM.017","population":29328}},{"arcs":[[74,-24,75,-61,76]],"type":"Polygon","properties":{"name":"Guadalupe County","stateAbbrev":"NM","state":"New Mexico","fips":"019","incits":"35019","id":"US.NM.019","population":4551}},{"arcs":[[-8,77,-36,78,-22,-27]],"type":"Polygon","properties":{"name":"Harding County","stateAbbrev":"NM","state":"New Mexico","fips":"021","incits":"35021","id":"US.NM.021","population":693}},{"arcs":[[-73,79,80]],"type":"Polygon","properties":{"name":"Hidalgo County","stateAbbrev":"NM","state":"New Mexico","fips":"023","incits":"35023","id":"US.NM.023","population":4654}},{"arcs":[[-50,81,82,-68]],"type":"Polygon","properties":{"name":"Lea County","stateAbbrev":"NM","state":"New Mexico","fips":"025","incits":"35025","id":"US.NM.025","population":68062}},{"arcs":[[83,84,-77,-60,-47,85,86]],"type":"Polygon","properties":{"name":"Lincoln County","stateAbbrev":"NM","state":"New Mexico","fips":"027","incits":"35027","id":"US.NM.027","population":20105}},{"arcs":[[87,-67,88,-80,-72]],"type":"Polygon","properties":{"name":"Luna County","stateAbbrev":"NM","state":"New Mexico","fips":"029","incits":"35029","id":"US.NM.029","population":24659}},{"arcs":[[-4,-33,-54,89]],"type":"Polygon","properties":{"name":"McKinley County","stateAbbrev":"NM","state":"New Mexico","fips":"031","incits":"35031","id":"US.NM.031","population":73308}},{"arcs":[[90,-86,-52,-70,91,-65]],"type":"Polygon","properties":{"name":"Otero County","stateAbbrev":"NM","state":"New Mexico","fips":"035","incits":"35035","id":"US.NM.035","population":65616}},{"arcs":[[-23,-79,-35,92,-57,93,-62,-76]],"type":"Polygon","properties":{"name":"Quay County","stateAbbrev":"NM","state":"New Mexico","fips":"037","incits":"35037","id":"US.NM.037","population":8662}},{"arcs":[[-94,-59,94,-82,-49,-63]],"type":"Polygon","properties":{"name":"Roosevelt County","stateAbbrev":"NM","state":"New Mexico","fips":"041","incits":"35041","id":"US.NM.041","population":19955}},{"arcs":[[95,-87,-91,-64,-88,-71,-44]],"type":"Polygon","properties":{"name":"Sierra County","stateAbbrev":"NM","state":"New Mexico","fips":"051","incits":"35051","id":"US.NM.051","population":11572}},{"arcs":[[-56,96,97,-84,-96,-43]],"type":"Polygon","properties":{"name":"Socorro County","stateAbbrev":"NM","state":"New Mexico","fips":"053","incits":"35053","id":"US.NM.053","population":17584}},{"arcs":[[-39,-18,-25,-75,-85,-98,98]],"type":"Polygon","properties":{"name":"Torrance County","stateAbbrev":"NM","state":"New Mexico","fips":"057","incits":"35057","id":"US.NM.057","population":15717}},{"arcs":[[-55,-40,-99,-97]],"type":"Polygon","properties":{"name":"Valencia County","stateAbbrev":"NM","state":"New Mexico","fips":"061","incits":"35061","id":"US.NM.061","population":76284}}]}},"crs":{"type":"name","properties":{"name":"urn:ogc:def:crs:EPSG:4326"}},"ac-tx":{"default":{"crs":"wsg84","scale":91.69184535836031,"xoffset":0,"yoffset":0}}}