{"crs": {"type": "name", "properties": {"name": "urn:ogc:def:crs:EPSG:4326"}}, "type": "FeatureCollection", "features": [{"geometry": {"type": "Polygon", "coordinates": [[[-9998, 3698], [-9948, 3697], [-9947, 3663], [-9951, 3663], [-9998, 3663], [-9998, 3698]]]}, "type": "Feature", "properties": {"name": "Stanton County", "stateAbbrev": "KS", "state": "Kansas", "fips": "187", "incits": "20187", "id": "US.KS.187", "population": 2194}}, {"geometry": {"type": "Polygon", "coordinates": [[[-9573, 3740], [-9540, 3740], [-9519, 3740], [-9519, 3732], [-9519, 3715], [-9573, 3715], [-9573, 3740]]]}, "type": "Feature", "properties": {"name": "Harvey County", "stateAbbrev": "KS", "state": "Kansas", "fips": "079", "incits": "20079", "id": "US.KS.079", "population": 34741}}, {"geometry": {"type": "Polygon", "coordinates": [[[-9595, 3774], [-9595, 3783], [-9540, 3783], [-9540, 3740], [-9573, 3740], [-9594, 3740], [-9595, 3774]]]}, "type": "Feature", "properties": {"name": "McPherson County", "stateAbbrev": "KS", "state": "Kansas", "fips": "113", "incits": "20113", "id": "US.KS.113", "population": 29569}}, {"geometry": {"type": "Polygon", "coordinates": [[[-9583, 3697], [-9572, 3697], [-9573, 3715], [-9519, 3715], [-9519, 3672], [-9583, 3672], [-9583, 3697]]]}, "type": "Feature", "properties": {"name": "Sedgwick County", "stateAbbrev": "KS", "state": "Kansas", "fips": "173", "incits": "20173", "id": "US.KS.173", "population": 505415}}, {"geometry": {"type": "Polygon", "coordinates": [[[-9636, 3663], [-9583, 3663], [-9583, 3625], [-9636, 3625], [-9636, 3663]]]}, "type": "Feature", "properties": {"name": "Harper County", "stateAbbrev": "KS", "state": "Kansas", "fips": "077", "incits": "20077", "id": "US.KS.077", "population": 5860}}, {"geometry": {"type": "Polygon", "coordinates": [[[-9648, 3740], [-9594, 3740], [-9573, 3740], [-9573, 3715], [-9572, 3697], [-9583, 3697], [-9648, 3697], [-9648, 3706], [-9648, 3740]]]}, "type": "Feature", "properties": {"name": "Reno County", "stateAbbrev": "KS", "state": "Kansas", "fips": "155", "incits": "20155", "id": "US.KS.155", "population": 64190}}, {"geometry": {"type": "Polygon", "coordinates": [[[-9315, 3659], [-9271, 3658], [-9271, 3625], [-9315, 3625], [-9315, 3659]]]}, "type": "Feature", "properties": {"name": "Cherokee County", "stateAbbrev": "KS", "state": "Kansas", "fips": "021", "incits": "20021", "id": "US.KS.021", "population": 20978}}, {"geometry": {"type": "Polygon", "coordinates": [[[-9871, 3877], [-9870, 3919], [-9815, 3919], [-9816, 3877], [-9869, 3877], [-9871, 3877]]]}, "type": "Feature", "properties": {"name": "Decatur County", "stateAbbrev": "KS", "state": "Kansas", "fips": "039", "incits": "20039", "id": "US.KS.039", "population": 2930}}, {"geometry": {"type": "Polygon", "coordinates": [[[-9759, 3791], [-9758, 3834], [-9705, 3834], [-9704, 3834], [-9704, 3792], [-9757, 3791], [-9759, 3791]]]}, "type": "Feature", "properties": {"name": "Ellis County", "stateAbbrev": "KS", "state": "Kansas", "fips": "051", "incits": "20051", "id": "US.KS.051", "population": 29061}}, {"geometry": {"type": "Polygon", "coordinates": [[[-9316, 3727], [-9315, 3761], [-9270, 3761], [-9270, 3727], [-9316, 3727]]]}, "type": "Feature", "properties": {"name": "Linn County", "stateAbbrev": "KS", "state": "Kansas", "fips": "107", "incits": "20107", "id": "US.KS.107", "population": 9516}}, {"geometry": {"type": "Polygon", "coordinates": [[[-9650, 3843], [-9650, 3877], [-9595, 3877], [-9595, 3851], [-9595, 3843], [-9650, 3843]]]}, "type": "Feature", "properties": {"name": "Mitchell County", "stateAbbrev": "KS", "state": "Kansas", "fips": "123", "incits": "20123", "id": "US.KS.123", "population": 6378}}, {"geometry": {"type": "Polygon", "coordinates": [[[-9385, 3885], [-9385, 3919], [-9341, 3919], [-9341, 3885], [-9363, 3885], [-9385, 3885]]]}, "type": "Feature", "properties": {"name": "Brown County", "stateAbbrev": "KS", "state": "Kansas", "fips": "013", "incits": "20013", "id": "US.KS.013", "population": 9997}}, {"geometry": {"type": "Polygon", "coordinates": [[[-9364, 3862], [-9363, 3885], [-9341, 3885], [-9319, 3885], [-9313, 3881], [-9318, 3874], [-9305, 3862], [-9326, 3862], [-9364, 3862]]]}, "type": "Feature", "properties": {"name": "Atchison County", "stateAbbrev": "KS", "state": "Kansas", "fips": "005", "incits": "20005", "id": "US.KS.005", "population": 16749}}, {"geometry": {"type": "Polygon", "coordinates": [[[-9707, 3877], [-9707, 3919], [-9651, 3919], [-9652, 3877], [-9704, 3877], [-9707, 3877]]]}, "type": "Feature", "properties": {"name": "Smith County", "stateAbbrev": "KS", "state": "Kansas", "fips": "183", "incits": "20183", "id": "US.KS.183", "population": 3706}}, {"geometry": {"type": "Polygon", "coordinates": [[[-9540, 3834], [-9540, 3851], [-9540, 3877], [-9500, 3877], [-9500, 3843], [-9500, 3834], [-9540, 3834]]]}, "type": "Feature", "properties": {"name": "Clay County", "stateAbbrev": "KS", "state": "Kansas", "fips": "027", "incits": "20027", "id": "US.KS.027", "population": 8406}}, {"geometry": {"type": "Polygon", "coordinates": [[[-9761, 3919], [-9707, 3919], [-9707, 3877], [-9759, 3877], [-9762, 3877], [-9761, 3919]]]}, "type": "Feature", "properties": {"name": "Phillips County", "stateAbbrev": "KS", "state": "Kansas", "fips": "147", "incits": "20147", "id": "US.KS.147", "population": 5540}}, {"geometry": {"type": "Polygon", "coordinates": [[[-9497, 3783], [-9497, 3803], [-9493, 3808], [-9455, 3809], [-9444, 3804], [-9441, 3796], [-9441, 3774], [-9486, 3775], [-9497, 3775], [-9497, 3783]]]}, "type": "Feature", "properties": {"name": "Morris County", "stateAbbrev": "KS", "state": "Kansas", "fips": "127", "incits": "20127", "id": "US.KS.127", "population": 5741}}, {"geometry": {"type": "Polygon", "coordinates": [[[-9949, 3749], [-9908, 3749], [-9906, 3749], [-9906, 3706], [-9905, 3697], [-9948, 3697], [-9949, 3706], [-9949, 3749]]]}, "type": "Feature", "properties": {"name": "Kearny County", "stateAbbrev": "KS", "state": "Kansas", "fips": "093", "incits": "20093", "id": "US.KS.093", "population": 3923}}, {"geometry": {"type": "Polygon", "coordinates": [[[-9316, 3727], [-9270, 3727], [-9271, 3691], [-9317, 3691], [-9317, 3697], [-9316, 3727]]]}, "type": "Feature", "properties": {"name": "Bourbon County", "stateAbbrev": "KS", "state": "Kansas", "fips": "011", "incits": "20011", "id": "US.KS.011", "population": 14852}}, {"geometry": {"type": "Polygon", "coordinates": [[[-9458, 3655], [-9458, 3672], [-9458, 3685], [-9402, 3684], [-9402, 3663], [-9402, 3655], [-9458, 3655]]]}, "type": "Feature", "properties": {"name": "Elk County", "stateAbbrev": "KS", "state": "Kansas", "fips": "049", "incits": "20049", "id": "US.KS.049", "population": 2655}}, {"geometry": {"type": "Polygon", "coordinates": [[[-9820, 3715], [-9820, 3723], [-9820, 3749], [-9757, 3749], [-9756, 3732], [-9756, 3715], [-9820, 3715]]]}, "type": "Feature", "properties": {"name": "Hodgeman County", "stateAbbrev": "KS", "state": "Kansas", "fips": "083", "incits": "20083", "id": "US.KS.083", "population": 1950}}, {"geometry": {"type": "Polygon", "coordinates": [[[-9862, 3672], [-9819, 3672], [-9808, 3672], [-9807, 3663], [-9807, 3625], [-9860, 3625], [-9862, 3663], [-9862, 3672]]]}, "type": "Feature", "properties": {"name": "Meade County", "stateAbbrev": "KS", "state": "Kansas", "fips": "119", "incits": "20119", "id": "US.KS.119", "population": 4343}}, {"geometry": {"type": "Polygon", "coordinates": [[[-9359, 3727], [-9358, 3761], [-9315, 3761], [-9316, 3727], [-9359, 3727]]]}, "type": "Feature", "properties": {"name": "Anderson County", "stateAbbrev": "KS", "state": "Kansas", "fips": "003", "incits": "20003", "id": "US.KS.003", "population": 7897}}, {"geometry": {"type": "Polygon", "coordinates": [[[-9756, 3732], [-9734, 3732], [-9734, 3723], [-9702, 3723], [-9701, 3706], [-9701, 3697], [-9755, 3697], [-9756, 3715], [-9756, 3732]]]}, "type": "Feature", "properties": {"name": "Edwards County", "stateAbbrev": "KS", "state": "Kansas", "fips": "047", "incits": "20047", "id": "US.KS.047", "population": 2945}}, {"geometry": {"type": "Polygon", "coordinates": [[[-9952, 3792], [-9943, 3792], [-9909, 3792], [-9908, 3749], [-9949, 3749], [-9951, 3749], [-9952, 3792]]]}, "type": "Feature", "properties": {"name": "Wichita County", "stateAbbrev": "KS", "state": "Kansas", "fips": "203", "incits": "20203", "id": "US.KS.203", "population": 2192}}, {"geometry": {"type": "Polygon", "coordinates": [[[-9649, 3749], [-9649, 3774], [-9595, 3774], [-9594, 3740], [-9648, 3740], [-9649, 3749]]]}, "type": "Feature", "properties": {"name": "Rice County", "stateAbbrev": "KS", "state": "Kansas", "fips": "159", "incits": "20159", "id": "US.KS.159", "population": 10011}}, {"geometry": {"type": "Polygon", "coordinates": [[[-9934, 3834], [-9934, 3877], [-9871, 3877], [-9869, 3877], [-9869, 3834], [-9878, 3834], [-9934, 3834]]]}, "type": "Feature", "properties": {"name": "Thomas County", "stateAbbrev": "KS", "state": "Kansas", "fips": "193", "incits": "20193", "id": "US.KS.193", "population": 7948}}, {"geometry": {"type": "Polygon", "coordinates": [[[-9702, 3723], [-9692, 3723], [-9692, 3749], [-9649, 3749], [-9648, 3740], [-9648, 3706], [-9701, 3706], [-9702, 3723]]]}, "type": "Feature", "properties": {"name": "Stafford County", "stateAbbrev": "KS", "state": "Kansas", "fips": "185", "incits": "20185", "id": "US.KS.185", "population": 4359}}, {"geometry": {"type": "Polygon", "coordinates": [[[-9816, 3877], [-9815, 3919], [-9761, 3919], [-9762, 3877], [-9814, 3877], [-9816, 3877]]]}, "type": "Feature", "properties": {"name": "Norton County", "stateAbbrev": "KS", "state": "Kansas", "fips": "137", "incits": "20137", "id": "US.KS.137", "population": 5622}}, {"geometry": {"type": "Polygon", "coordinates": [[[-9948, 3697], [-9905, 3697], [-9905, 3663], [-9947, 3663], [-9948, 3697]]]}, "type": "Feature", "properties": {"name": "Grant County", "stateAbbrev": "KS", "state": "Kansas", "fips": "067", "incits": "20067", "id": "US.KS.067", "population": 7950}}, {"geometry": {"type": "Polygon", "coordinates": [[[-9458, 3625], [-9458, 3655], [-9402, 3655], [-9403, 3625], [-9458, 3625]]]}, "type": "Feature", "properties": {"name": "Chautauqua County", "stateAbbrev": "KS", "state": "Kansas", "fips": "019", "incits": "20019", "id": "US.KS.019", "population": 3552}}, {"geometry": {"type": "Polygon", "coordinates": [[[-9999, 3834], [-9943, 3834], [-9943, 3792], [-9952, 3792], [-9998, 3791], [-9999, 3834]]]}, "type": "Feature", "properties": {"name": "Wallace County", "stateAbbrev": "KS", "state": "Kansas", "fips": "199", "incits": "20199", "id": "US.KS.199", "population": 1569}}, {"geometry": {"type": "Polygon", "coordinates": [[[-9759, 3834], [-9759, 3877], [-9707, 3877], [-9704, 3877], [-9705, 3834], [-9758, 3834], [-9759, 3834]]]}, "type": "Feature", "properties": {"name": "Rooks County", "stateAbbrev": "KS", "state": "Kansas", "fips": "163", "incits": "20163", "id": "US.KS.163", "population": 5190}}, {"geometry": {"type": "Polygon", "coordinates": [[[-9410, 3877], [-9385, 3877], [-9385, 3885], [-9363, 3885], [-9364, 3862], [-9366, 3842], [-9410, 3842], [-9410, 3877]]]}, "type": "Feature", "properties": {"name": "Jackson County", "stateAbbrev": "KS", "state": "Kansas", "fips": "085", "incits": "20085", "id": "US.KS.085", "population": 13366}}, {"geometry": {"type": "Polygon", "coordinates": [[[-9998, 3663], [-9951, 3663], [-9950, 3625], [-9998, 3625], [-9998, 3663]]]}, "type": "Feature", "properties": {"name": "Morton County", "stateAbbrev": "KS", "state": "Kansas", "fips": "129", "incits": "20129", "id": "US.KS.129", "population": 3143}}, {"geometry": {"type": "Polygon", "coordinates": [[[-9998, 3749], [-9951, 3749], [-9949, 3749], [-9949, 3706], [-9948, 3697], [-9998, 3698], [-9998, 3749]]]}, "type": "Feature", "properties": {"name": "Hamilton County", "stateAbbrev": "KS", "state": "Kansas", "fips": "075", "incits": "20075", "id": "US.KS.075", "population": 2609}}, {"geometry": {"type": "Polygon", "coordinates": [[[-9455, 3809], [-9455, 3825], [-9444, 3825], [-9444, 3838], [-9429, 3842], [-9414, 3840], [-9410, 3833], [-9401, 3831], [-9401, 3808], [-9401, 3796], [-9441, 3796], [-9444, 3804], [-9455, 3809]]]}, "type": "Feature", "properties": {"name": "Wabaunsee County", "stateAbbrev": "KS", "state": "Kansas", "fips": "197", "incits": "20197", "id": "US.KS.197", "population": 7051}}, {"geometry": {"type": "Polygon", "coordinates": [[[-9500, 3843], [-9500, 3877], [-9485, 3877], [-9463, 3877], [-9477, 3861], [-9469, 3850], [-9455, 3838], [-9444, 3838], [-9444, 3825], [-9455, 3825], [-9455, 3828], [-9489, 3830], [-9489, 3843], [-9500, 3843]]]}, "type": "Feature", "properties": {"name": "Riley County", "stateAbbrev": "KS", "state": "Kansas", "fips": "161", "incits": "20161", "id": "US.KS.161", "population": 75394}}, {"geometry": {"type": "Polygon", "coordinates": [[[-9820, 3723], [-9820, 3715], [-9819, 3672], [-9862, 3672], [-9862, 3697], [-9863, 3723], [-9820, 3723]]]}, "type": "Feature", "properties": {"name": "Gray County", "stateAbbrev": "KS", "state": "Kansas", "fips": "069", "incits": "20069", "id": "US.KS.069", "population": 6009}}, {"geometry": {"type": "Polygon", "coordinates": [[[-9595, 3885], [-9595, 3919], [-9540, 3919], [-9540, 3885], [-9595, 3885]]]}, "type": "Feature", "properties": {"name": "Republic County", "stateAbbrev": "KS", "state": "Kansas", "fips": "157", "incits": "20157", "id": "US.KS.157", "population": 4820}}, {"geometry": {"type": "Polygon", "coordinates": [[[-9936, 3877], [-9936, 3919], [-9870, 3919], [-9871, 3877], [-9934, 3877], [-9936, 3877]]]}, "type": "Feature", "properties": {"name": "Rawlins County", "stateAbbrev": "KS", "state": "Kansas", "fips": "153", "incits": "20153", "id": "US.KS.153", "population": 2589}}, {"geometry": {"type": "Polygon", "coordinates": [[[-9703, 3792], [-9650, 3791], [-9649, 3774], [-9649, 3749], [-9692, 3749], [-9703, 3749], [-9703, 3757], [-9703, 3792]]]}, "type": "Feature", "properties": {"name": "Barton County", "stateAbbrev": "KS", "state": "Kansas", "fips": "009", "incits": "20009", "id": "US.KS.009", "population": 27509}}, {"geometry": {"type": "Polygon", "coordinates": [[[-9519, 3672], [-9458, 3672], [-9458, 3655], [-9458, 3625], [-9518, 3625], [-9519, 3672]]]}, "type": "Feature", "properties": {"name": "Cowley County", "stateAbbrev": "KS", "state": "Kansas", "fips": "035", "incits": "20035", "id": "US.KS.035", "population": 36204}}, {"geometry": {"type": "Polygon", "coordinates": [[[-9541, 3817], [-9540, 3834], [-9500, 3834], [-9500, 3819], [-9493, 3808], [-9497, 3803], [-9497, 3783], [-9540, 3783], [-9541, 3817]]]}, "type": "Feature", "properties": {"name": "Dickinson County", "stateAbbrev": "KS", "state": "Kansas", "fips": "041", "incits": "20041", "id": "US.KS.041", "population": 19609}}, {"geometry": {"type": "Polygon", "coordinates": [[[-9704, 3877], [-9652, 3877], [-9650, 3877], [-9650, 3843], [-9650, 3834], [-9704, 3834], [-9705, 3834], [-9704, 3877]]]}, "type": "Feature", "properties": {"name": "Osborne County", "stateAbbrev": "KS", "state": "Kansas", "fips": "141", "incits": "20141", "id": "US.KS.141", "population": 3818}}, {"geometry": {"type": "Polygon", "coordinates": [[[-9943, 3792], [-9943, 3834], [-9934, 3834], [-9878, 3834], [-9878, 3792], [-9909, 3792], [-9943, 3792]]]}, "type": "Feature", "properties": {"name": "Logan County", "stateAbbrev": "KS", "state": "Kansas", "fips": "109", "incits": "20109", "id": "US.KS.109", "population": 2798}}, {"geometry": {"type": "Polygon", "coordinates": [[[-9360, 3697], [-9359, 3727], [-9316, 3727], [-9317, 3697], [-9360, 3697]]]}, "type": "Feature", "properties": {"name": "Allen County", "stateAbbrev": "KS", "state": "Kansas", "fips": "001", "incits": "20001", "id": "US.KS.001", "population": 13124}}, {"geometry": {"type": "Polygon", "coordinates": [[[-9458, 3685], [-9457, 3732], [-9441, 3732], [-9441, 3740], [-9402, 3740], [-9402, 3727], [-9402, 3697], [-9402, 3684], [-9458, 3685]]]}, "type": "Feature", "properties": {"name": "Greenwood County", "stateAbbrev": "KS", "state": "Kansas", "fips": "073", "incits": "20073", "id": "US.KS.073", "population": 6424}}, {"geometry": {"type": "Polygon", "coordinates": [[[-9357, 3827], [-9342, 3824], [-9326, 3826], [-9324, 3819], [-9314, 3819], [-9314, 3796], [-9357, 3796], [-9357, 3808], [-9357, 3827]]]}, "type": "Feature", "properties": {"name": "Douglas County", "stateAbbrev": "KS", "state": "Kansas", "fips": "045", "incits": "20045", "id": "US.KS.045", "population": 114322}}, {"geometry": {"type": "Polygon", "coordinates": [[[-9757, 3757], [-9703, 3757], [-9703, 3749], [-9692, 3749], [-9692, 3723], [-9702, 3723], [-9734, 3723], [-9734, 3732], [-9756, 3732], [-9757, 3749], [-9757, 3757]]]}, "type": "Feature", "properties": {"name": "Pawnee County", "stateAbbrev": "KS", "state": "Kansas", "fips": "145", "incits": "20145", "id": "US.KS.145", "population": 6971}}, {"geometry": {"type": "Polygon", "coordinates": [[[-9401, 3766], [-9358, 3766], [-9358, 3761], [-9359, 3727], [-9402, 3727], [-9402, 3740], [-9401, 3766]]]}, "type": "Feature", "properties": {"name": "Coffey County", "stateAbbrev": "KS", "state": "Kansas", "fips": "031", "incits": "20031", "id": "US.KS.031", "population": 8412}}, {"geometry": {"type": "Polygon", "coordinates": [[[-9519, 3732], [-9488, 3732], [-9457, 3732], [-9458, 3685], [-9458, 3672], [-9519, 3672], [-9519, 3715], [-9519, 3732]]]}, "type": "Feature", "properties": {"name": "Butler County", "stateAbbrev": "KS", "state": "Kansas", "fips": "015", "incits": "20015", "id": "US.KS.015", "population": 65803}}, {"geometry": {"type": "Polygon", "coordinates": [[[-9540, 3919], [-9485, 3919], [-9485, 3877], [-9500, 3877], [-9540, 3877], [-9540, 3885], [-9540, 3919]]]}, "type": "Feature", "properties": {"name": "Washington County", "stateAbbrev": "KS", "state": "Kansas", "fips": "201", "incits": "20201", "id": "US.KS.201", "population": 5629}}, {"geometry": {"type": "Polygon", "coordinates": [[[-9441, 3740], [-9441, 3774], [-9441, 3796], [-9401, 3796], [-9401, 3766], [-9402, 3740], [-9441, 3740]]]}, "type": "Feature", "properties": {"name": "Lyon County", "stateAbbrev": "KS", "state": "Kansas", "fips": "111", "incits": "20111", "id": "US.KS.111", "population": 33510}}, {"geometry": {"type": "Polygon", "coordinates": [[[-9341, 3919], [-9312, 3906], [-9297, 3903], [-9313, 3881], [-9319, 3885], [-9341, 3885], [-9341, 3919]]]}, "type": "Feature", "properties": {"name": "Doniphan County", "stateAbbrev": "KS", "state": "Kansas", "fips": "043", "incits": "20043", "id": "US.KS.043", "population": 7851}}, {"geometry": {"type": "Polygon", "coordinates": [[[-9865, 3792], [-9822, 3792], [-9822, 3749], [-9865, 3749], [-9865, 3792]]]}, "type": "Feature", "properties": {"name": "Lane County", "stateAbbrev": "KS", "state": "Kansas", "fips": "101", "incits": "20101", "id": "US.KS.101", "population": 1720}}, {"geometry": {"type": "Polygon", "coordinates": [[[-9500, 3834], [-9500, 3843], [-9489, 3843], [-9489, 3830], [-9455, 3828], [-9455, 3825], [-9455, 3809], [-9493, 3808], [-9500, 3819], [-9500, 3834]]]}, "type": "Feature", "properties": {"name": "Geary County", "stateAbbrev": "KS", "state": "Kansas", "fips": "061", "incits": "20061", "id": "US.KS.061", "population": 37384}}, {"geometry": {"type": "Polygon", "coordinates": [[[-9808, 3672], [-9754, 3671], [-9753, 3663], [-9753, 3625], [-9807, 3625], [-9807, 3663], [-9808, 3672]]]}, "type": "Feature", "properties": {"name": "Clark County", "stateAbbrev": "KS", "state": "Kansas", "fips": "025", "incits": "20025", "id": "US.KS.025", "population": 2193}}, {"geometry": {"type": "Polygon", "coordinates": [[[-9999, 3877], [-9936, 3877], [-9934, 3877], [-9934, 3834], [-9943, 3834], [-9999, 3834], [-9999, 3877]]]}, "type": "Feature", "properties": {"name": "Sherman County", "stateAbbrev": "KS", "state": "Kansas", "fips": "181", "incits": "20181", "id": "US.KS.181", "population": 6115}}, {"geometry": {"type": "Polygon", "coordinates": [[[-9463, 3877], [-9430, 3877], [-9410, 3877], [-9410, 3842], [-9410, 3833], [-9414, 3840], [-9429, 3842], [-9444, 3838], [-9455, 3838], [-9469, 3850], [-9477, 3861], [-9463, 3877]]]}, "type": "Feature", "properties": {"name": "Pottawatomie County", "stateAbbrev": "KS", "state": "Kansas", "fips": "149", "incits": "20149", "id": "US.KS.149", "population": 22691}}, {"geometry": {"type": "Polygon", "coordinates": [[[-9820, 3715], [-9756, 3715], [-9755, 3697], [-9754, 3671], [-9808, 3672], [-9819, 3672], [-9820, 3715]]]}, "type": "Feature", "properties": {"name": "Ford County", "stateAbbrev": "KS", "state": "Kansas", "fips": "057", "incits": "20057", "id": "US.KS.057", "population": 34819}}, {"geometry": {"type": "Polygon", "coordinates": [[[-9359, 3625], [-9359, 3663], [-9317, 3663], [-9315, 3659], [-9315, 3625], [-9359, 3625]]]}, "type": "Feature", "properties": {"name": "Labette County", "stateAbbrev": "KS", "state": "Kansas", "fips": "099", "incits": "20099", "id": "US.KS.099", "population": 20916}}, {"geometry": {"type": "Polygon", "coordinates": [[[-9402, 3663], [-9402, 3684], [-9402, 3697], [-9360, 3697], [-9360, 3663], [-9402, 3663]]]}, "type": "Feature", "properties": {"name": "Wilson County", "stateAbbrev": "KS", "state": "Kansas", "fips": "205", "incits": "20205", "id": "US.KS.205", "population": 9105}}, {"geometry": {"type": "Polygon", "coordinates": [[[-9822, 3792], [-9813, 3791], [-9759, 3791], [-9757, 3791], [-9757, 3757], [-9757, 3749], [-9820, 3749], [-9822, 3749], [-9822, 3792]]]}, "type": "Feature", "properties": {"name": "Ness County", "stateAbbrev": "KS", "state": "Kansas", "fips": "135", "incits": "20135", "id": "US.KS.135", "population": 3073}}, {"geometry": {"type": "Polygon", "coordinates": [[[-9936, 3919], [-9936, 3877], [-9999, 3877], [-9999, 3919], [-9936, 3919]]]}, "type": "Feature", "properties": {"name": "Cheyenne County", "stateAbbrev": "KS", "state": "Kansas", "fips": "023", "incits": "20023", "id": "US.KS.023", "population": 2694}}, {"geometry": {"type": "Polygon", "coordinates": [[[-9410, 3833], [-9410, 3842], [-9366, 3842], [-9366, 3827], [-9357, 3827], [-9357, 3808], [-9401, 3808], [-9401, 3831], [-9410, 3833]]]}, "type": "Feature", "properties": {"name": "Shawnee County", "stateAbbrev": "KS", "state": "Kansas", "fips": "177", "incits": "20177", "id": "US.KS.177", "population": 178831}}, {"geometry": {"type": "Polygon", "coordinates": [[[-9701, 3697], [-9701, 3706], [-9648, 3706], [-9648, 3697], [-9648, 3671], [-9701, 3671], [-9701, 3697]]]}, "type": "Feature", "properties": {"name": "Pratt County", "stateAbbrev": "KS", "state": "Kansas", "fips": "151", "incits": "20151", "id": "US.KS.151", "population": 9878}}, {"geometry": {"type": "Polygon", "coordinates": [[[-9317, 3691], [-9271, 3691], [-9271, 3658], [-9315, 3659], [-9317, 3663], [-9317, 3691]]]}, "type": "Feature", "properties": {"name": "Crawford County", "stateAbbrev": "KS", "state": "Kansas", "fips": "037", "incits": "20037", "id": "US.KS.037", "population": 39278}}, {"geometry": {"type": "Polygon", "coordinates": [[[-9998, 3791], [-9952, 3792], [-9951, 3749], [-9998, 3749], [-9998, 3791]]]}, "type": "Feature", "properties": {"name": "Greeley County", "stateAbbrev": "KS", "state": "Kansas", "fips": "071", "incits": "20071", "id": "US.KS.071", "population": 1290}}, {"geometry": {"type": "Polygon", "coordinates": [[[-9701, 3671], [-9648, 3671], [-9648, 3663], [-9636, 3663], [-9636, 3625], [-9700, 3625], [-9701, 3663], [-9701, 3671]]]}, "type": "Feature", "properties": {"name": "Barber County", "stateAbbrev": "KS", "state": "Kansas", "fips": "007", "incits": "20007", "id": "US.KS.007", "population": 4947}}, {"geometry": {"type": "Polygon", "coordinates": [[[-9595, 3817], [-9541, 3817], [-9540, 3783], [-9595, 3783], [-9595, 3817]]]}, "type": "Feature", "properties": {"name": "Saline County", "stateAbbrev": "KS", "state": "Kansas", "fips": "169", "incits": "20169", "id": "US.KS.169", "population": 55740}}, {"geometry": {"type": "Polygon", "coordinates": [[[-9595, 3877], [-9595, 3885], [-9540, 3885], [-9540, 3877], [-9540, 3851], [-9595, 3851], [-9595, 3877]]]}, "type": "Feature", "properties": {"name": "Cloud County", "stateAbbrev": "KS", "state": "Kansas", "fips": "029", "incits": "20029", "id": "US.KS.029", "population": 9292}}, {"geometry": {"type": "Polygon", "coordinates": [[[-9906, 3749], [-9865, 3749], [-9822, 3749], [-9820, 3749], [-9820, 3723], [-9863, 3723], [-9862, 3697], [-9905, 3697], [-9906, 3706], [-9906, 3749]]]}, "type": "Feature", "properties": {"name": "Finney County", "stateAbbrev": "KS", "state": "Kansas", "fips": "055", "incits": "20055", "id": "US.KS.055", "population": 37098}}, {"geometry": {"type": "Polygon", "coordinates": [[[-9869, 3877], [-9816, 3877], [-9814, 3877], [-9814, 3834], [-9869, 3834], [-9869, 3877]]]}, "type": "Feature", "properties": {"name": "Sheridan County", "stateAbbrev": "KS", "state": "Kansas", "fips": "179", "incits": "20179", "id": "US.KS.179", "population": 2553}}, {"geometry": {"type": "Polygon", "coordinates": [[[-9315, 3761], [-9314, 3796], [-9270, 3795], [-9270, 3761], [-9315, 3761]]]}, "type": "Feature", "properties": {"name": "Miami County", "stateAbbrev": "KS", "state": "Kansas", "fips": "121", "incits": "20121", "id": "US.KS.121", "population": 32835}}, {"geometry": {"type": "Polygon", "coordinates": [[[-9813, 3791], [-9813, 3834], [-9759, 3834], [-9758, 3834], [-9759, 3791], [-9813, 3791]]]}, "type": "Feature", "properties": {"name": "Trego County", "stateAbbrev": "KS", "state": "Kansas", "fips": "195", "incits": "20195", "id": "US.KS.195", "population": 2980}}, {"geometry": {"type": "Polygon", "coordinates": [[[-9540, 3783], [-9497, 3783], [-9497, 3775], [-9486, 3775], [-9489, 3757], [-9488, 3732], [-9519, 3732], [-9519, 3740], [-9540, 3740], [-9540, 3783]]]}, "type": "Feature", "properties": {"name": "Marion County", "stateAbbrev": "KS", "state": "Kansas", "fips": "115", "incits": "20115", "id": "US.KS.115", "population": 12219}}, {"geometry": {"type": "Polygon", "coordinates": [[[-9753, 3663], [-9701, 3663], [-9700, 3625], [-9753, 3625], [-9753, 3663]]]}, "type": "Feature", "properties": {"name": "Comanche County", "stateAbbrev": "KS", "state": "Kansas", "fips": "033", "incits": "20033", "id": "US.KS.033", "population": 1955}}, {"geometry": {"type": "Polygon", "coordinates": [[[-9905, 3697], [-9862, 3697], [-9862, 3672], [-9862, 3663], [-9903, 3663], [-9905, 3663], [-9905, 3697]]]}, "type": "Feature", "properties": {"name": "Haskell County", "stateAbbrev": "KS", "state": "Kansas", "fips": "081", "incits": "20081", "id": "US.KS.081", "population": 4141}}, {"geometry": {"type": "Polygon", "coordinates": [[[-9652, 3877], [-9651, 3919], [-9595, 3919], [-9595, 3885], [-9595, 3877], [-9650, 3877], [-9652, 3877]]]}, "type": "Feature", "properties": {"name": "Jewell County", "stateAbbrev": "KS", "state": "Kansas", "fips": "089", "incits": "20089", "id": "US.KS.089", "population": 3046}}, {"geometry": {"type": "Polygon", "coordinates": [[[-9757, 3757], [-9757, 3791], [-9704, 3792], [-9703, 3792], [-9703, 3757], [-9757, 3757]]]}, "type": "Feature", "properties": {"name": "Rush County", "stateAbbrev": "KS", "state": "Kansas", "fips": "165", "incits": "20165", "id": "US.KS.165", "population": 3186}}, {"geometry": {"type": "Polygon", "coordinates": [[[-9326, 3862], [-9305, 3862], [-9298, 3850], [-9286, 3841], [-9298, 3841], [-9299, 3820], [-9314, 3819], [-9324, 3819], [-9326, 3826], [-9326, 3862]]]}, "type": "Feature", "properties": {"name": "Leavenworth County", "stateAbbrev": "KS", "state": "Kansas", "fips": "103", "incits": "20103", "id": "US.KS.103", "population": 78185}}, {"geometry": {"type": "Polygon", "coordinates": [[[-9314, 3819], [-9299, 3820], [-9297, 3826], [-9270, 3826], [-9270, 3795], [-9314, 3796], [-9314, 3819]]]}, "type": "Feature", "properties": {"name": "Johnson County", "stateAbbrev": "KS", "state": "Kansas", "fips": "091", "incits": "20091", "id": "US.KS.091", "population": 566933}}, {"geometry": {"type": "Polygon", "coordinates": [[[-9878, 3792], [-9878, 3834], [-9869, 3834], [-9814, 3834], [-9813, 3834], [-9813, 3791], [-9822, 3792], [-9865, 3792], [-9878, 3792]]]}, "type": "Feature", "properties": {"name": "Gove County", "stateAbbrev": "KS", "state": "Kansas", "fips": "063", "incits": "20063", "id": "US.KS.063", "population": 2769}}, {"geometry": {"type": "Polygon", "coordinates": [[[-9648, 3671], [-9648, 3697], [-9583, 3697], [-9583, 3672], [-9583, 3663], [-9636, 3663], [-9648, 3663], [-9648, 3671]]]}, "type": "Feature", "properties": {"name": "Kingman County", "stateAbbrev": "KS", "state": "Kansas", "fips": "095", "incits": "20095", "id": "US.KS.095", "population": 7844}}, {"geometry": {"type": "Polygon", "coordinates": [[[-9903, 3663], [-9862, 3663], [-9860, 3625], [-9903, 3625], [-9903, 3663]]]}, "type": "Feature", "properties": {"name": "Seward County", "stateAbbrev": "KS", "state": "Kansas", "fips": "175", "incits": "20175", "id": "US.KS.175", "population": 23390}}, {"geometry": {"type": "Polygon", "coordinates": [[[-9814, 3834], [-9814, 3877], [-9762, 3877], [-9759, 3877], [-9759, 3834], [-9813, 3834], [-9814, 3834]]]}, "type": "Feature", "properties": {"name": "Graham County", "stateAbbrev": "KS", "state": "Kansas", "fips": "065", "incits": "20065", "id": "US.KS.065", "population": 2593}}, {"geometry": {"type": "Polygon", "coordinates": [[[-9401, 3766], [-9401, 3796], [-9401, 3808], [-9357, 3808], [-9357, 3796], [-9358, 3766], [-9401, 3766]]]}, "type": "Feature", "properties": {"name": "Osage County", "stateAbbrev": "KS", "state": "Kansas", "fips": "139", "incits": "20139", "id": "US.KS.139", "population": 16142}}, {"geometry": {"type": "Polygon", "coordinates": [[[-9704, 3792], [-9704, 3834], [-9650, 3834], [-9649, 3834], [-9650, 3813], [-9650, 3812], [-9650, 3791], [-9703, 3792], [-9704, 3792]]]}, "type": "Feature", "properties": {"name": "Russell County", "stateAbbrev": "KS", "state": "Kansas", "fips": "167", "incits": "20167", "id": "US.KS.167", "population": 6933}}, {"geometry": {"type": "Polygon", "coordinates": [[[-9360, 3663], [-9360, 3697], [-9317, 3697], [-9317, 3691], [-9317, 3663], [-9359, 3663], [-9360, 3663]]]}, "type": "Feature", "properties": {"name": "Neosho County", "stateAbbrev": "KS", "state": "Kansas", "fips": "133", "incits": "20133", "id": "US.KS.133", "population": 16430}}, {"geometry": {"type": "Polygon", "coordinates": [[[-9650, 3791], [-9650, 3809], [-9595, 3809], [-9595, 3783], [-9595, 3774], [-9649, 3774], [-9650, 3791]]]}, "type": "Feature", "properties": {"name": "Ellsworth County", "stateAbbrev": "KS", "state": "Kansas", "fips": "053", "incits": "20053", "id": "US.KS.053", "population": 6398}}, {"geometry": {"type": "Polygon", "coordinates": [[[-9402, 3697], [-9402, 3727], [-9359, 3727], [-9360, 3697], [-9402, 3697]]]}, "type": "Feature", "properties": {"name": "Woodson County", "stateAbbrev": "KS", "state": "Kansas", "fips": "207", "incits": "20207", "id": "US.KS.207", "population": 3221}}, {"geometry": {"type": "Polygon", "coordinates": [[[-9583, 3663], [-9583, 3672], [-9519, 3672], [-9518, 3625], [-9583, 3625], [-9583, 3663]]]}, "type": "Feature", "properties": {"name": "Sumner County", "stateAbbrev": "KS", "state": "Kansas", "fips": "191", "incits": "20191", "id": "US.KS.191", "population": 23591}}, {"geometry": {"type": "Polygon", "coordinates": [[[-9650, 3843], [-9595, 3843], [-9595, 3817], [-9595, 3809], [-9650, 3809], [-9650, 3812], [-9650, 3813], [-9649, 3834], [-9650, 3834], [-9650, 3843]]]}, "type": "Feature", "properties": {"name": "Lincoln County", "stateAbbrev": "KS", "state": "Kansas", "fips": "105", "incits": "20105", "id": "US.KS.105", "population": 3147}}, {"geometry": {"type": "Polygon", "coordinates": [[[-9357, 3796], [-9314, 3796], [-9315, 3761], [-9358, 3761], [-9358, 3766], [-9357, 3796]]]}, "type": "Feature", "properties": {"name": "Franklin County", "stateAbbrev": "KS", "state": "Kansas", "fips": "059", "incits": "20059", "id": "US.KS.059", "population": 25740}}, {"geometry": {"type": "Polygon", "coordinates": [[[-9909, 3792], [-9878, 3792], [-9865, 3792], [-9865, 3749], [-9906, 3749], [-9908, 3749], [-9909, 3792]]]}, "type": "Feature", "properties": {"name": "Scott County", "stateAbbrev": "KS", "state": "Kansas", "fips": "171", "incits": "20171", "id": "US.KS.171", "population": 5035}}, {"geometry": {"type": "Polygon", "coordinates": [[[-9403, 3625], [-9402, 3655], [-9402, 3663], [-9360, 3663], [-9359, 3663], [-9359, 3625], [-9403, 3625]]]}, "type": "Feature", "properties": {"name": "Montgomery County", "stateAbbrev": "KS", "state": "Kansas", "fips": "125", "incits": "20125", "id": "US.KS.125", "population": 34292}}, {"geometry": {"type": "Polygon", "coordinates": [[[-9430, 3877], [-9429, 3919], [-9385, 3919], [-9385, 3885], [-9385, 3877], [-9410, 3877], [-9430, 3877]]]}, "type": "Feature", "properties": {"name": "Nemaha County", "stateAbbrev": "KS", "state": "Kansas", "fips": "131", "incits": "20131", "id": "US.KS.131", "population": 10161}}, {"geometry": {"type": "Polygon", "coordinates": [[[-9951, 3663], [-9947, 3663], [-9905, 3663], [-9903, 3663], [-9903, 3625], [-9950, 3625], [-9951, 3663]]]}, "type": "Feature", "properties": {"name": "Stevens County", "stateAbbrev": "KS", "state": "Kansas", "fips": "189", "incits": "20189", "id": "US.KS.189", "population": 5816}}, {"geometry": {"type": "Polygon", "coordinates": [[[-9286, 3841], [-9270, 3837], [-9270, 3826], [-9297, 3826], [-9299, 3820], [-9298, 3841], [-9286, 3841]]]}, "type": "Feature", "properties": {"name": "Wyandotte County", "stateAbbrev": "KS", "state": "Kansas", "fips": "209", "incits": "20209", "id": "US.KS.209", "population": 160384}}, {"geometry": {"type": "Polygon", "coordinates": [[[-9366, 3842], [-9364, 3862], [-9326, 3862], [-9326, 3826], [-9342, 3824], [-9357, 3827], [-9366, 3827], [-9366, 3842]]]}, "type": "Feature", "properties": {"name": "Jefferson County", "stateAbbrev": "KS", "state": "Kansas", "fips": "087", "incits": "20087", "id": "US.KS.087", "population": 18813}}, {"geometry": {"type": "Polygon", "coordinates": [[[-9755, 3697], [-9701, 3697], [-9701, 3671], [-9701, 3663], [-9753, 3663], [-9754, 3671], [-9755, 3697]]]}, "type": "Feature", "properties": {"name": "Kiowa County", "stateAbbrev": "KS", "state": "Kansas", "fips": "097", "incits": "20097", "id": "US.KS.097", "population": 2523}}, {"geometry": {"type": "Polygon", "coordinates": [[[-9485, 3919], [-9429, 3919], [-9430, 3877], [-9463, 3877], [-9485, 3877], [-9485, 3919]]]}, "type": "Feature", "properties": {"name": "Marshall County", "stateAbbrev": "KS", "state": "Kansas", "fips": "117", "incits": "20117", "id": "US.KS.117", "population": 10002}}, {"geometry": {"type": "Polygon", "coordinates": [[[-9595, 3851], [-9540, 3851], [-9540, 3834], [-9541, 3817], [-9595, 3817], [-9595, 3851]]]}, "type": "Feature", "properties": {"name": "Ottawa County", "stateAbbrev": "KS", "state": "Kansas", "fips": "143", "incits": "20143", "id": "US.KS.143", "population": 6042}}, {"geometry": {"type": "Polygon", "coordinates": [[[-9486, 3775], [-9441, 3774], [-9441, 3740], [-9441, 3732], [-9457, 3732], [-9488, 3732], [-9489, 3757], [-9486, 3775]]]}, "type": "Feature", "properties": {"name": "Chase County", "stateAbbrev": "KS", "state": "Kansas", "fips": "017", "incits": "20017", "id": "US.KS.017", "population": 2700}}], "ac-tx": {"default": {"crs": "wsg84", "scale": 97.97969552237848, "xoffset": 0, "yoffset": 0}}}