{"crs": {"type": "name", "properties": {"name": "urn:ogc:def:crs:EPSG:32635"}}, "type": "FeatureCollection", "features": [{"geometry": {"type": "Polygon", "coordinates": [[[457, 9270], [459, 9262], [471, 9253], [483, 9229], [475, 9219], [475, 9215], [494, 9198], [511, 9173], [525, 9161], [524, 9151], [527, 9139], [519, 9139], [516, 9127], [528, 9121], [529, 9115], [523, 9109], [526, 9102], [523, 9095], [506, 9067], [445, 9088], [423, 9088], [407, 9097], [383, 9100], [354, 9093], [317, 9093], [312, 9100], [316, 9120], [321, 9127], [339, 9132], [342, 9138], [338, 9146], [350, 9158], [358, 9160], [357, 9173], [365, 9195], [380, 9201], [370, 9210], [372, 9218], [387, 9228], [384, 9231], [414, 9236], [428, 9245], [450, 9250], [452, 9272], [457, 9270]]]}, "type": "Feature", "properties": {"labelrank": 6, "code_hasc": "RO.DJ", "name": "Dolj", "admin": "Romania", "type_en": "County", "region": "", "woe_id": 2346631, "longitude": 23, "woe_name": "Dolj", "fips": "RO17", "woe_label": "Dolj, RO, Romania", "latitude": 44, "iso_a2": "RO", "postal": "DJ", "type": "Judet", "id": "RO.DJ"}}, {"geometry": {"type": "Polygon", "coordinates": [[[457, 9270], [452, 9272], [450, 9250], [428, 9245], [414, 9236], [393, 9259], [358, 9274], [335, 9301], [333, 9328], [322, 9340], [308, 9342], [294, 9355], [293, 9362], [283, 9367], [299, 9386], [333, 9395], [350, 9387], [362, 9390], [374, 9388], [401, 9397], [413, 9393], [435, 9402], [466, 9398], [471, 9391], [469, 9379], [471, 9364], [460, 9317], [461, 9293], [457, 9270]]]}, "type": "Feature", "properties": {"labelrank": 6, "code_hasc": "RO.GJ", "name": "Gorj", "admin": "Romania", "type_en": "County", "region": "", "woe_id": 2346633, "longitude": 23, "woe_name": "Gorj", "fips": "RO19", "woe_label": "Gorj, RO, Romania", "latitude": 44, "iso_a2": "RO", "postal": "GJ", "type": "Judet", "id": "RO.GJ"}}, {"geometry": {"type": "Polygon", "coordinates": [[[414, 9236], [384, 9231], [387, 9228], [372, 9218], [370, 9210], [380, 9201], [365, 9195], [357, 9173], [358, 9160], [350, 9158], [338, 9146], [323, 9152], [291, 9175], [291, 9191], [276, 9197], [266, 9213], [264, 9233], [273, 9235], [279, 9246], [296, 9240], [305, 9244], [306, 9248], [297, 9259], [281, 9263], [266, 9280], [258, 9282], [239, 9272], [217, 9237], [207, 9238], [198, 9257], [218, 9259], [218, 9276], [229, 9300], [249, 9292], [253, 9286], [259, 9287], [282, 9341], [294, 9355], [308, 9342], [322, 9340], [333, 9328], [335, 9301], [358, 9274], [393, 9259], [414, 9236]]]}, "type": "Feature", "properties": {"labelrank": 6, "code_hasc": "RO.MH", "name": "Mehedinti", "admin": "Romania", "type_en": "County", "region": "", "woe_id": 2346639, "longitude": 22, "woe_name": "Mehedinti", "fips": "RO26", "woe_label": "Mehedinti, RO, Romania", "latitude": 44, "iso_a2": "RO", "postal": "MH", "type": "Judet", "id": "RO.MH"}}, {"geometry": {"type": "Polygon", "coordinates": [[[556, 9293], [560, 9287], [575, 9301], [585, 9273], [598, 9269], [593, 9262], [600, 9238], [602, 9202], [615, 9196], [612, 9139], [584, 9125], [580, 9118], [596, 9077], [583, 9065], [554, 9076], [537, 9067], [506, 9067], [523, 9095], [526, 9102], [523, 9109], [529, 9115], [528, 9121], [516, 9127], [519, 9139], [527, 9139], [524, 9151], [525, 9161], [511, 9173], [494, 9198], [475, 9215], [475, 9219], [483, 9229], [492, 9233], [502, 9226], [512, 9236], [526, 9237], [531, 9246], [536, 9237], [539, 9238], [533, 9272], [552, 9307], [557, 9303], [556, 9293]]]}, "type": "Feature", "properties": {"labelrank": 6, "code_hasc": "RO.OT", "name": "Olt", "admin": "Romania", "type_en": "County", "region": "", "woe_id": 2346642, "longitude": 24, "woe_name": "Olt", "fips": "RO29", "woe_label": "Olt, RO, Romania", "latitude": 44, "iso_a2": "RO", "postal": "OT", "type": "Judet", "id": "RO.OT"}}, {"geometry": {"type": "Polygon", "coordinates": [[[714, 9218], [717, 9212], [711, 9197], [716, 9185], [719, 9181], [734, 9178], [744, 9165], [744, 9145], [737, 9142], [731, 9122], [744, 9054], [694, 9040], [672, 9052], [646, 9056], [628, 9063], [597, 9061], [583, 9065], [596, 9077], [580, 9118], [584, 9125], [612, 9139], [615, 9196], [634, 9196], [641, 9201], [650, 9201], [666, 9208], [679, 9204], [689, 9207], [697, 9217], [697, 9223], [714, 9218]]]}, "type": "Feature", "properties": {"labelrank": 6, "code_hasc": "RO.TR", "name": "Teleorman", "admin": "Romania", "type_en": "County", "region": "", "woe_id": 2346648, "longitude": 25, "woe_name": "Teleorman", "fips": "RO35", "woe_label": "Teleorman, RO, Romania", "latitude": 44, "iso_a2": "RO", "postal": "TR", "type": "Judet", "id": "RO.TR"}}, {"geometry": {"type": "Polygon", "coordinates": [[[815, 9195], [808, 9197], [812, 9183], [808, 9179], [783, 9201], [783, 9208], [792, 9209], [793, 9215], [785, 9219], [792, 9231], [802, 9235], [803, 9221], [815, 9218], [811, 9207], [818, 9202], [815, 9195]]]}, "type": "Feature", "properties": {"labelrank": 7, "code_hasc": "RO.BI", "name": "Bucharest", "admin": "Romania", "type_en": "City", "region": "", "woe_id": 2346624, "longitude": 26, "woe_name": "Bucharest", "fips": "RO10", "woe_label": "Bucuresti, RO, Romania", "latitude": 44, "iso_a2": "RO", "postal": "BI", "type": "Municipiu", "id": "RO.BI"}}, {"geometry": {"type": "Polygon", "coordinates": [[[1087, 9185], [1083, 9175], [1074, 9167], [1053, 9161], [1045, 9155], [1020, 9152], [1002, 9139], [979, 9142], [973, 9136], [950, 9141], [939, 9148], [918, 9143], [898, 9133], [848, 9124], [854, 9141], [853, 9154], [828, 9178], [837, 9195], [854, 9207], [848, 9214], [851, 9220], [865, 9226], [881, 9220], [892, 9228], [903, 9220], [932, 9218], [950, 9212], [1004, 9216], [1038, 9209], [1051, 9198], [1087, 9185]]]}, "type": "Feature", "properties": {"labelrank": 7, "code_hasc": "RO.CL", "name": "Calarasi", "admin": "Romania", "type_en": "County", "region": "", "woe_id": 2346654, "longitude": 27, "woe_name": "Calarasi", "fips": "RO41", "woe_label": "Calarasi, RO, Romania", "latitude": 44, "iso_a2": "RO", "postal": "CL", "type": "Judet", "id": "RO.CL"}}, {"geometry": {"type": "Polygon", "coordinates": [[[791, 9265], [779, 9250], [785, 9242], [773, 9229], [727, 9227], [714, 9218], [697, 9223], [697, 9217], [689, 9207], [679, 9204], [685, 9231], [676, 9236], [667, 9250], [671, 9257], [666, 9265], [671, 9292], [669, 9311], [675, 9325], [665, 9349], [669, 9361], [676, 9356], [681, 9361], [691, 9391], [688, 9402], [697, 9404], [705, 9415], [709, 9390], [718, 9380], [719, 9367], [740, 9332], [745, 9311], [757, 9309], [761, 9286], [775, 9281], [791, 9265]]]}, "type": "Feature", "properties": {"labelrank": 6, "code_hasc": "RO.DB", "name": "Dâmbovita", "admin": "Romania", "type_en": "County", "region": "", "woe_id": 2346630, "longitude": 25, "woe_name": "Dâmbovita", "fips": "RO16", "woe_label": "Dambovita, RO, Romania", "latitude": 44, "iso_a2": "RO", "postal": "DB", "type": "Judet", "id": "RO.DB"}}, {"geometry": {"type": "Polygon", "coordinates": [[[828, 9178], [853, 9154], [854, 9141], [848, 9124], [803, 9111], [751, 9056], [744, 9054], [731, 9122], [737, 9142], [744, 9145], [744, 9165], [734, 9178], [719, 9181], [716, 9185], [711, 9197], [717, 9212], [714, 9218], [727, 9227], [773, 9229], [776, 9221], [770, 9195], [772, 9189], [808, 9165], [816, 9167], [828, 9178]]]}, "type": "Feature", "properties": {"labelrank": 7, "code_hasc": "RO.GR", "name": "Giurgiu", "admin": "Romania", "type_en": "County", "region": "", "woe_id": 2346655, "longitude": 25, "woe_name": "Giurgiu", "fips": "RO42", "woe_label": "Giurgiu, RO, Romania", "latitude": 44, "iso_a2": "RO", "postal": "GR", "type": "Judet", "id": "RO.GR"}}, {"geometry": {"type": "Polygon", "coordinates": [[[965, 9281], [979, 9276], [988, 9279], [1037, 9275], [1058, 9281], [1070, 9273], [1066, 9269], [1066, 9262], [1088, 9244], [1085, 9222], [1096, 9217], [1100, 9207], [1087, 9185], [1051, 9198], [1038, 9209], [1004, 9216], [950, 9212], [932, 9218], [903, 9220], [892, 9228], [881, 9220], [865, 9226], [851, 9220], [841, 9228], [852, 9245], [840, 9253], [837, 9267], [827, 9269], [837, 9276], [848, 9274], [854, 9279], [866, 9279], [877, 9291], [887, 9284], [923, 9282], [933, 9278], [943, 9282], [952, 9277], [954, 9269], [964, 9272], [961, 9277], [965, 9281]]]}, "type": "Feature", "properties": {"labelrank": 6, "code_hasc": "RO.IL", "name": "Ialomita", "admin": "Romania", "type_en": "County", "region": "", "woe_id": 2346636, "longitude": 27, "woe_name": "Ialomita", "fips": "RO22", "woe_label": "Ialomita, RO, Romania", "latitude": 44, "iso_a2": "RO", "postal": "IL", "type": "Judet", "id": "RO.IL"}}, {"geometry": {"type": "Polygon", "coordinates": [[[1200, 9255], [1201, 9248], [1209, 9249], [1218, 9259], [1216, 9263], [1227, 9260], [1230, 9255], [1223, 9246], [1227, 9254], [1224, 9259], [1225, 9255], [1219, 9256], [1198, 9238], [1201, 9245], [1196, 9244], [1197, 9237], [1200, 9236], [1192, 9231], [1192, 9228], [1194, 9231], [1199, 9228], [1195, 9215], [1197, 9210], [1199, 9219], [1216, 9234], [1221, 9243], [1209, 9216], [1189, 9193], [1187, 9185], [1183, 9186], [1179, 9179], [1178, 9168], [1185, 9148], [1179, 9145], [1186, 9113], [1177, 9087], [1173, 9059], [1151, 9058], [1119, 9063], [1082, 9080], [1072, 9110], [1043, 9101], [1030, 9117], [993, 9114], [978, 9126], [973, 9136], [979, 9142], [1002, 9139], [1020, 9152], [1045, 9155], [1053, 9161], [1074, 9167], [1083, 9175], [1087, 9185], [1100, 9207], [1096, 9217], [1085, 9222], [1088, 9244], [1066, 9262], [1066, 9269], [1070, 9273], [1085, 9269], [1091, 9273], [1112, 9272], [1125, 9260], [1131, 9261], [1134, 9271], [1143, 9271], [1151, 9262], [1161, 9258], [1183, 9261], [1200, 9255]]]}, "type": "Feature", "properties": {"labelrank": 7, "code_hasc": "RO.CT", "name": "Constanta", "admin": "Romania", "type_en": "County", "region": "", "woe_id": 2346628, "longitude": 28, "woe_name": "Constanta", "fips": "RO14", "woe_label": "Constanta, RO, Romania", "latitude": 44, "iso_a2": "RO", "postal": "CT", "type": "Judet", "id": "RO.CT"}}, {"geometry": {"type": "Polygon", "coordinates": [[[318, 9620], [324, 9612], [314, 9606], [303, 9589], [284, 9590], [278, 9586], [271, 9560], [272, 9551], [262, 9535], [256, 9529], [242, 9525], [229, 9528], [220, 9538], [201, 9546], [194, 9537], [185, 9540], [183, 9531], [170, 9541], [162, 9532], [151, 9551], [142, 9553], [140, 9561], [133, 9562], [118, 9549], [111, 9553], [102, 9550], [94, 9561], [84, 9552], [77, 9562], [57, 9566], [48, 9580], [26, 9597], [27, 9601], [32, 9602], [32, 9611], [41, 9617], [70, 9611], [75, 9607], [92, 9616], [98, 9637], [113, 9643], [109, 9655], [119, 9681], [133, 9685], [137, 9691], [147, 9688], [195, 9687], [216, 9677], [232, 9674], [241, 9667], [248, 9650], [273, 9634], [277, 9626], [318, 9620]]]}, "type": "Feature", "properties": {"labelrank": 7, "code_hasc": "RO.AR", "name": "Arad", "admin": "Romania", "type_en": "County", "region": "", "woe_id": 2346616, "longitude": 21, "woe_name": "Arad", "fips": "RO02", "woe_label": "Arad, RO, Romania", "latitude": 46, "iso_a2": "RO", "postal": "AR", "type": "Judet", "id": "RO.AR"}}, {"geometry": {"type": "Polygon", "coordinates": [[[311, 9819], [297, 9790], [309, 9764], [326, 9746], [321, 9734], [331, 9729], [331, 9723], [316, 9706], [334, 9673], [333, 9658], [324, 9660], [319, 9654], [315, 9631], [318, 9620], [277, 9626], [273, 9634], [248, 9650], [241, 9667], [232, 9674], [216, 9677], [195, 9687], [147, 9688], [137, 9691], [149, 9700], [145, 9708], [151, 9721], [163, 9729], [165, 9742], [173, 9748], [177, 9758], [172, 9765], [192, 9781], [201, 9794], [209, 9820], [230, 9839], [229, 9859], [232, 9864], [256, 9879], [279, 9838], [298, 9838], [308, 9830], [311, 9819]]]}, "type": "Feature", "properties": {"labelrank": 6, "code_hasc": "RO.BH", "name": "Bihor", "admin": "Romania", "type_en": "County", "region": "", "woe_id": 2346619, "longitude": 22, "woe_name": "Bihor", "fips": "RO05", "woe_label": "Bihor, RO, Romania", "latitude": 47, "iso_a2": "RO", "postal": "BH", "type": "Judet", "id": "RO.BH"}}, {"geometry": {"type": "Polygon", "coordinates": [[[299, 9386], [283, 9367], [293, 9362], [294, 9355], [282, 9341], [259, 9287], [253, 9286], [249, 9292], [229, 9300], [218, 9276], [218, 9259], [198, 9257], [193, 9270], [173, 9280], [158, 9277], [143, 9280], [133, 9299], [108, 9302], [99, 9313], [103, 9319], [128, 9323], [126, 9332], [110, 9338], [102, 9347], [113, 9353], [117, 9366], [125, 9371], [124, 9378], [131, 9384], [136, 9404], [135, 9413], [126, 9424], [129, 9440], [142, 9449], [146, 9459], [157, 9462], [174, 9452], [191, 9459], [199, 9447], [206, 9446], [214, 9451], [210, 9452], [211, 9459], [222, 9460], [232, 9466], [244, 9461], [255, 9473], [272, 9475], [276, 9464], [284, 9461], [285, 9455], [289, 9454], [304, 9438], [306, 9421], [302, 9413], [306, 9402], [299, 9386]]]}, "type": "Feature", "properties": {"labelrank": 6, "code_hasc": "RO.CS", "name": "Caras-Severin", "admin": "Romania", "type_en": "County", "region": "", "woe_id": 2346626, "longitude": 22, "woe_name": "Caras-Severin", "fips": "RO12", "woe_label": "Caras-Severin, RO, Romania", "latitude": 45, "iso_a2": "RO", "postal": "CS", "type": "Judet", "id": "RO.CS"}}, {"geometry": {"type": "Polygon", "coordinates": [[[26, 9597], [48, 9580], [57, 9566], [77, 9562], [84, 9552], [94, 9561], [102, 9550], [111, 9553], [118, 9549], [133, 9562], [140, 9561], [142, 9553], [151, 9551], [162, 9532], [170, 9541], [183, 9531], [185, 9540], [194, 9537], [201, 9546], [220, 9538], [229, 9528], [242, 9525], [256, 9529], [262, 9535], [280, 9499], [287, 9496], [272, 9475], [255, 9473], [244, 9461], [232, 9466], [222, 9460], [211, 9459], [210, 9452], [214, 9451], [206, 9446], [199, 9447], [191, 9459], [174, 9452], [157, 9462], [146, 9459], [142, 9449], [129, 9440], [126, 9424], [135, 9413], [136, 9404], [131, 9384], [124, 9378], [113, 9389], [89, 9396], [76, 9413], [69, 9410], [53, 9421], [31, 9450], [24, 9453], [30, 9464], [24, 9480], [31, 9510], [28, 9513], [22, 9507], [17, 9509], [2, 9541], [-28, 9562], [-41, 9590], [-35, 9597], [-12, 9596], [-8, 9601], [11, 9591], [23, 9593], [26, 9597]]]}, "type": "Feature", "properties": {"labelrank": 6, "code_hasc": "RO.TM", "name": "Timis", "admin": "Romania", "type_en": "County", "region": "", "woe_id": 2346649, "longitude": 21, "woe_name": "Timis", "fips": "RO36", "woe_label": "Timis, RO, Romania", "latitude": 45, "iso_a2": "RO", "postal": "TM", "type": "Judet", "id": "RO.TM"}}, {"geometry": {"type": "Polygon", "coordinates": [[[996, 9853], [978, 9850], [968, 9836], [948, 9842], [945, 9838], [948, 9828], [943, 9825], [929, 9833], [905, 9833], [898, 9837], [887, 9823], [881, 9824], [874, 9832], [869, 9862], [835, 9906], [813, 9923], [810, 9938], [820, 9941], [831, 9957], [838, 9986], [889, 9999], [908, 9996], [922, 9980], [926, 9984], [935, 9977], [930, 9972], [942, 9967], [941, 9958], [950, 9949], [948, 9943], [952, 9945], [959, 9938], [957, 9926], [965, 9919], [965, 9910], [971, 9906], [966, 9903], [975, 9891], [974, 9878], [996, 9853]]]}, "type": "Feature", "properties": {"labelrank": 7, "code_hasc": "RO.BT", "name": "Botosani", "admin": "Romania", "type_en": "County", "region": "", "woe_id": 2346621, "longitude": 26, "woe_name": "Botosani", "fips": "RO07", "woe_label": "Botosani, RO, Romania", "latitude": 47, "iso_a2": "RO", "postal": "BT", "type": "Judet", "id": "RO.BT"}}, {"geometry": {"type": "Polygon", "coordinates": [[[333, 9658], [338, 9654], [361, 9651], [372, 9635], [383, 9642], [397, 9640], [405, 9645], [422, 9647], [438, 9636], [450, 9635], [448, 9625], [454, 9620], [460, 9627], [486, 9629], [500, 9625], [504, 9628], [512, 9623], [507, 9611], [524, 9599], [530, 9584], [530, 9567], [507, 9546], [503, 9535], [494, 9541], [482, 9539], [479, 9536], [481, 9524], [476, 9520], [457, 9520], [458, 9511], [465, 9507], [457, 9493], [448, 9491], [442, 9477], [444, 9457], [441, 9444], [446, 9429], [442, 9423], [436, 9422], [434, 9434], [412, 9455], [400, 9513], [388, 9539], [381, 9543], [368, 9562], [367, 9566], [371, 9569], [367, 9579], [353, 9587], [347, 9607], [332, 9607], [324, 9612], [318, 9620], [315, 9631], [319, 9654], [324, 9660], [333, 9658]]]}, "type": "Feature", "properties": {"labelrank": 7, "code_hasc": "RO.AB", "name": "Alba", "admin": "Romania", "type_en": "County", "region": "", "woe_id": 2346615, "longitude": 23, "woe_name": "Alba", "fips": "RO01", "woe_label": "Alba, RO, Romania", "latitude": 46, "iso_a2": "RO", "postal": "AB", "type": "Judet", "id": "RO.AB"}}, {"geometry": {"type": "Polygon", "coordinates": [[[648, 9859], [666, 9838], [659, 9828], [660, 9821], [653, 9818], [660, 9803], [656, 9789], [663, 9785], [661, 9759], [637, 9752], [625, 9743], [612, 9717], [599, 9721], [591, 9717], [576, 9691], [556, 9688], [535, 9696], [542, 9720], [531, 9732], [529, 9756], [506, 9771], [503, 9777], [501, 9794], [512, 9810], [527, 9827], [530, 9836], [547, 9841], [553, 9851], [564, 9857], [593, 9850], [620, 9850], [636, 9859], [648, 9859]]]}, "type": "Feature", "properties": {"labelrank": 6, "code_hasc": "RO.BN", "name": "Bistrita-Nasaud", "admin": "Romania", "type_en": "County", "region": "", "woe_id": 2346620, "longitude": 24, "woe_name": "Bistrita-Nasaud", "fips": "RO06", "woe_label": "Bistrita-Nasaud, RO, Romania", "latitude": 47, "iso_a2": "RO", "postal": "BN", "type": "Judet", "id": "RO.BN"}}, {"geometry": {"type": "Polygon", "coordinates": [[[512, 9810], [501, 9794], [503, 9777], [506, 9771], [529, 9756], [531, 9732], [542, 9720], [535, 9696], [529, 9695], [522, 9683], [523, 9668], [511, 9660], [510, 9645], [500, 9634], [504, 9628], [500, 9625], [486, 9629], [460, 9627], [454, 9620], [448, 9625], [450, 9635], [438, 9636], [422, 9647], [405, 9645], [397, 9640], [383, 9642], [372, 9635], [361, 9651], [338, 9654], [333, 9658], [334, 9673], [316, 9706], [331, 9723], [331, 9729], [321, 9734], [326, 9746], [347, 9744], [356, 9729], [368, 9723], [393, 9721], [400, 9734], [404, 9727], [415, 9724], [417, 9729], [415, 9738], [435, 9744], [432, 9759], [436, 9761], [440, 9771], [456, 9775], [467, 9786], [483, 9789], [487, 9804], [485, 9809], [489, 9812], [512, 9810]]]}, "type": "Feature", "properties": {"labelrank": 7, "code_hasc": "RO.CJ", "name": "Cluj", "admin": "Romania", "type_en": "County", "region": "", "woe_id": 2346627, "longitude": 23, "woe_name": "Cluj", "fips": "RO13", "woe_label": "Cluj, RO, Romania", "latitude": 46, "iso_a2": "RO", "postal": "CJ", "type": "Judet", "id": "RO.CJ"}}, {"geometry": {"type": "Polygon", "coordinates": [[[436, 9422], [435, 9402], [413, 9393], [401, 9397], [374, 9388], [362, 9390], [350, 9387], [333, 9395], [299, 9386], [306, 9402], [302, 9413], [306, 9421], [304, 9438], [289, 9454], [285, 9455], [284, 9461], [276, 9464], [272, 9475], [287, 9496], [280, 9499], [262, 9535], [272, 9551], [271, 9560], [278, 9586], [284, 9590], [303, 9589], [314, 9606], [324, 9612], [332, 9607], [347, 9607], [353, 9587], [367, 9579], [371, 9569], [367, 9566], [368, 9562], [381, 9543], [388, 9539], [400, 9513], [412, 9455], [434, 9434], [436, 9422]]]}, "type": "Feature", "properties": {"labelrank": 6, "code_hasc": "RO.HD", "name": "Hunedoara", "admin": "Romania", "type_en": "County", "region": "", "woe_id": 2346635, "longitude": 22, "woe_name": "Hunedoara", "fips": "RO21", "woe_label": "Hunedoara, RO, Romania", "latitude": 45, "iso_a2": "RO", "postal": "HD", "type": "Judet", "id": "RO.HD"}}, {"geometry": {"type": "Polygon", "coordinates": [[[646, 9887], [659, 9865], [648, 9859], [636, 9859], [620, 9850], [593, 9850], [564, 9857], [553, 9851], [547, 9841], [530, 9836], [527, 9827], [512, 9810], [489, 9812], [485, 9809], [476, 9807], [463, 9820], [435, 9821], [405, 9833], [383, 9832], [371, 9835], [367, 9841], [390, 9868], [403, 9858], [410, 9859], [424, 9880], [423, 9887], [409, 9894], [408, 9900], [422, 9902], [438, 9898], [463, 9916], [446, 9939], [445, 9948], [456, 9954], [486, 9949], [496, 9937], [517, 9942], [545, 9928], [564, 9932], [573, 9938], [595, 9935], [606, 9925], [610, 9914], [628, 9904], [637, 9888], [646, 9887]]]}, "type": "Feature", "properties": {"labelrank": 6, "code_hasc": "RO.MM", "name": "Maramures", "admin": "Romania", "type_en": "County", "region": "", "woe_id": 2346638, "longitude": 23, "woe_name": "Maramures", "fips": "RO25", "woe_label": "Maramures, RO, Romania", "latitude": 47, "iso_a2": "RO", "postal": "MM", "type": "Judet", "id": "RO.MM"}}, {"geometry": {"type": "Polygon", "coordinates": [[[680, 9753], [689, 9730], [686, 9703], [691, 9687], [689, 9668], [672, 9649], [653, 9635], [650, 9621], [638, 9615], [642, 9606], [628, 9598], [643, 9579], [655, 9578], [673, 9559], [651, 9557], [644, 9551], [643, 9543], [628, 9552], [604, 9549], [599, 9562], [600, 9586], [557, 9581], [546, 9585], [530, 9584], [524, 9599], [507, 9611], [512, 9623], [504, 9628], [500, 9634], [510, 9645], [511, 9660], [523, 9668], [522, 9683], [529, 9695], [535, 9696], [556, 9688], [576, 9691], [591, 9717], [599, 9721], [612, 9717], [625, 9743], [637, 9752], [661, 9759], [680, 9753]]]}, "type": "Feature", "properties": {"labelrank": 6, "code_hasc": "RO.MS", "name": "Mures", "admin": "Romania", "type_en": "County", "region": "", "woe_id": 2346640, "longitude": 24, "woe_name": "Mures", "fips": "RO27", "woe_label": "Mures, RO, Romania", "latitude": 46, "iso_a2": "RO", "postal": "MS", "type": "Judet", "id": "RO.MS"}}, {"geometry": {"type": "Polygon", "coordinates": [[[485, 9809], [487, 9804], [483, 9789], [467, 9786], [456, 9775], [440, 9771], [436, 9761], [432, 9759], [435, 9744], [415, 9738], [417, 9729], [415, 9724], [404, 9727], [400, 9734], [393, 9721], [368, 9723], [356, 9729], [347, 9744], [326, 9746], [309, 9764], [297, 9790], [311, 9819], [343, 9832], [358, 9827], [376, 9814], [386, 9823], [383, 9832], [405, 9833], [435, 9821], [463, 9820], [476, 9807], [485, 9809]]]}, "type": "Feature", "properties": {"labelrank": 6, "code_hasc": "RO.SJ", "name": "Salaj", "admin": "Romania", "type_en": "County", "region": "", "woe_id": 2346644, "longitude": 23, "woe_name": "Salaj", "fips": "RO31", "woe_label": "Salaj, RO, Romania", "latitude": 47, "iso_a2": "RO", "postal": "SJ", "type": "Judet", "id": "RO.SJ"}}, {"geometry": {"type": "Polygon", "coordinates": [[[445, 9948], [446, 9939], [463, 9916], [438, 9898], [422, 9902], [408, 9900], [409, 9894], [423, 9887], [424, 9880], [410, 9859], [403, 9858], [390, 9868], [367, 9841], [371, 9835], [383, 9832], [386, 9823], [376, 9814], [358, 9827], [343, 9832], [311, 9819], [308, 9830], [298, 9838], [279, 9838], [256, 9879], [262, 9895], [272, 9905], [290, 9906], [294, 9916], [298, 9916], [313, 9909], [324, 9912], [341, 9922], [343, 9932], [365, 9949], [367, 9958], [380, 9953], [398, 9976], [410, 9971], [427, 9952], [445, 9948]]]}, "type": "Feature", "properties": {"labelrank": 7, "code_hasc": "RO.SM", "name": "Satu Mare", "admin": "Romania", "type_en": "County", "region": "", "woe_id": 2346645, "longitude": 22, "woe_name": "Satu Mare", "fips": "RO32", "woe_label": "Satu Mare, RO, Romania", "latitude": 47, "iso_a2": "RO", "postal": "SM", "type": "Judet", "id": "RO.SM"}}, {"geometry": {"type": "Polygon", "coordinates": [[[688, 9402], [691, 9391], [681, 9361], [676, 9356], [669, 9361], [665, 9349], [675, 9325], [669, 9311], [671, 9292], [666, 9265], [671, 9257], [667, 9250], [676, 9236], [685, 9231], [679, 9204], [666, 9208], [650, 9201], [641, 9201], [634, 9196], [615, 9196], [602, 9202], [600, 9238], [593, 9262], [598, 9269], [585, 9273], [575, 9301], [560, 9287], [556, 9293], [568, 9306], [565, 9316], [573, 9352], [567, 9369], [567, 9388], [571, 9397], [568, 9415], [576, 9434], [574, 9441], [601, 9448], [612, 9448], [620, 9440], [641, 9443], [657, 9440], [673, 9429], [688, 9402]]]}, "type": "Feature", "properties": {"labelrank": 6, "code_hasc": "RO.AG", "name": "Arges", "admin": "Romania", "type_en": "County", "region": "", "woe_id": 2346617, "longitude": 24, "woe_name": "Arges", "fips": "RO03", "woe_label": "Arges, RO, Romania", "latitude": 44, "iso_a2": "RO", "postal": "AG", "type": "Judet", "id": "RO.AG"}}, {"geometry": {"type": "Polygon", "coordinates": [[[643, 9543], [622, 9527], [622, 9519], [616, 9520], [604, 9512], [609, 9494], [593, 9485], [601, 9448], [574, 9441], [544, 9442], [522, 9437], [507, 9429], [467, 9433], [442, 9423], [446, 9429], [441, 9444], [444, 9457], [442, 9477], [448, 9491], [457, 9493], [465, 9507], [458, 9511], [457, 9520], [476, 9520], [481, 9524], [479, 9536], [482, 9539], [494, 9541], [503, 9535], [507, 9546], [530, 9567], [530, 9584], [546, 9585], [557, 9581], [600, 9586], [599, 9562], [604, 9549], [628, 9552], [643, 9543]]]}, "type": "Feature", "properties": {"labelrank": 7, "code_hasc": "RO.SB", "name": "Sibiu", "admin": "Romania", "type_en": "County", "region": "", "woe_id": 2346646, "longitude": 24, "woe_name": "Sibiu", "fips": "RO33", "woe_label": "Sibiu, RO, Romania", "latitude": 45, "iso_a2": "RO", "postal": "SB", "type": "Judet", "id": "RO.SB"}}, {"geometry": {"type": "Polygon", "coordinates": [[[574, 9441], [576, 9434], [568, 9415], [571, 9397], [567, 9388], [567, 9369], [573, 9352], [565, 9316], [568, 9306], [556, 9293], [557, 9303], [552, 9307], [533, 9272], [539, 9238], [536, 9237], [531, 9246], [526, 9237], [512, 9236], [502, 9226], [492, 9233], [483, 9229], [471, 9253], [459, 9262], [457, 9270], [461, 9293], [460, 9317], [471, 9364], [469, 9379], [471, 9391], [466, 9398], [435, 9402], [436, 9422], [442, 9423], [467, 9433], [507, 9429], [522, 9437], [544, 9442], [574, 9441]]]}, "type": "Feature", "properties": {"labelrank": 6, "code_hasc": "RO.VL", "name": "Vâlcea", "admin": "Romania", "type_en": "County", "region": "", "woe_id": 2346652, "longitude": 24, "woe_name": "Vâlcea", "fips": "RO39", "woe_label": "Valcea, RO, Romania", "latitude": 45, "iso_a2": "RO", "postal": "VL", "type": "Judet", "id": "RO.VL"}}, {"geometry": {"type": "Polygon", "coordinates": [[[712, 9550], [712, 9544], [719, 9537], [728, 9536], [726, 9498], [742, 9483], [742, 9476], [756, 9479], [774, 9469], [804, 9437], [796, 9420], [778, 9426], [772, 9414], [766, 9411], [758, 9418], [738, 9421], [705, 9415], [697, 9404], [688, 9402], [673, 9429], [657, 9440], [641, 9443], [620, 9440], [612, 9448], [601, 9448], [593, 9485], [609, 9494], [604, 9512], [616, 9520], [622, 9519], [622, 9527], [643, 9543], [644, 9551], [651, 9557], [673, 9559], [692, 9564], [712, 9550]]]}, "type": "Feature", "properties": {"labelrank": 7, "code_hasc": "RO.BV", "name": "Brasov", "admin": "Romania", "type_en": "County", "region": "", "woe_id": 2346623, "longitude": 25, "woe_name": "Brasov", "fips": "RO09", "woe_label": "Brasov, RO, Romania", "latitude": 45, "iso_a2": "RO", "postal": "BV", "type": "Judet", "id": "RO.BV"}}, {"geometry": {"type": "Polygon", "coordinates": [[[827, 9558], [840, 9564], [850, 9555], [848, 9548], [860, 9531], [849, 9509], [845, 9486], [847, 9475], [836, 9445], [831, 9444], [823, 9449], [818, 9439], [804, 9437], [774, 9469], [756, 9479], [742, 9476], [742, 9483], [726, 9498], [728, 9536], [719, 9537], [712, 9544], [712, 9550], [734, 9580], [746, 9589], [754, 9582], [761, 9564], [776, 9551], [789, 9550], [827, 9558]]]}, "type": "Feature", "properties": {"labelrank": 6, "code_hasc": "RO.CV", "name": "Covasna", "admin": "Romania", "type_en": "County", "region": "", "woe_id": 2346629, "longitude": 25, "woe_name": "Covasna", "fips": "RO15", "woe_label": "Covasna, RO, Romania", "latitude": 45, "iso_a2": "RO", "postal": "CV", "type": "Judet", "id": "RO.CV"}}, {"geometry": {"type": "Polygon", "coordinates": [[[746, 9748], [756, 9744], [774, 9717], [774, 9711], [766, 9708], [769, 9667], [779, 9658], [780, 9669], [793, 9666], [794, 9651], [802, 9628], [795, 9622], [795, 9613], [812, 9607], [815, 9591], [829, 9595], [834, 9591], [827, 9558], [789, 9550], [776, 9551], [761, 9564], [754, 9582], [746, 9589], [734, 9580], [712, 9550], [692, 9564], [673, 9559], [655, 9578], [643, 9579], [628, 9598], [642, 9606], [638, 9615], [650, 9621], [653, 9635], [672, 9649], [689, 9668], [691, 9687], [686, 9703], [689, 9730], [680, 9753], [691, 9751], [696, 9762], [707, 9765], [732, 9746], [746, 9748]]]}, "type": "Feature", "properties": {"labelrank": 6, "code_hasc": "RO.HR", "name": "Harghita", "admin": "Romania", "type_en": "County", "region": "", "woe_id": 2346634, "longitude": 25, "woe_name": "Harghita", "fips": "RO20", "woe_label": "Harghita, RO, Romania", "latitude": 46, "iso_a2": "RO", "postal": "HR", "type": "Judet", "id": "RO.HR"}}, {"geometry": {"type": "Polygon", "coordinates": [[[1095, 9702], [1082, 9698], [1075, 9700], [1071, 9697], [1054, 9702], [1053, 9717], [1047, 9709], [1024, 9729], [1024, 9716], [1030, 9714], [1027, 9710], [1015, 9711], [1011, 9705], [1003, 9703], [964, 9705], [955, 9723], [969, 9732], [958, 9749], [951, 9749], [941, 9741], [929, 9742], [925, 9735], [917, 9736], [899, 9748], [885, 9750], [879, 9767], [862, 9787], [875, 9792], [865, 9807], [885, 9806], [889, 9818], [887, 9823], [898, 9837], [905, 9833], [929, 9833], [943, 9825], [948, 9828], [945, 9838], [948, 9842], [968, 9836], [978, 9850], [996, 9853], [1002, 9836], [1016, 9830], [1016, 9812], [1025, 9798], [1039, 9792], [1049, 9765], [1068, 9745], [1081, 9742], [1092, 9722], [1095, 9702]]]}, "type": "Feature", "properties": {"labelrank": 7, "code_hasc": "RO.IS", "name": "Iasi", "admin": "Romania", "type_en": "County", "region": "", "woe_id": 2346637, "longitude": 27, "woe_name": "Iasi", "fips": "RO23", "woe_label": "Iasi, RO, Romania", "latitude": 47, "iso_a2": "RO", "postal": "IS", "type": "Judet", "id": "RO.IS"}}, {"geometry": {"type": "Polygon", "coordinates": [[[862, 9787], [879, 9767], [885, 9750], [899, 9748], [917, 9736], [925, 9735], [929, 9742], [941, 9741], [951, 9749], [958, 9749], [969, 9732], [955, 9723], [964, 9705], [967, 9681], [962, 9678], [944, 9682], [931, 9681], [920, 9695], [911, 9676], [894, 9680], [875, 9665], [857, 9665], [850, 9659], [835, 9659], [835, 9665], [828, 9673], [812, 9664], [793, 9666], [780, 9669], [779, 9658], [769, 9667], [766, 9708], [774, 9711], [774, 9717], [756, 9744], [746, 9748], [750, 9761], [768, 9778], [763, 9793], [778, 9783], [791, 9789], [825, 9787], [847, 9796], [855, 9794], [862, 9787]]]}, "type": "Feature", "properties": {"labelrank": 6, "code_hasc": "RO.NT", "name": "Neamt", "admin": "Romania", "type_en": "County", "region": "", "woe_id": 2346641, "longitude": 26, "woe_name": "Neamt", "fips": "RO28", "woe_label": "Neamt, RO, Romania", "latitude": 46, "iso_a2": "RO", "postal": "NT", "type": "Judet", "id": "RO.NT"}}, {"geometry": {"type": "Polygon", "coordinates": [[[796, 9420], [814, 9399], [819, 9378], [827, 9364], [839, 9363], [844, 9357], [849, 9360], [849, 9352], [857, 9343], [860, 9324], [873, 9314], [868, 9303], [877, 9291], [866, 9279], [854, 9279], [848, 9274], [837, 9276], [827, 9269], [811, 9271], [791, 9265], [775, 9281], [761, 9286], [757, 9309], [745, 9311], [740, 9332], [719, 9367], [718, 9380], [709, 9390], [705, 9415], [738, 9421], [758, 9418], [766, 9411], [772, 9414], [778, 9426], [796, 9420]]]}, "type": "Feature", "properties": {"labelrank": 6, "code_hasc": "RO.PH", "name": "Prahova", "admin": "Romania", "type_en": "County", "region": "", "woe_id": 2346643, "longitude": 26, "woe_name": "Prahova", "fips": "RO30", "woe_label": "Prahova, RO, Romania", "latitude": 45, "iso_a2": "RO", "postal": "PH", "type": "Judet", "id": "RO.PH"}}, {"geometry": {"type": "Polygon", "coordinates": [[[887, 9823], [889, 9818], [885, 9806], [865, 9807], [875, 9792], [862, 9787], [855, 9794], [847, 9796], [825, 9787], [791, 9789], [778, 9783], [763, 9793], [768, 9778], [750, 9761], [746, 9748], [732, 9746], [707, 9765], [696, 9762], [691, 9751], [680, 9753], [661, 9759], [663, 9785], [656, 9789], [660, 9803], [653, 9818], [660, 9821], [659, 9828], [666, 9838], [648, 9859], [659, 9865], [646, 9887], [666, 9892], [692, 9924], [810, 9938], [813, 9923], [835, 9906], [869, 9862], [874, 9832], [881, 9824], [887, 9823]]]}, "type": "Feature", "properties": {"labelrank": 7, "code_hasc": "RO.SV", "name": "Suceava", "admin": "Romania", "type_en": "County", "region": "", "woe_id": 2346647, "longitude": 25, "woe_name": "Suceava", "fips": "RO34", "woe_label": "Suceava, RO, Romania", "latitude": 47, "iso_a2": "RO", "postal": "SV", "type": "Judet", "id": "RO.SV"}}, {"geometry": {"type": "Polygon", "coordinates": [[[967, 9681], [981, 9666], [983, 9648], [1004, 9609], [1010, 9560], [1001, 9562], [995, 9558], [979, 9562], [965, 9558], [951, 9543], [938, 9546], [931, 9539], [887, 9542], [877, 9528], [860, 9531], [848, 9548], [850, 9555], [840, 9564], [827, 9558], [834, 9591], [829, 9595], [815, 9591], [812, 9607], [795, 9613], [795, 9622], [802, 9628], [794, 9651], [793, 9666], [812, 9664], [828, 9673], [835, 9665], [835, 9659], [850, 9659], [857, 9665], [875, 9665], [894, 9680], [911, 9676], [920, 9695], [931, 9681], [944, 9682], [962, 9678], [967, 9681]]]}, "type": "Feature", "properties": {"labelrank": 7, "code_hasc": "RO.BC", "name": "Bacau", "admin": "Romania", "type_en": "County", "region": "", "woe_id": 2346618, "longitude": 26, "woe_name": "Bacau", "fips": "RO04", "woe_label": "Bacau, RO, Romania", "latitude": 46, "iso_a2": "RO", "postal": "BC", "type": "Judet", "id": "RO.BC"}}, {"geometry": {"type": "Polygon", "coordinates": [[[1086, 9402], [1080, 9380], [1088, 9373], [1100, 9372], [1096, 9358], [1108, 9348], [1102, 9338], [1101, 9298], [1091, 9273], [1085, 9269], [1070, 9273], [1058, 9281], [1037, 9275], [988, 9279], [979, 9276], [965, 9281], [965, 9292], [961, 9300], [971, 9308], [975, 9329], [966, 9331], [957, 9357], [948, 9351], [944, 9360], [960, 9368], [980, 9367], [980, 9378], [992, 9383], [997, 9399], [1006, 9414], [1020, 9421], [1038, 9418], [1055, 9405], [1086, 9402]]]}, "type": "Feature", "properties": {"labelrank": 7, "code_hasc": "RO.BR", "name": "Braila", "admin": "Romania", "type_en": "County", "region": "", "woe_id": 2346622, "longitude": 27, "woe_name": "Braila", "fips": "RO08", "woe_label": "Braila, RO, Romania", "latitude": 45, "iso_a2": "RO", "postal": "BR", "type": "Judet", "id": "RO.BR"}}, {"geometry": {"type": "Polygon", "coordinates": [[[997, 9399], [992, 9383], [980, 9378], [980, 9367], [960, 9368], [944, 9360], [948, 9351], [957, 9357], [966, 9331], [975, 9329], [971, 9308], [961, 9300], [965, 9292], [965, 9281], [961, 9277], [964, 9272], [954, 9269], [952, 9277], [943, 9282], [933, 9278], [923, 9282], [887, 9284], [877, 9291], [868, 9303], [873, 9314], [860, 9324], [857, 9343], [849, 9352], [849, 9360], [844, 9357], [839, 9363], [827, 9364], [819, 9378], [814, 9399], [796, 9420], [804, 9437], [818, 9439], [823, 9449], [831, 9444], [836, 9445], [847, 9475], [845, 9486], [872, 9448], [887, 9448], [912, 9428], [920, 9426], [921, 9432], [932, 9429], [942, 9413], [955, 9416], [957, 9408], [967, 9412], [975, 9409], [980, 9401], [997, 9399]]]}, "type": "Feature", "properties": {"labelrank": 7, "code_hasc": "RO.BZ", "name": "Buzau", "admin": "Romania", "type_en": "County", "region": "", "woe_id": 2346625, "longitude": 26, "woe_name": "Buzau", "fips": "RO11", "woe_label": "Buzau, RO, Romania", "latitude": 45, "iso_a2": "RO", "postal": "BZ", "type": "Judet", "id": "RO.BZ"}}, {"geometry": {"type": "Polygon", "coordinates": [[[1095, 9547], [1092, 9530], [1098, 9510], [1097, 9491], [1103, 9478], [1105, 9451], [1097, 9449], [1090, 9443], [1102, 9436], [1105, 9422], [1113, 9413], [1109, 9406], [1098, 9409], [1086, 9402], [1055, 9405], [1038, 9418], [1020, 9421], [1014, 9428], [1009, 9448], [991, 9468], [971, 9520], [973, 9529], [983, 9540], [1012, 9551], [1025, 9526], [1028, 9538], [1024, 9551], [1026, 9553], [1051, 9550], [1056, 9544], [1066, 9553], [1088, 9546], [1095, 9547]]]}, "type": "Feature", "properties": {"labelrank": 7, "code_hasc": "RO.GL", "name": "Galati", "admin": "Romania", "type_en": "County", "region": "", "woe_id": 2346632, "longitude": 27, "woe_name": "Galati", "fips": "RO18", "woe_label": "Galati, RO, Romania", "latitude": 45, "iso_a2": "RO", "postal": "GL", "type": "Judet", "id": "RO.GL"}}, {"geometry": {"type": "Polygon", "coordinates": [[[1095, 9702], [1113, 9660], [1110, 9632], [1114, 9618], [1105, 9587], [1095, 9576], [1100, 9566], [1095, 9547], [1088, 9546], [1066, 9553], [1056, 9544], [1051, 9550], [1026, 9553], [1024, 9551], [1028, 9538], [1025, 9526], [1012, 9551], [1010, 9560], [1004, 9609], [983, 9648], [981, 9666], [967, 9681], [964, 9705], [1003, 9703], [1011, 9705], [1015, 9711], [1027, 9710], [1030, 9714], [1024, 9716], [1024, 9729], [1047, 9709], [1053, 9717], [1054, 9702], [1071, 9697], [1075, 9700], [1082, 9698], [1095, 9702]]]}, "type": "Feature", "properties": {"labelrank": 7, "code_hasc": "RO.VS", "name": "Vaslui", "admin": "Romania", "type_en": "County", "region": "", "woe_id": 2346651, "longitude": 27, "woe_name": "Vaslui", "fips": "RO38", "woe_label": "Vaslui, RO, Romania", "latitude": 46, "iso_a2": "RO", "postal": "VS", "type": "Judet", "id": "RO.VS"}}, {"geometry": {"type": "Polygon", "coordinates": [[[1010, 9560], [1012, 9551], [983, 9540], [973, 9529], [971, 9520], [991, 9468], [1009, 9448], [1014, 9428], [1020, 9421], [1006, 9414], [997, 9399], [980, 9401], [975, 9409], [967, 9412], [957, 9408], [955, 9416], [942, 9413], [932, 9429], [921, 9432], [920, 9426], [912, 9428], [887, 9448], [872, 9448], [845, 9486], [849, 9509], [860, 9531], [877, 9528], [887, 9542], [931, 9539], [938, 9546], [951, 9543], [965, 9558], [979, 9562], [995, 9558], [1001, 9562], [1010, 9560]]]}, "type": "Feature", "properties": {"labelrank": 6, "code_hasc": "RO.VN", "name": "Vrancea", "admin": "Romania", "type_en": "County", "region": "", "woe_id": 2346653, "longitude": 26, "woe_name": "Vrancea", "fips": "RO40", "woe_label": "Vrancea, RO, Romania", "latitude": 45, "iso_a2": "RO", "postal": "VN", "type": "Judet", "id": "RO.VN"}}, {"geometry": {"type": "Polygon", "coordinates": [[[827, 9269], [837, 9267], [840, 9253], [852, 9245], [841, 9228], [851, 9220], [848, 9214], [854, 9207], [837, 9195], [828, 9178], [816, 9167], [808, 9165], [772, 9189], [770, 9195], [776, 9221], [773, 9229], [785, 9242], [779, 9250], [791, 9265], [811, 9271], [827, 9269]], [[815, 9195], [818, 9202], [811, 9207], [815, 9218], [803, 9221], [802, 9235], [792, 9231], [785, 9219], [793, 9215], [792, 9209], [783, 9208], [783, 9201], [808, 9179], [812, 9183], [808, 9197], [815, 9195]]]}, "type": "Feature", "properties": {"labelrank": 7, "code_hasc": "RO.IF", "name": "Ilfov", "admin": "Romania", "type_en": "County", "region": "", "woe_id": 29281934, "longitude": 26, "woe_name": "Ilfov", "fips": "RO43", "woe_label": "Ilfov, RO, Romania", "latitude": 44, "iso_a2": "RO", "postal": "IF", "type": "Judet", "id": "RO.IF"}}, {"geometry": {"type": "Polygon", "coordinates": [[[1200, 9255], [1183, 9261], [1161, 9258], [1151, 9262], [1143, 9271], [1134, 9271], [1131, 9261], [1125, 9260], [1112, 9272], [1091, 9273], [1101, 9298], [1102, 9338], [1108, 9348], [1096, 9358], [1100, 9372], [1088, 9373], [1080, 9380], [1086, 9402], [1098, 9409], [1109, 9406], [1113, 9413], [1123, 9408], [1127, 9392], [1133, 9385], [1186, 9368], [1200, 9372], [1193, 9378], [1198, 9382], [1197, 9388], [1204, 9389], [1218, 9380], [1224, 9389], [1275, 9416], [1311, 9407], [1323, 9397], [1326, 9373], [1320, 9368], [1327, 9359], [1332, 9359], [1327, 9349], [1321, 9293], [1314, 9287], [1254, 9278], [1232, 9258], [1227, 9269], [1245, 9276], [1252, 9287], [1245, 9297], [1246, 9289], [1240, 9288], [1238, 9291], [1236, 9307], [1245, 9314], [1245, 9318], [1226, 9324], [1224, 9319], [1212, 9312], [1210, 9306], [1212, 9296], [1224, 9286], [1220, 9283], [1223, 9273], [1203, 9265], [1200, 9255]]]}, "type": "Feature", "properties": {"labelrank": 7, "code_hasc": "RO.TL", "name": "Tulcea", "admin": "Romania", "type_en": "County", "region": "", "woe_id": 2346650, "longitude": 28, "woe_name": "Tulcea", "fips": "RO37", "woe_label": "Tulcea, RO, Romania", "latitude": 45, "iso_a2": "RO", "postal": "TL", "type": "Judet", "id": "RO.TL"}}], "ac-tx": {"default": {"crs": "+proj=utm +zone=35 +datum=WGS84 +units=m +no_defs", "scale": 0.0018700791578110149}}}