{"crs": {"type": "name", "properties": {"name": "urn:ogc:def:crs:EPSG:4326"}}, "type": "FeatureCollection", "features": [{"geometry": {"type": "Polygon", "coordinates": [[[-9946, 4206], [-9930, 4207], [-9903, 4201], [-9897, 4178], [-9939, 4154], [-9946, 4168], [-9946, 4206]]]}, "type": "Feature", "properties": {"name": "Pickens County", "stateAbbrev": "SC", "state": "South Carolina", "fips": "077", "incits": "45077", "id": "US.SC.077", "population": 119829}}, {"geometry": {"type": "Polygon", "coordinates": [[[-9930, 4207], [-9897, 4220], [-9864, 4223], [-9865, 4182], [-9856, 4173], [-9876, 4137], [-9893, 4154], [-9897, 4178], [-9903, 4201], [-9930, 4207]]]}, "type": "Feature", "properties": {"name": "Greenville County", "stateAbbrev": "SC", "state": "South Carolina", "fips": "045", "incits": "45045", "id": "US.SC.045", "population": 474266}}, {"geometry": {"type": "Polygon", "coordinates": [[[-9864, 4223], [-9823, 4221], [-9804, 4189], [-9812, 4180], [-9821, 4151], [-9840, 4159], [-9856, 4173], [-9865, 4182], [-9864, 4223]]]}, "type": "Feature", "properties": {"name": "Spartanburg County", "stateAbbrev": "SC", "state": "South Carolina", "fips": "083", "incits": "45083", "id": "US.SC.083", "population": 290969}}, {"geometry": {"type": "Polygon", "coordinates": [[[-9876, 4137], [-9856, 4173], [-9840, 4159], [-9821, 4151], [-9796, 4143], [-9832, 4104], [-9858, 4119], [-9868, 4129], [-9876, 4137]]]}, "type": "Feature", "properties": {"name": "Laurens County", "stateAbbrev": "SC", "state": "South Carolina", "fips": "059", "incits": "45059", "id": "US.SC.059", "population": 66229}}, {"geometry": {"type": "Polygon", "coordinates": [[[-9957, 4137], [-9939, 4154], [-9897, 4178], [-9893, 4154], [-9876, 4137], [-9927, 4104], [-9944, 4137], [-9957, 4137]]]}, "type": "Feature", "properties": {"name": "Anderson County", "stateAbbrev": "SC", "state": "South Carolina", "fips": "007", "incits": "45007", "id": "US.SC.007", "population": 190641}}, {"geometry": {"type": "Polygon", "coordinates": [[[-9946, 4206], [-9946, 4168], [-9939, 4154], [-9957, 4137], [-9978, 4152], [-9999, 4161], [-9993, 4178], [-9971, 4199], [-9946, 4206]]]}, "type": "Feature", "properties": {"name": "Oconee County", "stateAbbrev": "SC", "state": "South Carolina", "fips": "073", "incits": "45073", "id": "US.SC.073", "population": 75045}}, {"geometry": {"type": "Polygon", "coordinates": [[[-9792, 3971], [-9783, 3978], [-9762, 3972], [-9742, 3974], [-9728, 3963], [-9746, 3953], [-9750, 3940], [-9767, 3929], [-9779, 3952], [-9777, 3960], [-9792, 3971]]]}, "type": "Feature", "properties": {"name": "Allendale County", "stateAbbrev": "SC", "state": "South Carolina", "fips": "005", "incits": "45005", "id": "US.SC.005", "population": 9839}}, {"geometry": {"type": "Polygon", "coordinates": [[[-9745, 4012], [-9711, 3996], [-9694, 3981], [-9728, 3963], [-9742, 3974], [-9745, 3978], [-9745, 4012]]]}, "type": "Feature", "properties": {"name": "Bamberg County", "stateAbbrev": "SC", "state": "South Carolina", "fips": "009", "incits": "45009", "id": "US.SC.009", "population": 15430}}, {"geometry": {"type": "Polygon", "coordinates": [[[-9703, 3919], [-9697, 3924], [-9681, 3921], [-9642, 3887], [-9652, 3873], [-9688, 3849], [-9705, 3849], [-9717, 3862], [-9716, 3876], [-9699, 3885], [-9698, 3911], [-9703, 3919]]]}, "type": "Feature", "properties": {"name": "Beaufort County", "stateAbbrev": "SC", "state": "South Carolina", "fips": "013", "incits": "45013", "id": "US.SC.013", "population": 171838}}, {"geometry": {"type": "Polygon", "coordinates": [[[-9642, 3990], [-9629, 3996], [-9625, 4013], [-9611, 4019], [-9594, 4019], [-9559, 3996], [-9532, 3985], [-9555, 3974], [-9581, 3944], [-9590, 3941], [-9603, 3957], [-9617, 3963], [-9637, 3978], [-9642, 3990]]]}, "type": "Feature", "properties": {"name": "Berkeley County", "stateAbbrev": "SC", "state": "South Carolina", "fips": "015", "incits": "45015", "id": "US.SC.015", "population": 194020}}, {"geometry": {"type": "Polygon", "coordinates": [[[-9646, 3942], [-9621, 3942], [-9608, 3951], [-9617, 3963], [-9603, 3957], [-9590, 3941], [-9581, 3944], [-9555, 3974], [-9532, 3985], [-9509, 3971], [-9519, 3958], [-9572, 3928], [-9598, 3910], [-9626, 3901], [-9638, 3898], [-9652, 3928], [-9646, 3942]]]}, "type": "Feature", "properties": {"name": "Charleston County", "stateAbbrev": "SC", "state": "South Carolina", "fips": "019", "incits": "45019", "id": "US.SC.019", "population": 372803}}, {"geometry": {"type": "Polygon", "coordinates": [[[-9728, 3963], [-9694, 3981], [-9673, 3967], [-9646, 3966], [-9646, 3942], [-9652, 3928], [-9638, 3898], [-9626, 3901], [-9642, 3887], [-9681, 3921], [-9697, 3924], [-9728, 3963]]]}, "type": "Feature", "properties": {"name": "Colleton County", "stateAbbrev": "SC", "state": "South Carolina", "fips": "029", "incits": "45029", "id": "US.SC.029", "population": 37788}}, {"geometry": {"type": "Polygon", "coordinates": [[[-9694, 3981], [-9659, 3999], [-9642, 3990], [-9637, 3978], [-9617, 3963], [-9608, 3951], [-9621, 3942], [-9646, 3942], [-9646, 3966], [-9673, 3967], [-9694, 3981]]]}, "type": "Feature", "properties": {"name": "Dorchester County", "stateAbbrev": "SC", "state": "South Carolina", "fips": "035", "incits": "45035", "id": "US.SC.035", "population": 145397}}, {"geometry": {"type": "Polygon", "coordinates": [[[-9767, 3929], [-9750, 3940], [-9746, 3953], [-9728, 3963], [-9697, 3924], [-9703, 3919], [-9720, 3930], [-9752, 3906], [-9764, 3910], [-9767, 3929]]]}, "type": "Feature", "properties": {"name": "Hampton County", "stateAbbrev": "SC", "state": "South Carolina", "fips": "049", "incits": "45049", "id": "US.SC.049", "population": 20408}}, {"geometry": {"type": "Polygon", "coordinates": [[[-9752, 3906], [-9720, 3930], [-9703, 3919], [-9698, 3911], [-9699, 3885], [-9716, 3876], [-9717, 3862], [-9705, 3849], [-9688, 3849], [-9708, 3844], [-9732, 3853], [-9733, 3873], [-9752, 3906]]]}, "type": "Feature", "properties": {"name": "Jasper County", "stateAbbrev": "SC", "state": "South Carolina", "fips": "053", "incits": "45053", "id": "US.SC.053", "population": 26629}}, {"geometry": {"type": "Polygon", "coordinates": [[[-9763, 4018], [-9741, 4038], [-9723, 4044], [-9714, 4034], [-9695, 4032], [-9677, 4016], [-9658, 4026], [-9641, 4011], [-9625, 4013], [-9629, 3996], [-9642, 3990], [-9659, 3999], [-9694, 3981], [-9711, 3996], [-9745, 4012], [-9763, 4018]]]}, "type": "Feature", "properties": {"name": "Orangeburg County", "stateAbbrev": "SC", "state": "South Carolina", "fips": "075", "incits": "45075", "id": "US.SC.075", "population": 90942}}, {"geometry": {"type": "Polygon", "coordinates": [[[-9927, 4104], [-9876, 4137], [-9868, 4129], [-9878, 4120], [-9867, 4102], [-9877, 4087], [-9902, 4088], [-9909, 4081], [-9927, 4104]]]}, "type": "Feature", "properties": {"name": "Abbeville County", "stateAbbrev": "SC", "state": "South Carolina", "fips": "001", "incits": "45001", "id": "US.SC.001", "population": 25007}}, {"geometry": {"type": "Polygon", "coordinates": [[[-9840, 4023], [-9796, 4057], [-9787, 4064], [-9768, 4047], [-9741, 4038], [-9763, 4018], [-9809, 3983], [-9828, 3999], [-9829, 4015], [-9840, 4023]]]}, "type": "Feature", "properties": {"name": "Aiken County", "stateAbbrev": "SC", "state": "South Carolina", "fips": "003", "incits": "45003", "id": "US.SC.003", "population": 164176}}, {"geometry": {"type": "Polygon", "coordinates": [[[-9809, 3983], [-9763, 4018], [-9745, 4012], [-9745, 3978], [-9742, 3974], [-9762, 3972], [-9783, 3978], [-9792, 3971], [-9809, 3983]]]}, "type": "Feature", "properties": {"name": "Barnwell County", "stateAbbrev": "SC", "state": "South Carolina", "fips": "011", "incits": "45011", "id": "US.SC.011", "population": 22119}}, {"geometry": {"type": "Polygon", "coordinates": [[[-9720, 4065], [-9693, 4052], [-9673, 4049], [-9662, 4037], [-9658, 4026], [-9677, 4016], [-9695, 4032], [-9714, 4034], [-9723, 4044], [-9720, 4065]]]}, "type": "Feature", "properties": {"name": "Calhoun County", "stateAbbrev": "SC", "state": "South Carolina", "fips": "017", "incits": "45017", "id": "US.SC.017", "population": 15055}}, {"geometry": {"type": "Polygon", "coordinates": [[[-9823, 4221], [-9762, 4219], [-9777, 4203], [-9773, 4180], [-9776, 4182], [-9804, 4189], [-9823, 4221]]]}, "type": "Feature", "properties": {"name": "Cherokee County", "stateAbbrev": "SC", "state": "South Carolina", "fips": "021", "incits": "45021", "id": "US.SC.021", "population": 55885}}, {"geometry": {"type": "Polygon", "coordinates": [[[-9776, 4178], [-9706, 4178], [-9701, 4163], [-9704, 4144], [-9769, 4148], [-9776, 4178]]]}, "type": "Feature", "properties": {"name": "Chester County", "stateAbbrev": "SC", "state": "South Carolina", "fips": "023", "incits": "45023", "id": "US.SC.023", "population": 32578}}, {"geometry": {"type": "Polygon", "coordinates": [[[-9666, 4177], [-9590, 4176], [-9575, 4152], [-9578, 4143], [-9603, 4138], [-9633, 4124], [-9648, 4153], [-9666, 4177]]]}, "type": "Feature", "properties": {"name": "Chesterfield County", "stateAbbrev": "SC", "state": "South Carolina", "fips": "025", "incits": "45025", "id": "US.SC.025", "population": 46197}}, {"geometry": {"type": "Polygon", "coordinates": [[[-9662, 4037], [-9646, 4051], [-9629, 4056], [-9595, 4073], [-9583, 4065], [-9598, 4051], [-9597, 4044], [-9611, 4019], [-9625, 4013], [-9641, 4011], [-9658, 4026], [-9662, 4037]]]}, "type": "Feature", "properties": {"name": "Clarendon County", "stateAbbrev": "SC", "state": "South Carolina", "fips": "027", "incits": "45027", "id": "US.SC.027", "population": 34355}}, {"geometry": {"type": "Polygon", "coordinates": [[[-9633, 4124], [-9603, 4138], [-9578, 4143], [-9558, 4117], [-9575, 4110], [-9607, 4090], [-9619, 4117], [-9633, 4124]]]}, "type": "Feature", "properties": {"name": "Darlington County", "stateAbbrev": "SC", "state": "South Carolina", "fips": "031", "incits": "45031", "id": "US.SC.031", "population": 67935}}, {"geometry": {"type": "Polygon", "coordinates": [[[-9554, 4115], [-9532, 4154], [-9487, 4115], [-9494, 4110], [-9522, 4115], [-9545, 4109], [-9554, 4115]]]}, "type": "Feature", "properties": {"name": "Dillon County", "stateAbbrev": "SC", "state": "South Carolina", "fips": "033", "incits": "45033", "id": "US.SC.033", "population": 31229}}, {"geometry": {"type": "Polygon", "coordinates": [[[-9844, 4074], [-9840, 4074], [-9826, 4076], [-9818, 4063], [-9796, 4057], [-9840, 4023], [-9852, 4031], [-9860, 4046], [-9844, 4074]]]}, "type": "Feature", "properties": {"name": "Edgefield County", "stateAbbrev": "SC", "state": "South Carolina", "fips": "037", "incits": "45037", "id": "US.SC.037", "population": 26436}}, {"geometry": {"type": "Polygon", "coordinates": [[[-9769, 4148], [-9704, 4144], [-9704, 4134], [-9691, 4124], [-9697, 4111], [-9740, 4101], [-9756, 4108], [-9769, 4139], [-9769, 4148]]]}, "type": "Feature", "properties": {"name": "Fairfield County", "stateAbbrev": "SC", "state": "South Carolina", "fips": "039", "incits": "45039", "id": "US.SC.039", "population": 23109}}, {"geometry": {"type": "Polygon", "coordinates": [[[-9607, 4090], [-9575, 4110], [-9558, 4117], [-9554, 4115], [-9545, 4109], [-9540, 4078], [-9517, 4055], [-9538, 4052], [-9574, 4060], [-9583, 4065], [-9595, 4073], [-9598, 4085], [-9607, 4090]]]}, "type": "Feature", "properties": {"name": "Florence County", "stateAbbrev": "SC", "state": "South Carolina", "fips": "041", "incits": "45041", "id": "US.SC.041", "population": 138326}}, {"geometry": {"type": "Polygon", "coordinates": [[[-9516, 4053], [-9501, 4044], [-9490, 4028], [-9476, 4028], [-9493, 4007], [-9497, 3978], [-9509, 3971], [-9532, 3985], [-9559, 3996], [-9549, 4012], [-9531, 4028], [-9527, 4042], [-9516, 4053]]]}, "type": "Feature", "properties": {"name": "Georgetown County", "stateAbbrev": "SC", "state": "South Carolina", "fips": "043", "incits": "45043", "id": "US.SC.043", "population": 60440}}, {"geometry": {"type": "Polygon", "coordinates": [[[-9868, 4129], [-9858, 4119], [-9832, 4104], [-9823, 4095], [-9840, 4074], [-9844, 4074], [-9875, 4076], [-9877, 4087], [-9867, 4102], [-9878, 4120], [-9868, 4129]]]}, "type": "Feature", "properties": {"name": "Greenwood County", "stateAbbrev": "SC", "state": "South Carolina", "fips": "047", "incits": "45047", "id": "US.SC.047", "population": 69723}}, {"geometry": {"type": "Polygon", "coordinates": [[[-9494, 4110], [-9487, 4115], [-9423, 4061], [-9446, 4053], [-9476, 4028], [-9490, 4028], [-9501, 4044], [-9518, 4075], [-9494, 4110]]]}, "type": "Feature", "properties": {"name": "Horry County", "stateAbbrev": "SC", "state": "South Carolina", "fips": "051", "incits": "45051", "id": "US.SC.051", "population": 289650}}, {"geometry": {"type": "Polygon", "coordinates": [[[-9704, 4134], [-9687, 4144], [-9677, 4137], [-9648, 4153], [-9633, 4124], [-9650, 4113], [-9656, 4100], [-9672, 4091], [-9684, 4087], [-9703, 4101], [-9697, 4111], [-9691, 4124], [-9704, 4134]]]}, "type": "Feature", "properties": {"name": "Kershaw County", "stateAbbrev": "SC", "state": "South Carolina", "fips": "055", "incits": "45055", "id": "US.SC.055", "population": 62516}}, {"geometry": {"type": "Polygon", "coordinates": [[[-9706, 4208], [-9692, 4192], [-9694, 4178], [-9666, 4177], [-9648, 4153], [-9677, 4137], [-9687, 4144], [-9704, 4134], [-9704, 4144], [-9701, 4163], [-9706, 4178], [-9702, 4189], [-9706, 4208]]]}, "type": "Feature", "properties": {"name": "Lancaster County", "stateAbbrev": "SC", "state": "South Carolina", "fips": "057", "incits": "45057", "id": "US.SC.057", "population": 80458}}, {"geometry": {"type": "Polygon", "coordinates": [[[-9656, 4100], [-9650, 4113], [-9633, 4124], [-9619, 4117], [-9607, 4090], [-9598, 4085], [-9620, 4074], [-9637, 4089], [-9656, 4100]]]}, "type": "Feature", "properties": {"name": "Lee County", "stateAbbrev": "SC", "state": "South Carolina", "fips": "061", "incits": "45061", "id": "US.SC.061", "population": 18347}}, {"geometry": {"type": "Polygon", "coordinates": [[[-9787, 4064], [-9774, 4089], [-9759, 4103], [-9752, 4091], [-9725, 4080], [-9720, 4065], [-9723, 4044], [-9741, 4038], [-9768, 4047], [-9787, 4064]]]}, "type": "Feature", "properties": {"name": "Lexington County", "stateAbbrev": "SC", "state": "South Carolina", "fips": "063", "incits": "45063", "id": "US.SC.063", "population": 273752}}, {"geometry": {"type": "Polygon", "coordinates": [[[-9545, 4109], [-9522, 4115], [-9494, 4110], [-9518, 4075], [-9501, 4044], [-9516, 4053], [-9517, 4055], [-9540, 4078], [-9545, 4109]]]}, "type": "Feature", "properties": {"name": "Marion County", "stateAbbrev": "SC", "state": "South Carolina", "fips": "067", "incits": "45067", "id": "US.SC.067", "population": 32072}}, {"geometry": {"type": "Polygon", "coordinates": [[[-9590, 4176], [-9559, 4176], [-9532, 4154], [-9554, 4115], [-9558, 4117], [-9578, 4143], [-9575, 4152], [-9590, 4176]]]}, "type": "Feature", "properties": {"name": "Marlboro County", "stateAbbrev": "SC", "state": "South Carolina", "fips": "069", "incits": "45069", "id": "US.SC.069", "population": 28003}}, {"geometry": {"type": "Polygon", "coordinates": [[[-9909, 4081], [-9902, 4088], [-9877, 4087], [-9875, 4076], [-9844, 4074], [-9860, 4046], [-9852, 4031], [-9862, 4035], [-9875, 4056], [-9906, 4074], [-9909, 4081]]]}, "type": "Feature", "properties": {"name": "McCormick County", "stateAbbrev": "SC", "state": "South Carolina", "fips": "065", "incits": "45065", "id": "US.SC.065", "population": 9947}}, {"geometry": {"type": "Polygon", "coordinates": [[[-9832, 4104], [-9796, 4143], [-9785, 4137], [-9769, 4139], [-9756, 4108], [-9759, 4103], [-9774, 4089], [-9806, 4102], [-9823, 4095], [-9832, 4104]]]}, "type": "Feature", "properties": {"name": "Newberry County", "stateAbbrev": "SC", "state": "South Carolina", "fips": "071", "incits": "45071", "id": "US.SC.071", "population": 37521}}, {"geometry": {"type": "Polygon", "coordinates": [[[-9756, 4108], [-9740, 4101], [-9697, 4111], [-9703, 4101], [-9684, 4087], [-9672, 4091], [-9673, 4049], [-9693, 4052], [-9720, 4065], [-9725, 4080], [-9752, 4091], [-9759, 4103], [-9756, 4108]]]}, "type": "Feature", "properties": {"name": "Richland County", "stateAbbrev": "SC", "state": "South Carolina", "fips": "079", "incits": "45079", "id": "US.SC.079", "population": 399256}}, {"geometry": {"type": "Polygon", "coordinates": [[[-9840, 4074], [-9823, 4095], [-9806, 4102], [-9774, 4089], [-9787, 4064], [-9796, 4057], [-9818, 4063], [-9826, 4076], [-9840, 4074]]]}, "type": "Feature", "properties": {"name": "Saluda County", "stateAbbrev": "SC", "state": "South Carolina", "fips": "081", "incits": "45081", "id": "US.SC.081", "population": 20091}}, {"geometry": {"type": "Polygon", "coordinates": [[[-9672, 4091], [-9656, 4100], [-9637, 4089], [-9620, 4074], [-9598, 4085], [-9595, 4073], [-9629, 4056], [-9646, 4051], [-9662, 4037], [-9673, 4049], [-9672, 4091]]]}, "type": "Feature", "properties": {"name": "Sumter County", "stateAbbrev": "SC", "state": "South Carolina", "fips": "085", "incits": "45085", "id": "US.SC.085", "population": 108123}}, {"geometry": {"type": "Polygon", "coordinates": [[[-9821, 4151], [-9812, 4180], [-9804, 4189], [-9776, 4182], [-9773, 4180], [-9774, 4179], [-9774, 4179], [-9775, 4178], [-9776, 4178], [-9769, 4148], [-9769, 4139], [-9785, 4137], [-9796, 4143], [-9821, 4151]]]}, "type": "Feature", "properties": {"name": "Union County", "stateAbbrev": "SC", "state": "South Carolina", "fips": "087", "incits": "45087", "id": "US.SC.087", "population": 28030}}, {"geometry": {"type": "Polygon", "coordinates": [[[-9611, 4019], [-9597, 4044], [-9598, 4051], [-9583, 4065], [-9574, 4060], [-9538, 4052], [-9517, 4055], [-9516, 4053], [-9527, 4042], [-9531, 4028], [-9549, 4012], [-9559, 3996], [-9594, 4019], [-9611, 4019]]]}, "type": "Feature", "properties": {"name": "Williamsburg County", "stateAbbrev": "SC", "state": "South Carolina", "fips": "089", "incits": "45089", "id": "US.SC.089", "population": 33067}}, {"geometry": {"type": "Polygon", "coordinates": [[[-9762, 4219], [-9727, 4217], [-9706, 4208], [-9702, 4189], [-9706, 4178], [-9776, 4178], [-9775, 4178], [-9774, 4179], [-9774, 4179], [-9773, 4180], [-9773, 4180], [-9777, 4203], [-9762, 4219]]]}, "type": "Feature", "properties": {"name": "York County", "stateAbbrev": "SC", "state": "South Carolina", "fips": "091", "incits": "45091", "id": "US.SC.091", "population": 239363}}], "ac-tx": {"default": {"crs": "wsg84", "scale": 119.97795702914655, "xoffset": 0, "yoffset": 0}}}