{"crs": {"type": "name", "properties": {"name": "urn:ogc:def:crs:EPSG:4326"}}, "type": "FeatureCollection", "features": [{"geometry": {"type": "Polygon", "coordinates": [[[-9626, 3999], [-9569, 3998], [-9567, 3984], [-9567, 3973], [-9595, 3974], [-9608, 3969], [-9625, 3970], [-9626, 3999]]]}, "type": "Feature", "properties": {"name": "Maries County", "stateAbbrev": "MO", "state": "Missouri", "fips": "125", "incits": "29125", "id": "US.MO.125", "population": 9018}}, {"geometry": {"type": "Polygon", "coordinates": [[[-9823, 3811], [-9822, 3837], [-9821, 3856], [-9774, 3855], [-9770, 3844], [-9771, 3811], [-9823, 3811]]]}, "type": "Feature", "properties": {"name": "Barry County", "stateAbbrev": "MO", "state": "Missouri", "fips": "009", "incits": "29009", "id": "US.MO.009", "population": 35572}}, {"geometry": {"type": "Polygon", "coordinates": [[[-9420, 3896], [-9412, 3896], [-9412, 3926], [-9383, 3926], [-9383, 3876], [-9393, 3869], [-9409, 3867], [-9420, 3872], [-9420, 3896]]]}, "type": "Feature", "properties": {"name": "Bollinger County", "stateAbbrev": "MO", "state": "Missouri", "fips": "017", "incits": "29017", "id": "US.MO.017", "population": 12490}}, {"geometry": {"type": "Polygon", "coordinates": [[[-9878, 4180], [-9838, 4180], [-9836, 4154], [-9836, 4150], [-9877, 4150], [-9878, 4158], [-9878, 4180]]]}, "type": "Feature", "properties": {"name": "DeKalb County", "stateAbbrev": "MO", "state": "Missouri", "fips": "063", "incits": "29063", "id": "US.MO.063", "population": 12840}}, {"geometry": {"type": "Polygon", "coordinates": [[[-9412, 3930], [-9409, 3933], [-9390, 3955], [-9381, 3958], [-9346, 3935], [-9347, 3922], [-9355, 3925], [-9383, 3926], [-9412, 3926], [-9412, 3930]]]}, "type": "Feature", "properties": {"name": "Perry County", "stateAbbrev": "MO", "state": "Missouri", "fips": "157", "incits": "29157", "id": "US.MO.157", "population": 19072}}, {"geometry": {"type": "Polygon", "coordinates": [[[-9693, 4039], [-9670, 4039], [-9658, 4064], [-9647, 4045], [-9657, 4013], [-9671, 4013], [-9694, 4030], [-9693, 4039]]]}, "type": "Feature", "properties": {"name": "Moniteau County", "stateAbbrev": "MO", "state": "Missouri", "fips": "135", "incits": "29135", "id": "US.MO.135", "population": 15748}}, {"geometry": {"type": "Polygon", "coordinates": [[[-9626, 3999], [-9626, 4003], [-9610, 4016], [-9607, 4027], [-9592, 4037], [-9569, 4041], [-9568, 4041], [-9569, 3998], [-9626, 3999]]]}, "type": "Feature", "properties": {"name": "Osage County", "stateAbbrev": "MO", "state": "Missouri", "fips": "151", "incits": "29151", "id": "US.MO.151", "population": 13688}}, {"geometry": {"type": "Polygon", "coordinates": [[[-9638, 4108], [-9637, 4135], [-9637, 4135], [-9625, 4141], [-9590, 4141], [-9576, 4141], [-9576, 4108], [-9638, 4108]]]}, "type": "Feature", "properties": {"name": "Monroe County", "stateAbbrev": "MO", "state": "Missouri", "fips": "137", "incits": "29137", "id": "US.MO.137", "population": 8774}}, {"geometry": {"type": "Polygon", "coordinates": [[[-9700, 3843], [-9700, 3871], [-9677, 3870], [-9632, 3870], [-9615, 3869], [-9618, 3841], [-9686, 3843], [-9700, 3843]]]}, "type": "Feature", "properties": {"name": "Douglas County", "stateAbbrev": "MO", "state": "Missouri", "fips": "067", "incits": "29067", "id": "US.MO.067", "population": 13515}}, {"geometry": {"type": "Polygon", "coordinates": [[[-9696, 4145], [-9694, 4180], [-9642, 4181], [-9636, 4172], [-9637, 4135], [-9637, 4135], [-9679, 4136], [-9678, 4145], [-9696, 4145]]]}, "type": "Feature", "properties": {"name": "Macon County", "stateAbbrev": "MO", "state": "Missouri", "fips": "121", "incits": "29121", "id": "US.MO.121", "population": 15544}}, {"geometry": {"type": "Polygon", "coordinates": [[[-9440, 3972], [-9423, 3980], [-9397, 3964], [-9390, 3955], [-9409, 3933], [-9418, 3933], [-9445, 3955], [-9431, 3966], [-9440, 3972]]]}, "type": "Feature", "properties": {"name": "Ste. Genevieve County", "stateAbbrev": "MO", "state": "Missouri", "fips": "186", "incits": "29186", "id": "US.MO.186", "population": 17778}}, {"geometry": {"type": "Polygon", "coordinates": [[[-9540, 4041], [-9525, 4033], [-9508, 4031], [-9498, 4025], [-9492, 4024], [-9473, 4035], [-9474, 4018], [-9478, 3989], [-9511, 3989], [-9540, 3990], [-9540, 4041]]]}, "type": "Feature", "properties": {"name": "Franklin County", "stateAbbrev": "MO", "state": "Missouri", "fips": "071", "incits": "29071", "id": "US.MO.071", "population": 101816}}, {"geometry": {"type": "Polygon", "coordinates": [[[-9678, 3991], [-9678, 4004], [-9671, 4013], [-9657, 4013], [-9648, 4004], [-9626, 4003], [-9626, 3999], [-9625, 3970], [-9648, 3970], [-9660, 3970], [-9678, 3991]]]}, "type": "Feature", "properties": {"name": "Miller County", "stateAbbrev": "MO", "state": "Missouri", "fips": "131", "incits": "29131", "id": "US.MO.131", "population": 25092}}, {"geometry": {"type": "Polygon", "coordinates": [[[-9617, 4079], [-9567, 4078], [-9569, 4041], [-9592, 4037], [-9607, 4027], [-9618, 4026], [-9629, 4035], [-9621, 4053], [-9623, 4063], [-9617, 4079]]]}, "type": "Feature", "properties": {"name": "Callaway County", "stateAbbrev": "MO", "state": "Missouri", "fips": "027", "incits": "29027", "id": "US.MO.027", "population": 44359}}, {"geometry": {"type": "Polygon", "coordinates": [[[-9930, 4128], [-9877, 4127], [-9878, 4120], [-9877, 4089], [-9891, 4090], [-9908, 4103], [-9918, 4118], [-9930, 4128]]]}, "type": "Feature", "properties": {"name": "Platte County", "stateAbbrev": "MO", "state": "Missouri", "fips": "165", "incits": "29165", "id": "US.MO.165", "population": 93310}}, {"geometry": {"type": "Polygon", "coordinates": [[[-9770, 3950], [-9764, 3959], [-9763, 3975], [-9717, 3974], [-9718, 3958], [-9729, 3958], [-9730, 3947], [-9770, 3950]]]}, "type": "Feature", "properties": {"name": "Hickory County", "stateAbbrev": "MO", "state": "Missouri", "fips": "085", "incits": "29085", "id": "US.MO.085", "population": 9305}}, {"geometry": {"type": "Polygon", "coordinates": [[[-9821, 4014], [-9821, 4027], [-9764, 4026], [-9764, 4021], [-9765, 3990], [-9820, 3990], [-9821, 4014]]]}, "type": "Feature", "properties": {"name": "Henry County", "stateAbbrev": "MO", "state": "Missouri", "fips": "083", "incits": "29083", "id": "US.MO.083", "population": 22059}}, {"geometry": {"type": "Polygon", "coordinates": [[[-9525, 3851], [-9524, 3872], [-9503, 3873], [-9498, 3869], [-9478, 3868], [-9468, 3856], [-9466, 3843], [-9513, 3845], [-9525, 3851]]]}, "type": "Feature", "properties": {"name": "Carter County", "stateAbbrev": "MO", "state": "Missouri", "fips": "035", "incits": "29035", "id": "US.MO.035", "population": 6291}}, {"geometry": {"type": "Polygon", "coordinates": [[[-9879, 3931], [-9822, 3930], [-9823, 3924], [-9823, 3900], [-9879, 3901], [-9879, 3931]]]}, "type": "Feature", "properties": {"name": "Barton County", "stateAbbrev": "MO", "state": "Missouri", "fips": "011", "incits": "29011", "id": "US.MO.011", "population": 12275}}, {"geometry": {"type": "Polygon", "coordinates": [[[-9474, 4018], [-9473, 4035], [-9453, 4039], [-9444, 4053], [-9431, 4061], [-9409, 4052], [-9414, 4048], [-9423, 4043], [-9430, 4030], [-9424, 4023], [-9433, 4008], [-9440, 4020], [-9474, 4018]]]}, "type": "Feature", "properties": {"name": "St. Louis County", "stateAbbrev": "MO", "state": "Missouri", "fips": "189", "incits": "29189", "id": "US.MO.189", "population": 1001444}}, {"geometry": {"type": "Polygon", "coordinates": [[[-9762, 4066], [-9760, 4102], [-9753, 4100], [-9722, 4112], [-9695, 4096], [-9704, 4083], [-9703, 4079], [-9716, 4065], [-9762, 4066]]]}, "type": "Feature", "properties": {"name": "Saline County", "stateAbbrev": "MO", "state": "Missouri", "fips": "195", "incits": "29195", "id": "US.MO.195", "population": 23252}}, {"geometry": {"type": "Polygon", "coordinates": [[[-9718, 3907], [-9718, 3914], [-9695, 3914], [-9677, 3914], [-9677, 3870], [-9700, 3871], [-9717, 3873], [-9718, 3907]]]}, "type": "Feature", "properties": {"name": "Webster County", "stateAbbrev": "MO", "state": "Missouri", "fips": "225", "incits": "29225", "id": "US.MO.225", "population": 36466}}, {"geometry": {"type": "Polygon", "coordinates": [[[-9838, 4180], [-9837, 4190], [-9790, 4190], [-9790, 4172], [-9790, 4154], [-9836, 4154], [-9838, 4180]]]}, "type": "Feature", "properties": {"name": "Daviess County", "stateAbbrev": "MO", "state": "Missouri", "fips": "061", "incits": "29061", "id": "US.MO.061", "population": 8294}}, {"geometry": {"type": "Polygon", "coordinates": [[[-9478, 3868], [-9474, 3881], [-9474, 3892], [-9468, 3892], [-9454, 3896], [-9420, 3896], [-9420, 3872], [-9409, 3867], [-9424, 3855], [-9468, 3856], [-9478, 3868]]]}, "type": "Feature", "properties": {"name": "Wayne County", "stateAbbrev": "MO", "state": "Missouri", "fips": "223", "incits": "29223", "id": "US.MO.223", "population": 13404}}, {"geometry": {"type": "Polygon", "coordinates": [[[-9790, 4127], [-9790, 4136], [-9740, 4136], [-9738, 4121], [-9722, 4112], [-9753, 4100], [-9760, 4102], [-9764, 4094], [-9777, 4098], [-9790, 4093], [-9790, 4127]]]}, "type": "Feature", "properties": {"name": "Carroll County", "stateAbbrev": "MO", "state": "Missouri", "fips": "033", "incits": "29033", "id": "US.MO.033", "population": 9127}}, {"geometry": {"type": "Polygon", "coordinates": [[[-9878, 4084], [-9841, 4097], [-9837, 4094], [-9826, 4087], [-9827, 4063], [-9827, 4055], [-9878, 4056], [-9878, 4084]]]}, "type": "Feature", "properties": {"name": "Jackson County", "stateAbbrev": "MO", "state": "Missouri", "fips": "095", "incits": "29095", "id": "US.MO.095", "population": 679996}}, {"geometry": {"type": "Polygon", "coordinates": [[[-9643, 4208], [-9601, 4208], [-9601, 4203], [-9601, 4171], [-9636, 4172], [-9642, 4181], [-9643, 4208]]]}, "type": "Feature", "properties": {"name": "Knox County", "stateAbbrev": "MO", "state": "Missouri", "fips": "103", "incits": "29103", "id": "US.MO.103", "population": 4067}}, {"geometry": {"type": "Polygon", "coordinates": [[[-9906, 4158], [-9878, 4158], [-9877, 4150], [-9877, 4127], [-9930, 4128], [-9924, 4139], [-9905, 4149], [-9906, 4158]]]}, "type": "Feature", "properties": {"name": "Buchanan County", "stateAbbrev": "MO", "state": "Missouri", "fips": "021", "incits": "29021", "id": "US.MO.021", "population": 89631}}, {"geometry": {"type": "Polygon", "coordinates": [[[-9879, 4017], [-9878, 4056], [-9827, 4055], [-9827, 4027], [-9821, 4027], [-9821, 4014], [-9847, 4017], [-9879, 4017]]]}, "type": "Feature", "properties": {"name": "Cass County", "stateAbbrev": "MO", "state": "Missouri", "fips": "037", "incits": "29037", "id": "US.MO.037", "population": 100641}}, {"geometry": {"type": "Polygon", "coordinates": [[[-9517, 3925], [-9517, 3936], [-9512, 3941], [-9464, 3940], [-9465, 3930], [-9453, 3930], [-9454, 3896], [-9468, 3892], [-9476, 3892], [-9477, 3926], [-9499, 3927], [-9517, 3925]]]}, "type": "Feature", "properties": {"name": "Iron County", "stateAbbrev": "MO", "state": "Missouri", "fips": "093", "incits": "29093", "id": "US.MO.093", "population": 10344}}, {"geometry": {"type": "Polygon", "coordinates": [[[-9687, 3811], [-9686, 3843], [-9618, 3841], [-9618, 3811], [-9687, 3811]]]}, "type": "Feature", "properties": {"name": "Ozark County", "stateAbbrev": "MO", "state": "Missouri", "fips": "153", "incits": "29153", "id": "US.MO.153", "population": 9560}}, {"geometry": {"type": "Polygon", "coordinates": [[[-9478, 3989], [-9474, 4018], [-9440, 4020], [-9433, 4008], [-9434, 3990], [-9423, 3980], [-9440, 3972], [-9458, 3969], [-9464, 3976], [-9478, 3989]]]}, "type": "Feature", "properties": {"name": "Jefferson County", "stateAbbrev": "MO", "state": "Missouri", "fips": "099", "incits": "29099", "id": "US.MO.099", "population": 221396}}, {"geometry": {"type": "Polygon", "coordinates": [[[-9791, 4237], [-9750, 4237], [-9749, 4216], [-9749, 4204], [-9790, 4204], [-9791, 4237]]]}, "type": "Feature", "properties": {"name": "Mercer County", "stateAbbrev": "MO", "state": "Missouri", "fips": "129", "incits": "29129", "id": "US.MO.129", "population": 3695}}, {"geometry": {"type": "Polygon", "coordinates": [[[-9515, 3811], [-9513, 3845], [-9466, 3843], [-9459, 3830], [-9457, 3811], [-9515, 3811]]]}, "type": "Feature", "properties": {"name": "Ripley County", "stateAbbrev": "MO", "state": "Missouri", "fips": "181", "incits": "29181", "id": "US.MO.181", "population": 14032}}, {"geometry": {"type": "Polygon", "coordinates": [[[-9648, 3953], [-9648, 3970], [-9625, 3970], [-9608, 3969], [-9609, 3926], [-9632, 3926], [-9632, 3931], [-9649, 3938], [-9648, 3953]]]}, "type": "Feature", "properties": {"name": "Pulaski County", "stateAbbrev": "MO", "state": "Missouri", "fips": "169", "incits": "29169", "id": "US.MO.169", "population": 53748}}, {"geometry": {"type": "Polygon", "coordinates": [[[-9774, 3863], [-9774, 3873], [-9717, 3873], [-9700, 3871], [-9700, 3843], [-9742, 3844], [-9745, 3862], [-9774, 3863]]]}, "type": "Feature", "properties": {"name": "Christian County", "stateAbbrev": "MO", "state": "Missouri", "fips": "043", "incits": "29043", "id": "US.MO.043", "population": 80899}}, {"geometry": {"type": "Polygon", "coordinates": [[[-9420, 3811], [-9412, 3825], [-9393, 3824], [-9393, 3799], [-9393, 3759], [-9436, 3758], [-9420, 3778], [-9406, 3787], [-9404, 3799], [-9420, 3811]]]}, "type": "Feature", "properties": {"name": "Dunklin County", "stateAbbrev": "MO", "state": "Missouri", "fips": "069", "incits": "29069", "id": "US.MO.069", "population": 31712}}, {"geometry": {"type": "Polygon", "coordinates": [[[-9383, 3876], [-9383, 3926], [-9355, 3925], [-9347, 3922], [-9336, 3903], [-9344, 3889], [-9357, 3888], [-9372, 3876], [-9383, 3876]]]}, "type": "Feature", "properties": {"name": "Cape Girardeau County", "stateAbbrev": "MO", "state": "Missouri", "fips": "031", "incits": "29031", "id": "US.MO.031", "population": 77320}}, {"geometry": {"type": "Polygon", "coordinates": [[[-9695, 4096], [-9688, 4108], [-9680, 4106], [-9651, 4098], [-9665, 4069], [-9695, 4070], [-9703, 4079], [-9704, 4083], [-9695, 4096]]]}, "type": "Feature", "properties": {"name": "Howard County", "stateAbbrev": "MO", "state": "Missouri", "fips": "089", "incits": "29089", "id": "US.MO.089", "population": 10257}}, {"geometry": {"type": "Polygon", "coordinates": [[[-9879, 3901], [-9823, 3900], [-9820, 3893], [-9821, 3868], [-9879, 3869], [-9879, 3901]]]}, "type": "Feature", "properties": {"name": "Jasper County", "stateAbbrev": "MO", "state": "Missouri", "fips": "097", "incits": "29097", "id": "US.MO.097", "population": 116398}}, {"geometry": {"type": "Polygon", "coordinates": [[[-9637, 4135], [-9636, 4172], [-9601, 4171], [-9589, 4171], [-9590, 4141], [-9625, 4141], [-9637, 4135]]]}, "type": "Feature", "properties": {"name": "Shelby County", "stateAbbrev": "MO", "state": "Missouri", "fips": "205", "incits": "29205", "id": "US.MO.205", "population": 6177}}, {"geometry": {"type": "Polygon", "coordinates": [[[-9749, 4204], [-9749, 4216], [-9695, 4217], [-9695, 4212], [-9695, 4180], [-9748, 4180], [-9749, 4204]]]}, "type": "Feature", "properties": {"name": "Sullivan County", "stateAbbrev": "MO", "state": "Missouri", "fips": "211", "incits": "29211", "id": "US.MO.211", "population": 6448}}, {"geometry": {"type": "Polygon", "coordinates": [[[-9776, 3950], [-9770, 3950], [-9730, 3947], [-9728, 3939], [-9729, 3907], [-9775, 3908], [-9774, 3923], [-9776, 3950]]]}, "type": "Feature", "properties": {"name": "Polk County", "stateAbbrev": "MO", "state": "Missouri", "fips": "167", "incits": "29167", "id": "US.MO.167", "population": 30974}}, {"geometry": {"type": "Polygon", "coordinates": [[[-9695, 3957], [-9671, 3956], [-9664, 3947], [-9648, 3953], [-9649, 3938], [-9632, 3931], [-9632, 3926], [-9632, 3913], [-9677, 3914], [-9695, 3914], [-9695, 3957]]]}, "type": "Feature", "properties": {"name": "Laclede County", "stateAbbrev": "MO", "state": "Missouri", "fips": "105", "incits": "29105", "id": "US.MO.105", "population": 35667}}, {"geometry": {"type": "Polygon", "coordinates": [[[-9821, 3856], [-9821, 3868], [-9820, 3893], [-9775, 3893], [-9774, 3873], [-9774, 3863], [-9774, 3855], [-9821, 3856]]]}, "type": "Feature", "properties": {"name": "Lawrence County", "stateAbbrev": "MO", "state": "Missouri", "fips": "109", "incits": "29109", "id": "US.MO.109", "population": 38185}}, {"geometry": {"type": "Polygon", "coordinates": [[[-9790, 4190], [-9790, 4204], [-9749, 4204], [-9748, 4180], [-9748, 4173], [-9790, 4172], [-9790, 4190]]]}, "type": "Feature", "properties": {"name": "Grundy County", "stateAbbrev": "MO", "state": "Missouri", "fips": "079", "incits": "29079", "id": "US.MO.079", "population": 10355}}, {"geometry": {"type": "Polygon", "coordinates": [[[-9878, 4120], [-9877, 4127], [-9877, 4150], [-9836, 4150], [-9837, 4127], [-9837, 4119], [-9878, 4120]]]}, "type": "Feature", "properties": {"name": "Clinton County", "stateAbbrev": "MO", "state": "Missouri", "fips": "049", "incits": "29049", "id": "US.MO.049", "population": 20571}}, {"geometry": {"type": "Polygon", "coordinates": [[[-9643, 4239], [-9600, 4240], [-9601, 4208], [-9643, 4208], [-9643, 4213], [-9643, 4239]]]}, "type": "Feature", "properties": {"name": "Scotland County", "stateAbbrev": "MO", "state": "Missouri", "fips": "199", "incits": "29199", "id": "US.MO.199", "population": 4921}}, {"geometry": {"type": "Polygon", "coordinates": [[[-9879, 3839], [-9822, 3837], [-9823, 3811], [-9879, 3811], [-9879, 3839]]]}, "type": "Feature", "properties": {"name": "McDonald County", "stateAbbrev": "MO", "state": "Missouri", "fips": "119", "incits": "29119", "id": "US.MO.119", "population": 22558}}, {"geometry": {"type": "Polygon", "coordinates": [[[-9556, 3946], [-9533, 3945], [-9534, 3936], [-9517, 3936], [-9517, 3925], [-9534, 3925], [-9534, 3916], [-9523, 3916], [-9523, 3907], [-9569, 3908], [-9580, 3908], [-9580, 3926], [-9586, 3926], [-9585, 3946], [-9556, 3946]]]}, "type": "Feature", "properties": {"name": "Dent County", "stateAbbrev": "MO", "state": "Missouri", "fips": "065", "incits": "29065", "id": "US.MO.065", "population": 15730}}, {"geometry": {"type": "Polygon", "coordinates": [[[-9325, 3864], [-9303, 3859], [-9313, 3834], [-9309, 3828], [-9316, 3818], [-9327, 3825], [-9347, 3850], [-9332, 3863], [-9325, 3864]]]}, "type": "Feature", "properties": {"name": "Mississippi County", "stateAbbrev": "MO", "state": "Missouri", "fips": "133", "incits": "29133", "id": "US.MO.133", "population": 14282}}, {"geometry": {"type": "Polygon", "coordinates": [[[-9823, 3924], [-9822, 3930], [-9821, 3957], [-9795, 3956], [-9795, 3950], [-9776, 3950], [-9774, 3923], [-9823, 3924]]]}, "type": "Feature", "properties": {"name": "Cedar County", "stateAbbrev": "MO", "state": "Missouri", "fips": "039", "incits": "29039", "id": "US.MO.039", "population": 13913}}, {"geometry": {"type": "Polygon", "coordinates": [[[-9677, 3914], [-9632, 3913], [-9632, 3870], [-9677, 3870], [-9677, 3914]]]}, "type": "Feature", "properties": {"name": "Wright County", "stateAbbrev": "MO", "state": "Missouri", "fips": "229", "incits": "29229", "id": "US.MO.229", "population": 18473}}, {"geometry": {"type": "Polygon", "coordinates": [[[-9717, 4040], [-9716, 4065], [-9703, 4079], [-9695, 4070], [-9665, 4069], [-9658, 4064], [-9670, 4039], [-9693, 4039], [-9717, 4040]]]}, "type": "Feature", "properties": {"name": "Cooper County", "stateAbbrev": "MO", "state": "Missouri", "fips": "053", "incits": "29053", "id": "US.MO.053", "population": 17647}}, {"geometry": {"type": "Polygon", "coordinates": [[[-9879, 3869], [-9821, 3868], [-9821, 3856], [-9822, 3837], [-9879, 3839], [-9879, 3869]]]}, "type": "Feature", "properties": {"name": "Newton County", "stateAbbrev": "MO", "state": "Missouri", "fips": "145", "incits": "29145", "id": "US.MO.145", "population": 58845}}, {"geometry": {"type": "Polygon", "coordinates": [[[-9632, 3913], [-9632, 3926], [-9609, 3926], [-9586, 3926], [-9580, 3926], [-9580, 3908], [-9569, 3908], [-9570, 3868], [-9615, 3869], [-9632, 3870], [-9632, 3913]]]}, "type": "Feature", "properties": {"name": "Texas County", "stateAbbrev": "MO", "state": "Missouri", "fips": "215", "incits": "29215", "id": "US.MO.215", "population": 25636}}, {"geometry": {"type": "Polygon", "coordinates": [[[-9464, 3940], [-9464, 3976], [-9458, 3969], [-9440, 3972], [-9431, 3966], [-9445, 3955], [-9418, 3933], [-9409, 3933], [-9412, 3930], [-9453, 3930], [-9465, 3930], [-9464, 3940]]]}, "type": "Feature", "properties": {"name": "St. Francois County", "stateAbbrev": "MO", "state": "Missouri", "fips": "187", "incits": "29187", "id": "US.MO.187", "population": 66215}}, {"geometry": {"type": "Polygon", "coordinates": [[[-9529, 4071], [-9528, 4087], [-9520, 4096], [-9472, 4095], [-9468, 4083], [-9471, 4078], [-9466, 4065], [-9497, 4059], [-9513, 4059], [-9529, 4071]]]}, "type": "Feature", "properties": {"name": "Lincoln County", "stateAbbrev": "MO", "state": "Missouri", "fips": "113", "incits": "29113", "id": "US.MO.113", "population": 53860}}, {"geometry": {"type": "Polygon", "coordinates": [[[-9570, 3851], [-9570, 3868], [-9569, 3908], [-9523, 3907], [-9515, 3884], [-9505, 3881], [-9503, 3873], [-9524, 3872], [-9525, 3851], [-9570, 3851]]]}, "type": "Feature", "properties": {"name": "Shannon County", "stateAbbrev": "MO", "state": "Missouri", "fips": "203", "incits": "29203", "id": "US.MO.203", "population": 8297}}, {"geometry": {"type": "Polygon", "coordinates": [[[-9977, 4204], [-9938, 4204], [-9927, 4204], [-9923, 4190], [-9918, 4166], [-9923, 4162], [-9940, 4167], [-9956, 4180], [-9960, 4189], [-9977, 4204]]]}, "type": "Feature", "properties": {"name": "Holt County", "stateAbbrev": "MO", "state": "Missouri", "fips": "087", "incits": "29087", "id": "US.MO.087", "population": 4568}}, {"geometry": {"type": "Polygon", "coordinates": [[[-9601, 4171], [-9601, 4203], [-9553, 4202], [-9553, 4180], [-9547, 4171], [-9589, 4171], [-9601, 4171]]]}, "type": "Feature", "properties": {"name": "Lewis County", "stateAbbrev": "MO", "state": "Missouri", "fips": "111", "incits": "29111", "id": "US.MO.111", "population": 10152}}, {"geometry": {"type": "Polygon", "coordinates": [[[-9837, 4094], [-9837, 4119], [-9837, 4127], [-9790, 4127], [-9790, 4093], [-9797, 4094], [-9822, 4086], [-9826, 4087], [-9837, 4094]]]}, "type": "Feature", "properties": {"name": "Ray County", "stateAbbrev": "MO", "state": "Missouri", "fips": "177", "incits": "29177", "id": "US.MO.177", "population": 23039}}, {"geometry": {"type": "Polygon", "coordinates": [[[-9718, 3995], [-9706, 3988], [-9686, 3987], [-9678, 3991], [-9660, 3970], [-9648, 3970], [-9648, 3953], [-9664, 3947], [-9671, 3956], [-9695, 3957], [-9718, 3958], [-9717, 3974], [-9718, 3995]]]}, "type": "Feature", "properties": {"name": "Camden County", "stateAbbrev": "MO", "state": "Missouri", "fips": "029", "incits": "29029", "id": "US.MO.029", "population": 43862}}, {"geometry": {"type": "Polygon", "coordinates": [[[-9680, 4238], [-9643, 4239], [-9643, 4213], [-9677, 4212], [-9680, 4238]]]}, "type": "Feature", "properties": {"name": "Schuyler County", "stateAbbrev": "MO", "state": "Missouri", "fips": "197", "incits": "29197", "id": "US.MO.197", "population": 4358}}, {"geometry": {"type": "Polygon", "coordinates": [[[-9765, 3990], [-9764, 4021], [-9740, 4024], [-9717, 4023], [-9718, 3995], [-9717, 3974], [-9763, 3975], [-9765, 3990]]]}, "type": "Feature", "properties": {"name": "Benton County", "stateAbbrev": "MO", "state": "Missouri", "fips": "015", "incits": "29015", "id": "US.MO.015", "population": 18932}}, {"geometry": {"type": "Polygon", "coordinates": [[[-9570, 3851], [-9525, 3851], [-9513, 3845], [-9515, 3811], [-9572, 3811], [-9572, 3841], [-9570, 3851]]]}, "type": "Feature", "properties": {"name": "Oregon County", "stateAbbrev": "MO", "state": "Missouri", "fips": "149", "incits": "29149", "id": "US.MO.149", "population": 10996}}, {"geometry": {"type": "Polygon", "coordinates": [[[-9743, 3811], [-9742, 3844], [-9700, 3843], [-9686, 3843], [-9687, 3811], [-9743, 3811]]]}, "type": "Feature", "properties": {"name": "Taney County", "stateAbbrev": "MO", "state": "Missouri", "fips": "213", "incits": "29213", "id": "US.MO.213", "population": 53575}}, {"geometry": {"type": "Polygon", "coordinates": [[[-9639, 4098], [-9638, 4108], [-9576, 4108], [-9547, 4106], [-9544, 4087], [-9567, 4088], [-9567, 4078], [-9617, 4079], [-9617, 4097], [-9639, 4098]]]}, "type": "Feature", "properties": {"name": "Audrain County", "stateAbbrev": "MO", "state": "Missouri", "fips": "007", "incits": "29007", "id": "US.MO.007", "population": 25661}}, {"geometry": {"type": "Polygon", "coordinates": [[[-9540, 3990], [-9511, 3989], [-9512, 3941], [-9517, 3936], [-9534, 3936], [-9533, 3945], [-9556, 3946], [-9557, 3984], [-9557, 3990], [-9540, 3990]]]}, "type": "Feature", "properties": {"name": "Crawford County", "stateAbbrev": "MO", "state": "Missouri", "fips": "055", "incits": "29055", "id": "US.MO.055", "population": 24543}}, {"geometry": {"type": "Polygon", "coordinates": [[[-9618, 3811], [-9618, 3841], [-9615, 3869], [-9570, 3868], [-9570, 3851], [-9572, 3841], [-9572, 3811], [-9618, 3811]]]}, "type": "Feature", "properties": {"name": "Howell County", "stateAbbrev": "MO", "state": "Missouri", "fips": "091", "incits": "29091", "id": "US.MO.091", "population": 40393}}, {"geometry": {"type": "Polygon", "coordinates": [[[-9651, 4098], [-9639, 4098], [-9617, 4097], [-9617, 4079], [-9623, 4063], [-9621, 4053], [-9629, 4035], [-9642, 4038], [-9647, 4045], [-9658, 4064], [-9665, 4069], [-9651, 4098]]]}, "type": "Feature", "properties": {"name": "Boone County", "stateAbbrev": "MO", "state": "Missouri", "fips": "019", "incits": "29019", "id": "US.MO.019", "population": 170773}}, {"geometry": {"type": "Polygon", "coordinates": [[[-9877, 4089], [-9878, 4120], [-9837, 4119], [-9837, 4094], [-9841, 4097], [-9878, 4084], [-9877, 4089]]]}, "type": "Feature", "properties": {"name": "Clay County", "stateAbbrev": "MO", "state": "Missouri", "fips": "047", "incits": "29047", "id": "US.MO.047", "population": 230473}}, {"geometry": {"type": "Polygon", "coordinates": [[[-9878, 4190], [-9877, 4217], [-9837, 4216], [-9837, 4190], [-9838, 4180], [-9878, 4180], [-9878, 4190]]]}, "type": "Feature", "properties": {"name": "Gentry County", "stateAbbrev": "MO", "state": "Missouri", "fips": "075", "incits": "29075", "id": "US.MO.075", "population": 6775}}, {"geometry": {"type": "Polygon", "coordinates": [[[-9718, 3995], [-9717, 4023], [-9717, 4040], [-9693, 4039], [-9694, 4030], [-9671, 4013], [-9678, 4004], [-9678, 3991], [-9686, 3987], [-9706, 3988], [-9718, 3995]]]}, "type": "Feature", "properties": {"name": "Morgan County", "stateAbbrev": "MO", "state": "Missouri", "fips": "141", "incits": "29141", "id": "US.MO.141", "population": 20265}}, {"geometry": {"type": "Polygon", "coordinates": [[[-9748, 4173], [-9748, 4180], [-9695, 4180], [-9694, 4180], [-9696, 4145], [-9737, 4145], [-9749, 4145], [-9748, 4173]]]}, "type": "Feature", "properties": {"name": "Linn County", "stateAbbrev": "MO", "state": "Missouri", "fips": "115", "incits": "29115", "id": "US.MO.115", "population": 12368}}, {"geometry": {"type": "Polygon", "coordinates": [[[-9454, 3896], [-9453, 3930], [-9412, 3930], [-9412, 3926], [-9412, 3896], [-9420, 3896], [-9454, 3896]]]}, "type": "Feature", "properties": {"name": "Madison County", "stateAbbrev": "MO", "state": "Missouri", "fips": "123", "incits": "29123", "id": "US.MO.123", "population": 12431}}, {"geometry": {"type": "Polygon", "coordinates": [[[-9823, 3900], [-9823, 3924], [-9774, 3923], [-9775, 3908], [-9775, 3893], [-9820, 3893], [-9823, 3900]]]}, "type": "Feature", "properties": {"name": "Dade County", "stateAbbrev": "MO", "state": "Missouri", "fips": "057", "incits": "29057", "id": "US.MO.057", "population": 7578}}, {"geometry": {"type": "Polygon", "coordinates": [[[-9750, 4237], [-9680, 4238], [-9677, 4212], [-9695, 4212], [-9695, 4217], [-9749, 4216], [-9750, 4237]]]}, "type": "Feature", "properties": {"name": "Putnam County", "stateAbbrev": "MO", "state": "Missouri", "fips": "171", "incits": "29171", "id": "US.MO.171", "population": 4875}}, {"geometry": {"type": "Polygon", "coordinates": [[[-9879, 4017], [-9847, 4017], [-9821, 4014], [-9820, 3990], [-9821, 3971], [-9879, 3974], [-9879, 4017]]]}, "type": "Feature", "properties": {"name": "Bates County", "stateAbbrev": "MO", "state": "Missouri", "fips": "013", "incits": "29013", "id": "US.MO.013", "population": 16550}}, {"geometry": {"type": "Polygon", "coordinates": [[[-9940, 4237], [-9937, 4226], [-9938, 4204], [-9977, 4204], [-9984, 4212], [-9999, 4238], [-9940, 4237]]]}, "type": "Feature", "properties": {"name": "Atchison County", "stateAbbrev": "MO", "state": "Missouri", "fips": "005", "incits": "29005", "id": "US.MO.005", "population": 5449}}, {"geometry": {"type": "Polygon", "coordinates": [[[-9601, 4203], [-9601, 4208], [-9600, 4240], [-9577, 4240], [-9550, 4212], [-9553, 4202], [-9601, 4203]]]}, "type": "Feature", "properties": {"name": "Clark County", "stateAbbrev": "MO", "state": "Missouri", "fips": "045", "incits": "29045", "id": "US.MO.045", "population": 6910}}, {"geometry": {"type": "Polygon", "coordinates": [[[-9393, 3824], [-9366, 3824], [-9365, 3848], [-9347, 3850], [-9327, 3825], [-9336, 3810], [-9347, 3808], [-9349, 3794], [-9354, 3801], [-9368, 3803], [-9373, 3799], [-9393, 3799], [-9393, 3824]]]}, "type": "Feature", "properties": {"name": "New Madrid County", "stateAbbrev": "MO", "state": "Missouri", "fips": "143", "incits": "29143", "id": "US.MO.143", "population": 18365}}, {"geometry": {"type": "Polygon", "coordinates": [[[-9940, 4237], [-9881, 4236], [-9877, 4217], [-9878, 4190], [-9923, 4190], [-9927, 4204], [-9938, 4204], [-9937, 4226], [-9940, 4237]]]}, "type": "Feature", "properties": {"name": "Nodaway County", "stateAbbrev": "MO", "state": "Missouri", "fips": "147", "incits": "29147", "id": "US.MO.147", "population": 23261}}, {"geometry": {"type": "Polygon", "coordinates": [[[-9730, 3947], [-9729, 3958], [-9718, 3958], [-9695, 3957], [-9695, 3914], [-9718, 3914], [-9718, 3907], [-9729, 3907], [-9728, 3939], [-9730, 3947]]]}, "type": "Feature", "properties": {"name": "Dallas County", "stateAbbrev": "MO", "state": "Missouri", "fips": "059", "incits": "29059", "id": "US.MO.059", "population": 16535}}, {"geometry": {"type": "Polygon", "coordinates": [[[-9424, 3855], [-9409, 3867], [-9393, 3869], [-9383, 3876], [-9372, 3876], [-9375, 3872], [-9364, 3856], [-9365, 3848], [-9366, 3824], [-9393, 3824], [-9412, 3825], [-9414, 3835], [-9414, 3835], [-9414, 3835], [-9414, 3835], [-9415, 3837], [-9415, 3837], [-9415, 3837], [-9415, 3837], [-9416, 3838], [-9416, 3838], [-9416, 3838], [-9416, 3838], [-9416, 3838], [-9417, 3839], [-9417, 3839], [-9417, 3839], [-9417, 3839], [-9418, 3839], [-9418, 3840], [-9418, 3839], [-9418, 3839], [-9424, 3855]]]}, "type": "Feature", "properties": {"name": "Stoddard County", "stateAbbrev": "MO", "state": "Missouri", "fips": "207", "incits": "29207", "id": "US.MO.207", "population": 29780}}, {"geometry": {"type": "Polygon", "coordinates": [[[-9545, 4042], [-9545, 4056], [-9529, 4056], [-9529, 4071], [-9513, 4059], [-9497, 4059], [-9498, 4025], [-9508, 4031], [-9525, 4033], [-9540, 4041], [-9545, 4042]]]}, "type": "Feature", "properties": {"name": "Warren County", "stateAbbrev": "MO", "state": "Missouri", "fips": "219", "incits": "29219", "id": "US.MO.219", "population": 32999}}, {"geometry": {"type": "Polygon", "coordinates": [[[-9576, 4108], [-9576, 4141], [-9576, 4144], [-9534, 4144], [-9520, 4135], [-9550, 4119], [-9547, 4106], [-9576, 4108]]]}, "type": "Feature", "properties": {"name": "Ralls County", "stateAbbrev": "MO", "state": "Missouri", "fips": "173", "incits": "29173", "id": "US.MO.173", "population": 10192}}, {"geometry": {"type": "Polygon", "coordinates": [[[-9881, 4236], [-9839, 4236], [-9837, 4216], [-9877, 4217], [-9881, 4236]]]}, "type": "Feature", "properties": {"name": "Worth County", "stateAbbrev": "MO", "state": "Missouri", "fips": "227", "incits": "29227", "id": "US.MO.227", "population": 2090}}, {"geometry": {"type": "Polygon", "coordinates": [[[-9569, 3998], [-9568, 4041], [-9559, 4038], [-9545, 4042], [-9540, 4041], [-9540, 3990], [-9557, 3990], [-9557, 3984], [-9567, 3984], [-9569, 3998]]]}, "type": "Feature", "properties": {"name": "Gasconade County", "stateAbbrev": "MO", "state": "Missouri", "fips": "073", "incits": "29073", "id": "US.MO.073", "population": 14901}}, {"geometry": {"type": "Polygon", "coordinates": [[[-9790, 4172], [-9748, 4173], [-9749, 4145], [-9737, 4145], [-9740, 4136], [-9790, 4136], [-9790, 4154], [-9790, 4172]]]}, "type": "Feature", "properties": {"name": "Livingston County", "stateAbbrev": "MO", "state": "Missouri", "fips": "117", "incits": "29117", "id": "US.MO.117", "population": 14871}}, {"geometry": {"type": "Polygon", "coordinates": [[[-9498, 4025], [-9497, 4059], [-9466, 4065], [-9454, 4059], [-9446, 4068], [-9423, 4064], [-9409, 4056], [-9409, 4052], [-9431, 4061], [-9444, 4053], [-9453, 4039], [-9473, 4035], [-9492, 4024], [-9498, 4025]]]}, "type": "Feature", "properties": {"name": "St. Charles County", "stateAbbrev": "MO", "state": "Missouri", "fips": "183", "incits": "29183", "id": "US.MO.183", "population": 373495}}, {"geometry": {"type": "Polygon", "coordinates": [[[-9837, 4127], [-9836, 4150], [-9836, 4154], [-9790, 4154], [-9790, 4136], [-9790, 4127], [-9837, 4127]]]}, "type": "Feature", "properties": {"name": "Caldwell County", "stateAbbrev": "MO", "state": "Missouri", "fips": "025", "incits": "29025", "id": "US.MO.025", "population": 9097}}, {"geometry": {"type": "Polygon", "coordinates": [[[-9923, 4190], [-9878, 4190], [-9878, 4180], [-9878, 4158], [-9906, 4158], [-9918, 4166], [-9923, 4190]]]}, "type": "Feature", "properties": {"name": "Andrew County", "stateAbbrev": "MO", "state": "Missouri", "fips": "003", "incits": "29003", "id": "US.MO.003", "population": 17445}}, {"geometry": {"type": "Polygon", "coordinates": [[[-9512, 3941], [-9511, 3989], [-9478, 3989], [-9464, 3976], [-9464, 3940], [-9512, 3941]]]}, "type": "Feature", "properties": {"name": "Washington County", "stateAbbrev": "MO", "state": "Missouri", "fips": "221", "incits": "29221", "id": "US.MO.221", "population": 25172}}, {"geometry": {"type": "Polygon", "coordinates": [[[-9695, 4212], [-9677, 4212], [-9643, 4213], [-9643, 4208], [-9642, 4181], [-9694, 4180], [-9695, 4180], [-9695, 4212]]]}, "type": "Feature", "properties": {"name": "Adair County", "stateAbbrev": "MO", "state": "Missouri", "fips": "001", "incits": "29001", "id": "US.MO.001", "population": 25572}}, {"geometry": {"type": "Polygon", "coordinates": [[[-9393, 3799], [-9373, 3799], [-9368, 3803], [-9354, 3801], [-9349, 3794], [-9355, 3772], [-9362, 3769], [-9369, 3759], [-9393, 3759], [-9393, 3799]]]}, "type": "Feature", "properties": {"name": "Pemiscot County", "stateAbbrev": "MO", "state": "Missouri", "fips": "155", "incits": "29155", "id": "US.MO.155", "population": 17823}}, {"geometry": {"type": "Polygon", "coordinates": [[[-9414, 4048], [-9415, 4034], [-9424, 4023], [-9430, 4030], [-9423, 4043], [-9414, 4048]]]}, "type": "Feature", "properties": {"name": "St. Louis city", "stateAbbrev": "MO", "state": "Missouri", "fips": "510", "incits": "29510", "id": "US.MO.510", "population": 318416}}, {"geometry": {"type": "Polygon", "coordinates": [[[-9775, 3893], [-9775, 3908], [-9729, 3907], [-9718, 3907], [-9717, 3873], [-9774, 3873], [-9775, 3893]]]}, "type": "Feature", "properties": {"name": "Greene County", "stateAbbrev": "MO", "state": "Missouri", "fips": "077", "incits": "29077", "id": "US.MO.077", "population": 283870}}, {"geometry": {"type": "Polygon", "coordinates": [[[-9839, 4236], [-9791, 4237], [-9790, 4204], [-9790, 4190], [-9837, 4190], [-9837, 4216], [-9839, 4236]]]}, "type": "Feature", "properties": {"name": "Harrison County", "stateAbbrev": "MO", "state": "Missouri", "fips": "081", "incits": "29081", "id": "US.MO.081", "population": 8741}}, {"geometry": {"type": "Polygon", "coordinates": [[[-9657, 4013], [-9647, 4045], [-9642, 4038], [-9629, 4035], [-9618, 4026], [-9607, 4027], [-9610, 4016], [-9626, 4003], [-9648, 4004], [-9657, 4013]]]}, "type": "Feature", "properties": {"name": "Cole County", "stateAbbrev": "MO", "state": "Missouri", "fips": "051", "incits": "29051", "id": "US.MO.051", "population": 76699}}, {"geometry": {"type": "Polygon", "coordinates": [[[-9569, 4041], [-9567, 4078], [-9567, 4088], [-9544, 4087], [-9528, 4087], [-9529, 4071], [-9529, 4056], [-9545, 4056], [-9545, 4042], [-9559, 4038], [-9568, 4041], [-9569, 4041]]]}, "type": "Feature", "properties": {"name": "Montgomery County", "stateAbbrev": "MO", "state": "Missouri", "fips": "139", "incits": "29139", "id": "US.MO.139", "population": 11965}}, {"geometry": {"type": "Polygon", "coordinates": [[[-9774, 3855], [-9774, 3863], [-9745, 3862], [-9742, 3844], [-9743, 3811], [-9771, 3811], [-9770, 3844], [-9774, 3855]]]}, "type": "Feature", "properties": {"name": "Stone County", "stateAbbrev": "MO", "state": "Missouri", "fips": "209", "incits": "29209", "id": "US.MO.209", "population": 31297}}, {"geometry": {"type": "Polygon", "coordinates": [[[-9879, 3974], [-9821, 3971], [-9821, 3957], [-9822, 3930], [-9879, 3931], [-9879, 3974]]]}, "type": "Feature", "properties": {"name": "Vernon County", "stateAbbrev": "MO", "state": "Missouri", "fips": "217", "incits": "29217", "id": "US.MO.217", "population": 20949}}, {"geometry": {"type": "Polygon", "coordinates": [[[-9520, 4135], [-9508, 4121], [-9480, 4105], [-9472, 4095], [-9520, 4096], [-9528, 4087], [-9544, 4087], [-9547, 4106], [-9550, 4119], [-9520, 4135]]]}, "type": "Feature", "properties": {"name": "Pike County", "stateAbbrev": "MO", "state": "Missouri", "fips": "163", "incits": "29163", "id": "US.MO.163", "population": 18669}}, {"geometry": {"type": "Polygon", "coordinates": [[[-9764, 4021], [-9764, 4026], [-9762, 4065], [-9762, 4066], [-9716, 4065], [-9717, 4040], [-9717, 4023], [-9740, 4024], [-9764, 4021]]]}, "type": "Feature", "properties": {"name": "Pettis County", "stateAbbrev": "MO", "state": "Missouri", "fips": "159", "incits": "29159", "id": "US.MO.159", "population": 42205}}, {"geometry": {"type": "Polygon", "coordinates": [[[-9517, 3925], [-9499, 3927], [-9477, 3926], [-9476, 3892], [-9474, 3892], [-9474, 3881], [-9478, 3868], [-9498, 3869], [-9503, 3873], [-9505, 3881], [-9515, 3884], [-9523, 3907], [-9523, 3916], [-9534, 3916], [-9534, 3925], [-9517, 3925]]]}, "type": "Feature", "properties": {"name": "Reynolds County", "stateAbbrev": "MO", "state": "Missouri", "fips": "179", "incits": "29179", "id": "US.MO.179", "population": 6599}}, {"geometry": {"type": "Polygon", "coordinates": [[[-9821, 3957], [-9821, 3971], [-9820, 3990], [-9765, 3990], [-9763, 3975], [-9764, 3959], [-9770, 3950], [-9776, 3950], [-9795, 3950], [-9795, 3956], [-9821, 3957]]]}, "type": "Feature", "properties": {"name": "St. Clair County", "stateAbbrev": "MO", "state": "Missouri", "fips": "185", "incits": "29185", "id": "US.MO.185", "population": 9487}}, {"geometry": {"type": "Polygon", "coordinates": [[[-9680, 4106], [-9679, 4136], [-9637, 4135], [-9638, 4108], [-9639, 4098], [-9651, 4098], [-9680, 4106]]]}, "type": "Feature", "properties": {"name": "Randolph County", "stateAbbrev": "MO", "state": "Missouri", "fips": "175", "incits": "29175", "id": "US.MO.175", "population": 24940}}, {"geometry": {"type": "Polygon", "coordinates": [[[-9740, 4136], [-9737, 4145], [-9696, 4145], [-9678, 4145], [-9679, 4136], [-9680, 4106], [-9688, 4108], [-9695, 4096], [-9722, 4112], [-9738, 4121], [-9740, 4136]]]}, "type": "Feature", "properties": {"name": "Chariton County", "stateAbbrev": "MO", "state": "Missouri", "fips": "041", "incits": "29041", "id": "US.MO.041", "population": 7628}}, {"geometry": {"type": "Polygon", "coordinates": [[[-9827, 4055], [-9827, 4063], [-9798, 4063], [-9798, 4066], [-9762, 4065], [-9764, 4026], [-9821, 4027], [-9827, 4027], [-9827, 4055]]]}, "type": "Feature", "properties": {"name": "Johnson County", "stateAbbrev": "MO", "state": "Missouri", "fips": "101", "incits": "29101", "id": "US.MO.101", "population": 54572}}, {"geometry": {"type": "Polygon", "coordinates": [[[-9468, 3856], [-9424, 3855], [-9418, 3839], [-9418, 3839], [-9418, 3840], [-9418, 3839], [-9417, 3839], [-9417, 3839], [-9417, 3839], [-9417, 3839], [-9416, 3838], [-9416, 3838], [-9416, 3838], [-9416, 3838], [-9416, 3838], [-9415, 3837], [-9415, 3837], [-9415, 3837], [-9415, 3837], [-9414, 3835], [-9414, 3835], [-9414, 3835], [-9414, 3835], [-9412, 3825], [-9420, 3811], [-9457, 3811], [-9459, 3830], [-9466, 3843], [-9468, 3856]]]}, "type": "Feature", "properties": {"name": "Butler County", "stateAbbrev": "MO", "state": "Missouri", "fips": "023", "incits": "29023", "id": "US.MO.023", "population": 43083}}, {"geometry": {"type": "Polygon", "coordinates": [[[-9609, 3926], [-9608, 3969], [-9595, 3974], [-9567, 3973], [-9567, 3984], [-9557, 3984], [-9556, 3946], [-9585, 3946], [-9586, 3926], [-9609, 3926]]]}, "type": "Feature", "properties": {"name": "Phelps County", "stateAbbrev": "MO", "state": "Missouri", "fips": "161", "incits": "29161", "id": "US.MO.161", "population": 44807}}, {"geometry": {"type": "Polygon", "coordinates": [[[-9590, 4141], [-9589, 4171], [-9547, 4171], [-9546, 4159], [-9534, 4144], [-9576, 4144], [-9576, 4141], [-9590, 4141]]]}, "type": "Feature", "properties": {"name": "Marion County", "stateAbbrev": "MO", "state": "Missouri", "fips": "127", "incits": "29127", "id": "US.MO.127", "population": 28904}}, {"geometry": {"type": "Polygon", "coordinates": [[[-9372, 3876], [-9357, 3888], [-9344, 3889], [-9325, 3864], [-9332, 3863], [-9347, 3850], [-9365, 3848], [-9364, 3856], [-9375, 3872], [-9372, 3876]]]}, "type": "Feature", "properties": {"name": "Scott County", "stateAbbrev": "MO", "state": "Missouri", "fips": "201", "incits": "29201", "id": "US.MO.201", "population": 39290}}, {"geometry": {"type": "Polygon", "coordinates": [[[-9827, 4063], [-9826, 4087], [-9822, 4086], [-9797, 4094], [-9790, 4093], [-9777, 4098], [-9764, 4094], [-9760, 4102], [-9762, 4066], [-9762, 4065], [-9798, 4066], [-9798, 4063], [-9827, 4063]]]}, "type": "Feature", "properties": {"name": "Lafayette County", "stateAbbrev": "MO", "state": "Missouri", "fips": "107", "incits": "29107", "id": "US.MO.107", "population": 32943}}], "ac-tx": {"default": {"crs": "wsg84", "scale": 104.41018197944979, "xoffset": 0, "yoffset": 0}}}