{"crs": {"type": "name", "properties": {"name": "urn:ogc:def:crs:EPSG:4326"}}, "type": "FeatureCollection", "features": [{"geometry": {"type": "Polygon", "coordinates": [[[-9642, 4606], [-9638, 4606], [-9589, 4606], [-9580, 4598], [-9564, 4563], [-9564, 4532], [-9593, 4532], [-9593, 4541], [-9619, 4555], [-9607, 4558], [-9607, 4589], [-9645, 4588], [-9642, 4606]]]}, "type": "Feature", "properties": {"name": "Cook County", "stateAbbrev": "IL", "state": "Illinois", "fips": "031", "incits": "17031", "id": "US.IL.031", "population": 5240700}}, {"geometry": {"type": "Polygon", "coordinates": [[[-9794, 4579], [-9719, 4578], [-9718, 4549], [-9744, 4544], [-9794, 4544], [-9794, 4579]]]}, "type": "Feature", "properties": {"name": "Lee County", "stateAbbrev": "IL", "state": "Illinois", "fips": "103", "incits": "17103", "id": "US.IL.103", "population": 34858}}, {"geometry": {"type": "Polygon", "coordinates": [[[-9952, 4517], [-9949, 4525], [-9906, 4531], [-9872, 4544], [-9861, 4566], [-9855, 4544], [-9882, 4530], [-9882, 4516], [-9952, 4517]]]}, "type": "Feature", "properties": {"name": "Rock Island County", "stateAbbrev": "IL", "state": "Illinois", "fips": "161", "incits": "17161", "id": "US.IL.161", "population": 147258}}, {"geometry": {"type": "Polygon", "coordinates": [[[-9800, 4611], [-9769, 4611], [-9719, 4606], [-9719, 4578], [-9794, 4579], [-9800, 4582], [-9800, 4611]]]}, "type": "Feature", "properties": {"name": "Ogle County", "stateAbbrev": "IL", "state": "Illinois", "fips": "141", "incits": "17141", "id": "US.IL.141", "population": 52385}}, {"geometry": {"type": "Polygon", "coordinates": [[[-9638, 4644], [-9594, 4643], [-9597, 4621], [-9589, 4606], [-9638, 4606], [-9638, 4644]]]}, "type": "Feature", "properties": {"name": "Lake County", "stateAbbrev": "IL", "state": "Illinois", "fips": "097", "incits": "17097", "id": "US.IL.097", "population": 703019}}, {"geometry": {"type": "Polygon", "coordinates": [[[-9645, 4559], [-9632, 4560], [-9629, 4560], [-9627, 4560], [-9626, 4560], [-9622, 4560], [-9619, 4555], [-9593, 4541], [-9593, 4532], [-9564, 4532], [-9564, 4513], [-9618, 4512], [-9643, 4502], [-9644, 4531], [-9645, 4559]]]}, "type": "Feature", "properties": {"name": "Will County", "stateAbbrev": "IL", "state": "Illinois", "fips": "197", "incits": "17197", "id": "US.IL.197", "population": 682829}}, {"geometry": {"type": "Polygon", "coordinates": [[[-9644, 4493], [-9643, 4502], [-9618, 4512], [-9564, 4513], [-9564, 4481], [-9630, 4480], [-9643, 4480], [-9644, 4493]]]}, "type": "Feature", "properties": {"name": "Kankakee County", "stateAbbrev": "IL", "state": "Illinois", "fips": "091", "incits": "17091", "id": "US.IL.091", "population": 112120}}, {"geometry": {"type": "Polygon", "coordinates": [[[-9861, 4566], [-9851, 4582], [-9800, 4582], [-9794, 4579], [-9794, 4544], [-9819, 4544], [-9855, 4544], [-9861, 4566]]]}, "type": "Feature", "properties": {"name": "Whiteside County", "stateAbbrev": "IL", "state": "Illinois", "fips": "195", "incits": "17195", "id": "US.IL.195", "population": 57557}}, {"geometry": {"type": "Polygon", "coordinates": [[[-9682, 4559], [-9680, 4606], [-9642, 4606], [-9645, 4588], [-9645, 4559], [-9682, 4559]]]}, "type": "Feature", "properties": {"name": "Kane County", "stateAbbrev": "IL", "state": "Illinois", "fips": "089", "incits": "17089", "id": "US.IL.089", "population": 523643}}, {"geometry": {"type": "Polygon", "coordinates": [[[-9693, 4643], [-9638, 4644], [-9638, 4606], [-9642, 4606], [-9680, 4606], [-9693, 4606], [-9693, 4643]]]}, "type": "Feature", "properties": {"name": "McHenry County", "stateAbbrev": "IL", "state": "Illinois", "fips": "111", "incits": "17111", "id": "US.IL.111", "population": 307409}}, {"geometry": {"type": "Polygon", "coordinates": [[[-9964, 4441], [-9933, 4441], [-9934, 4402], [-9934, 4392], [-9999, 4393], [-9985, 4414], [-9982, 4438], [-9964, 4441]]]}, "type": "Feature", "properties": {"name": "Hancock County", "stateAbbrev": "IL", "state": "Illinois", "fips": "067", "incits": "17067", "id": "US.IL.067", "population": 18618}}, {"geometry": {"type": "Polygon", "coordinates": [[[-9964, 4441], [-9954, 4460], [-9940, 4472], [-9938, 4488], [-9920, 4488], [-9921, 4469], [-9921, 4459], [-9921, 4440], [-9933, 4441], [-9964, 4441]]]}, "type": "Feature", "properties": {"name": "Henderson County", "stateAbbrev": "IL", "state": "Illinois", "fips": "071", "incits": "17071", "id": "US.IL.071", "population": 6990}}, {"geometry": {"type": "Polygon", "coordinates": [[[-9952, 4517], [-9882, 4516], [-9883, 4497], [-9883, 4487], [-9920, 4488], [-9938, 4488], [-9956, 4507], [-9952, 4517]]]}, "type": "Feature", "properties": {"name": "Mercer County", "stateAbbrev": "IL", "state": "Illinois", "fips": "131", "incits": "17131", "id": "US.IL.131", "population": 16178}}, {"geometry": {"type": "Polygon", "coordinates": [[[-9870, 4611], [-9826, 4611], [-9800, 4611], [-9800, 4582], [-9851, 4582], [-9852, 4602], [-9870, 4611]]]}, "type": "Feature", "properties": {"name": "Carroll County", "stateAbbrev": "IL", "state": "Illinois", "fips": "015", "incits": "17015", "id": "US.IL.015", "population": 14910}}, {"geometry": {"type": "Polygon", "coordinates": [[[-9826, 4645], [-9826, 4611], [-9870, 4611], [-9905, 4645], [-9826, 4645]]]}, "type": "Feature", "properties": {"name": "Jo Daviess County", "stateAbbrev": "IL", "state": "Illinois", "fips": "085", "incits": "17085", "id": "US.IL.085", "population": 22407}}, {"geometry": {"type": "Polygon", "coordinates": [[[-9719, 4644], [-9693, 4643], [-9693, 4606], [-9719, 4606], [-9719, 4644]]]}, "type": "Feature", "properties": {"name": "Boone County", "stateAbbrev": "IL", "state": "Illinois", "fips": "007", "incits": "17007", "id": "US.IL.007", "population": 53957}}, {"geometry": {"type": "Polygon", "coordinates": [[[-9826, 4645], [-9769, 4644], [-9769, 4611], [-9800, 4611], [-9826, 4611], [-9826, 4645]]]}, "type": "Feature", "properties": {"name": "Stephenson County", "stateAbbrev": "IL", "state": "Illinois", "fips": "177", "incits": "17177", "id": "US.IL.177", "population": 46740}}, {"geometry": {"type": "Polygon", "coordinates": [[[-9769, 4644], [-9719, 4644], [-9719, 4606], [-9769, 4611], [-9769, 4644]]]}, "type": "Feature", "properties": {"name": "Winnebago County", "stateAbbrev": "IL", "state": "Illinois", "fips": "201", "incits": "17201", "id": "US.IL.201", "population": 290666}}, {"geometry": {"type": "Polygon", "coordinates": [[[-9719, 4606], [-9693, 4606], [-9680, 4606], [-9682, 4559], [-9682, 4549], [-9718, 4549], [-9719, 4578], [-9719, 4606]]]}, "type": "Feature", "properties": {"name": "DeKalb County", "stateAbbrev": "IL", "state": "Illinois", "fips": "037", "incits": "17037", "id": "US.IL.037", "population": 104741}}, {"geometry": {"type": "Polygon", "coordinates": [[[-9645, 4588], [-9607, 4589], [-9607, 4558], [-9619, 4555], [-9622, 4560], [-9626, 4560], [-9627, 4560], [-9629, 4560], [-9632, 4560], [-9645, 4559], [-9645, 4588]]]}, "type": "Feature", "properties": {"name": "DuPage County", "stateAbbrev": "IL", "state": "Illinois", "fips": "043", "incits": "17043", "id": "US.IL.043", "population": 932126}}, {"geometry": {"type": "Polygon", "coordinates": [[[-9681, 4530], [-9644, 4531], [-9643, 4502], [-9644, 4493], [-9680, 4492], [-9681, 4530]]]}, "type": "Feature", "properties": {"name": "Grundy County", "stateAbbrev": "IL", "state": "Illinois", "fips": "063", "incits": "17063", "id": "US.IL.063", "population": 50228}}, {"geometry": {"type": "Polygon", "coordinates": [[[-9682, 4559], [-9645, 4559], [-9644, 4531], [-9681, 4530], [-9682, 4549], [-9682, 4559]]]}, "type": "Feature", "properties": {"name": "Kendall County", "stateAbbrev": "IL", "state": "Illinois", "fips": "093", "incits": "17093", "id": "US.IL.093", "population": 119348}}, {"geometry": {"type": "Polygon", "coordinates": [[[-9666, 4414], [-9666, 4438], [-9642, 4438], [-9643, 4480], [-9630, 4480], [-9629, 4424], [-9609, 4424], [-9609, 4415], [-9666, 4414]]]}, "type": "Feature", "properties": {"name": "Ford County", "stateAbbrev": "IL", "state": "Illinois", "fips": "053", "incits": "17053", "id": "US.IL.053", "population": 13832}}, {"geometry": {"type": "Polygon", "coordinates": [[[-9630, 4480], [-9564, 4481], [-9564, 4425], [-9609, 4424], [-9629, 4424], [-9630, 4480]]]}, "type": "Feature", "properties": {"name": "Iroquois County", "stateAbbrev": "IL", "state": "Illinois", "fips": "075", "incits": "17075", "id": "US.IL.075", "population": 28982}}, {"geometry": {"type": "Polygon", "coordinates": [[[-9718, 4472], [-9718, 4492], [-9680, 4492], [-9644, 4493], [-9643, 4480], [-9642, 4438], [-9666, 4438], [-9679, 4454], [-9717, 4453], [-9718, 4472]]]}, "type": "Feature", "properties": {"name": "Livingston County", "stateAbbrev": "IL", "state": "Illinois", "fips": "105", "incits": "17105", "id": "US.IL.105", "population": 38186}}, {"geometry": {"type": "Polygon", "coordinates": [[[-9755, 4436], [-9724, 4444], [-9717, 4453], [-9679, 4454], [-9666, 4438], [-9666, 4414], [-9666, 4402], [-9679, 4402], [-9742, 4402], [-9754, 4407], [-9755, 4436]]]}, "type": "Feature", "properties": {"name": "McLean County", "stateAbbrev": "IL", "state": "Illinois", "fips": "113", "incits": "17113", "id": "US.IL.113", "population": 174647}}, {"geometry": {"type": "Polygon", "coordinates": [[[-9777, 4472], [-9731, 4472], [-9718, 4472], [-9717, 4453], [-9724, 4444], [-9755, 4436], [-9761, 4453], [-9785, 4453], [-9777, 4472]]]}, "type": "Feature", "properties": {"name": "Woodford County", "stateAbbrev": "IL", "state": "Illinois", "fips": "203", "incits": "17203", "id": "US.IL.203", "population": 39273}}, {"geometry": {"type": "Polygon", "coordinates": [[[-9898, 4357], [-9891, 4369], [-9873, 4385], [-9865, 4377], [-9834, 4383], [-9834, 4360], [-9834, 4357], [-9898, 4357]]]}, "type": "Feature", "properties": {"name": "Cass County", "stateAbbrev": "IL", "state": "Illinois", "fips": "017", "incits": "17017", "id": "US.IL.017", "population": 13324}}, {"geometry": {"type": "Polygon", "coordinates": [[[-9749, 4350], [-9741, 4333], [-9728, 4333], [-9728, 4299], [-9741, 4300], [-9783, 4299], [-9784, 4319], [-9771, 4344], [-9749, 4350]]]}, "type": "Feature", "properties": {"name": "Christian County", "stateAbbrev": "IL", "state": "Illinois", "fips": "021", "incits": "17021", "id": "US.IL.021", "population": 34298}}, {"geometry": {"type": "Polygon", "coordinates": [[[-9791, 4406], [-9754, 4407], [-9742, 4402], [-9741, 4376], [-9749, 4362], [-9788, 4368], [-9791, 4384], [-9791, 4406]]]}, "type": "Feature", "properties": {"name": "Logan County", "stateAbbrev": "IL", "state": "Illinois", "fips": "107", "incits": "17107", "id": "US.IL.107", "population": 29964}}, {"geometry": {"type": "Polygon", "coordinates": [[[-9749, 4350], [-9749, 4362], [-9741, 4376], [-9697, 4377], [-9697, 4348], [-9705, 4333], [-9728, 4333], [-9741, 4333], [-9749, 4350]]]}, "type": "Feature", "properties": {"name": "Macon County", "stateAbbrev": "IL", "state": "Illinois", "fips": "115", "incits": "17115", "id": "US.IL.115", "population": 109278}}, {"geometry": {"type": "Polygon", "coordinates": [[[-9873, 4385], [-9857, 4391], [-9826, 4419], [-9804, 4418], [-9791, 4406], [-9791, 4384], [-9834, 4383], [-9865, 4377], [-9873, 4385]]]}, "type": "Feature", "properties": {"name": "Mason County", "stateAbbrev": "IL", "state": "Illinois", "fips": "125", "incits": "17125", "id": "US.IL.125", "population": 14248}}, {"geometry": {"type": "Polygon", "coordinates": [[[-9834, 4383], [-9791, 4384], [-9788, 4368], [-9809, 4360], [-9834, 4360], [-9834, 4383]]]}, "type": "Feature", "properties": {"name": "Menard County", "stateAbbrev": "IL", "state": "Illinois", "fips": "129", "incits": "17129", "id": "US.IL.129", "population": 12607}}, {"geometry": {"type": "Polygon", "coordinates": [[[-9802, 4319], [-9784, 4319], [-9783, 4299], [-9741, 4300], [-9741, 4285], [-9753, 4285], [-9753, 4264], [-9795, 4262], [-9802, 4262], [-9802, 4319]]]}, "type": "Feature", "properties": {"name": "Montgomery County", "stateAbbrev": "IL", "state": "Illinois", "fips": "135", "incits": "17135", "id": "US.IL.135", "population": 29654}}, {"geometry": {"type": "Polygon", "coordinates": [[[-9900, 4348], [-9897, 4353], [-9898, 4357], [-9834, 4357], [-9826, 4319], [-9852, 4318], [-9868, 4318], [-9875, 4344], [-9900, 4348]]]}, "type": "Feature", "properties": {"name": "Morgan County", "stateAbbrev": "IL", "state": "Illinois", "fips": "137", "incits": "17137", "id": "US.IL.137", "population": 35067}}, {"geometry": {"type": "Polygon", "coordinates": [[[-9697, 4348], [-9668, 4348], [-9668, 4333], [-9668, 4310], [-9680, 4311], [-9705, 4333], [-9697, 4348]]]}, "type": "Feature", "properties": {"name": "Moultrie County", "stateAbbrev": "IL", "state": "Illinois", "fips": "139", "incits": "17139", "id": "US.IL.139", "population": 14876}}, {"geometry": {"type": "Polygon", "coordinates": [[[-9834, 4360], [-9809, 4360], [-9788, 4368], [-9749, 4362], [-9749, 4350], [-9771, 4344], [-9784, 4319], [-9802, 4319], [-9826, 4319], [-9834, 4357], [-9834, 4360]]]}, "type": "Feature", "properties": {"name": "Sangamon County", "stateAbbrev": "IL", "state": "Illinois", "fips": "167", "incits": "17167", "id": "US.IL.167", "population": 199145}}, {"geometry": {"type": "Polygon", "coordinates": [[[-9900, 4348], [-9875, 4344], [-9868, 4318], [-9898, 4319], [-9905, 4338], [-9900, 4348]]]}, "type": "Feature", "properties": {"name": "Scott County", "stateAbbrev": "IL", "state": "Illinois", "fips": "171", "incits": "17171", "id": "US.IL.171", "population": 5222}}, {"geometry": {"type": "Polygon", "coordinates": [[[-9741, 4300], [-9728, 4299], [-9728, 4333], [-9705, 4333], [-9680, 4311], [-9668, 4310], [-9668, 4303], [-9667, 4285], [-9704, 4285], [-9741, 4285], [-9741, 4300]]]}, "type": "Feature", "properties": {"name": "Shelby County", "stateAbbrev": "IL", "state": "Illinois", "fips": "173", "incits": "17173", "id": "US.IL.173", "population": 22119}}, {"geometry": {"type": "Polygon", "coordinates": [[[-9826, 4419], [-9821, 4427], [-9797, 4433], [-9785, 4450], [-9785, 4453], [-9761, 4453], [-9755, 4436], [-9754, 4407], [-9791, 4406], [-9804, 4418], [-9826, 4419]]]}, "type": "Feature", "properties": {"name": "Tazewell County", "stateAbbrev": "IL", "state": "Illinois", "fips": "179", "incits": "17179", "id": "US.IL.179", "population": 136352}}, {"geometry": {"type": "Polygon", "coordinates": [[[-9999, 4393], [-9934, 4392], [-9934, 4382], [-9935, 4354], [-9935, 4344], [-9984, 4345], [-9993, 4358], [-9999, 4393]]]}, "type": "Feature", "properties": {"name": "Adams County", "stateAbbrev": "IL", "state": "Illinois", "fips": "001", "incits": "17001", "id": "US.IL.001", "population": 67130}}, {"geometry": {"type": "Polygon", "coordinates": [[[-9934, 4382], [-9911, 4382], [-9891, 4369], [-9898, 4357], [-9897, 4353], [-9935, 4354], [-9934, 4382]]]}, "type": "Feature", "properties": {"name": "Brown County", "stateAbbrev": "IL", "state": "Illinois", "fips": "009", "incits": "17009", "id": "US.IL.009", "population": 6860}}, {"geometry": {"type": "Polygon", "coordinates": [[[-9819, 4544], [-9794, 4544], [-9744, 4544], [-9743, 4514], [-9762, 4513], [-9776, 4496], [-9795, 4496], [-9819, 4506], [-9819, 4544]]]}, "type": "Feature", "properties": {"name": "Bureau County", "stateAbbrev": "IL", "state": "Illinois", "fips": "011", "incits": "17011", "id": "US.IL.011", "population": 34056}}, {"geometry": {"type": "Polygon", "coordinates": [[[-9937, 4305], [-9902, 4305], [-9900, 4275], [-9884, 4258], [-9907, 4253], [-9914, 4289], [-9937, 4305]]]}, "type": "Feature", "properties": {"name": "Calhoun County", "stateAbbrev": "IL", "state": "Illinois", "fips": "013", "incits": "17013", "id": "US.IL.013", "population": 5059}}, {"geometry": {"type": "Polygon", "coordinates": [[[-9884, 4401], [-9883, 4440], [-9883, 4449], [-9833, 4449], [-9821, 4427], [-9826, 4419], [-9857, 4391], [-9884, 4392], [-9884, 4401]]]}, "type": "Feature", "properties": {"name": "Fulton County", "stateAbbrev": "IL", "state": "Illinois", "fips": "057", "incits": "17057", "id": "US.IL.057", "population": 36346}}, {"geometry": {"type": "Polygon", "coordinates": [[[-9902, 4305], [-9898, 4319], [-9868, 4318], [-9852, 4318], [-9851, 4290], [-9869, 4281], [-9896, 4282], [-9900, 4275], [-9902, 4305]]]}, "type": "Feature", "properties": {"name": "Greene County", "stateAbbrev": "IL", "state": "Illinois", "fips": "061", "incits": "17061", "id": "US.IL.061", "population": 13629}}, {"geometry": {"type": "Polygon", "coordinates": [[[-9883, 4497], [-9882, 4516], [-9882, 4530], [-9855, 4544], [-9819, 4544], [-9819, 4506], [-9833, 4497], [-9883, 4497]]]}, "type": "Feature", "properties": {"name": "Henry County", "stateAbbrev": "IL", "state": "Illinois", "fips": "073", "incits": "17073", "id": "US.IL.073", "population": 49860}}, {"geometry": {"type": "Polygon", "coordinates": [[[-9883, 4449], [-9883, 4487], [-9883, 4497], [-9833, 4497], [-9833, 4477], [-9833, 4449], [-9883, 4449]]]}, "type": "Feature", "properties": {"name": "Knox County", "stateAbbrev": "IL", "state": "Illinois", "fips": "095", "incits": "17095", "id": "US.IL.095", "population": 52078}}, {"geometry": {"type": "Polygon", "coordinates": [[[-9795, 4496], [-9776, 4496], [-9743, 4492], [-9731, 4472], [-9777, 4472], [-9795, 4477], [-9795, 4496]]]}, "type": "Feature", "properties": {"name": "Marshall County", "stateAbbrev": "IL", "state": "Illinois", "fips": "123", "incits": "17123", "id": "US.IL.123", "population": 12153}}, {"geometry": {"type": "Polygon", "coordinates": [[[-9934, 4402], [-9933, 4441], [-9921, 4440], [-9883, 4440], [-9884, 4401], [-9934, 4402]]]}, "type": "Feature", "properties": {"name": "McDonough County", "stateAbbrev": "IL", "state": "Illinois", "fips": "109", "incits": "17109", "id": "US.IL.109", "population": 32464}}, {"geometry": {"type": "Polygon", "coordinates": [[[-9833, 4449], [-9833, 4477], [-9795, 4477], [-9777, 4472], [-9785, 4453], [-9785, 4450], [-9797, 4433], [-9821, 4427], [-9833, 4449]]]}, "type": "Feature", "properties": {"name": "Peoria County", "stateAbbrev": "IL", "state": "Illinois", "fips": "143", "incits": "17143", "id": "US.IL.143", "population": 188429}}, {"geometry": {"type": "Polygon", "coordinates": [[[-9984, 4345], [-9935, 4344], [-9935, 4354], [-9897, 4353], [-9900, 4348], [-9905, 4338], [-9898, 4319], [-9902, 4305], [-9937, 4305], [-9984, 4345]]]}, "type": "Feature", "properties": {"name": "Pike County", "stateAbbrev": "IL", "state": "Illinois", "fips": "149", "incits": "17149", "id": "US.IL.149", "population": 16150}}, {"geometry": {"type": "Polygon", "coordinates": [[[-9743, 4514], [-9743, 4492], [-9776, 4496], [-9762, 4513], [-9743, 4514]]]}, "type": "Feature", "properties": {"name": "Putnam County", "stateAbbrev": "IL", "state": "Illinois", "fips": "155", "incits": "17155", "id": "US.IL.155", "population": 5801}}, {"geometry": {"type": "Polygon", "coordinates": [[[-9934, 4382], [-9934, 4392], [-9934, 4402], [-9884, 4401], [-9884, 4392], [-9857, 4391], [-9873, 4385], [-9891, 4369], [-9911, 4382], [-9934, 4382]]]}, "type": "Feature", "properties": {"name": "Schuyler County", "stateAbbrev": "IL", "state": "Illinois", "fips": "169", "incits": "17169", "id": "US.IL.169", "population": 7444}}, {"geometry": {"type": "Polygon", "coordinates": [[[-9833, 4497], [-9819, 4506], [-9795, 4496], [-9795, 4477], [-9833, 4477], [-9833, 4497]]]}, "type": "Feature", "properties": {"name": "Stark County", "stateAbbrev": "IL", "state": "Illinois", "fips": "175", "incits": "17175", "id": "US.IL.175", "population": 5907}}, {"geometry": {"type": "Polygon", "coordinates": [[[-9921, 4440], [-9921, 4459], [-9921, 4469], [-9920, 4488], [-9883, 4487], [-9883, 4449], [-9883, 4440], [-9921, 4440]]]}, "type": "Feature", "properties": {"name": "Warren County", "stateAbbrev": "IL", "state": "Illinois", "fips": "187", "incits": "17187", "id": "US.IL.187", "population": 17726}}, {"geometry": {"type": "Polygon", "coordinates": [[[-9900, 4275], [-9896, 4282], [-9869, 4281], [-9851, 4290], [-9850, 4262], [-9865, 4253], [-9884, 4258], [-9900, 4275]]]}, "type": "Feature", "properties": {"name": "Jersey County", "stateAbbrev": "IL", "state": "Illinois", "fips": "083", "incits": "17083", "id": "US.IL.083", "population": 22641}}, {"geometry": {"type": "Polygon", "coordinates": [[[-9852, 4318], [-9826, 4319], [-9802, 4319], [-9802, 4262], [-9850, 4262], [-9851, 4290], [-9852, 4318]]]}, "type": "Feature", "properties": {"name": "Macoupin County", "stateAbbrev": "IL", "state": "Illinois", "fips": "117", "incits": "17117", "id": "US.IL.117", "population": 46880}}, {"geometry": {"type": "Polygon", "coordinates": [[[-9865, 4253], [-9850, 4262], [-9802, 4262], [-9795, 4262], [-9790, 4233], [-9803, 4224], [-9854, 4225], [-9847, 4245], [-9865, 4253]]]}, "type": "Feature", "properties": {"name": "Madison County", "stateAbbrev": "IL", "state": "Illinois", "fips": "119", "incits": "17119", "id": "US.IL.119", "population": 267225}}, {"geometry": {"type": "Polygon", "coordinates": [[[-9778, 4080], [-9752, 4080], [-9754, 4055], [-9744, 4051], [-9757, 4042], [-9782, 4074], [-9778, 4080]]]}, "type": "Feature", "properties": {"name": "Alexander County", "stateAbbrev": "IL", "state": "Illinois", "fips": "003", "incits": "17003", "id": "US.IL.003", "population": 7629}}, {"geometry": {"type": "Polygon", "coordinates": [[[-9803, 4224], [-9790, 4233], [-9753, 4233], [-9741, 4233], [-9741, 4207], [-9758, 4208], [-9759, 4208], [-9789, 4205], [-9802, 4198], [-9803, 4224]]]}, "type": "Feature", "properties": {"name": "Clinton County", "stateAbbrev": "IL", "state": "Illinois", "fips": "027", "incits": "17027", "id": "US.IL.027", "population": 37907}}, {"geometry": {"type": "Polygon", "coordinates": [[[-9790, 4147], [-9745, 4147], [-9742, 4138], [-9742, 4109], [-9782, 4106], [-9781, 4118], [-9799, 4131], [-9790, 4147]]]}, "type": "Feature", "properties": {"name": "Jackson County", "stateAbbrev": "IL", "state": "Illinois", "fips": "077", "incits": "17077", "id": "US.IL.077", "population": 59814}}, {"geometry": {"type": "Polygon", "coordinates": [[[-9730, 4108], [-9693, 4109], [-9693, 4080], [-9717, 4076], [-9730, 4079], [-9730, 4108]]]}, "type": "Feature", "properties": {"name": "Johnson County", "stateAbbrev": "IL", "state": "Illinois", "fips": "087", "incits": "17087", "id": "US.IL.087", "population": 12677}}, {"geometry": {"type": "Polygon", "coordinates": [[[-9717, 4068], [-9717, 4076], [-9693, 4080], [-9670, 4060], [-9670, 4050], [-9717, 4068]]]}, "type": "Feature", "properties": {"name": "Massac County", "stateAbbrev": "IL", "state": "Illinois", "fips": "127", "incits": "17127", "id": "US.IL.127", "population": 15073}}, {"geometry": {"type": "Polygon", "coordinates": [[[-9864, 4209], [-9824, 4177], [-9857, 4162], [-9873, 4175], [-9875, 4188], [-9864, 4209]]]}, "type": "Feature", "properties": {"name": "Monroe County", "stateAbbrev": "IL", "state": "Illinois", "fips": "133", "incits": "17133", "id": "US.IL.133", "population": 33493}}, {"geometry": {"type": "Polygon", "coordinates": [[[-9790, 4147], [-9790, 4176], [-9742, 4176], [-9740, 4166], [-9745, 4147], [-9790, 4147]]]}, "type": "Feature", "properties": {"name": "Perry County", "stateAbbrev": "IL", "state": "Illinois", "fips": "145", "incits": "17145", "id": "US.IL.145", "population": 21887}}, {"geometry": {"type": "Polygon", "coordinates": [[[-9752, 4080], [-9730, 4079], [-9717, 4076], [-9717, 4068], [-9744, 4051], [-9754, 4055], [-9752, 4080]]]}, "type": "Feature", "properties": {"name": "Pulaski County", "stateAbbrev": "IL", "state": "Illinois", "fips": "153", "incits": "17153", "id": "US.IL.153", "population": 5908}}, {"geometry": {"type": "Polygon", "coordinates": [[[-9857, 4162], [-9824, 4177], [-9802, 4176], [-9790, 4176], [-9790, 4147], [-9799, 4131], [-9857, 4162]]]}, "type": "Feature", "properties": {"name": "Randolph County", "stateAbbrev": "IL", "state": "Illinois", "fips": "157", "incits": "17157", "id": "US.IL.157", "population": 32890}}, {"geometry": {"type": "Polygon", "coordinates": [[[-9864, 4209], [-9854, 4225], [-9803, 4224], [-9802, 4198], [-9802, 4176], [-9824, 4177], [-9864, 4209]]]}, "type": "Feature", "properties": {"name": "St. Clair County", "stateAbbrev": "IL", "state": "Illinois", "fips": "163", "incits": "17163", "id": "US.IL.163", "population": 266955}}, {"geometry": {"type": "Polygon", "coordinates": [[[-9782, 4106], [-9742, 4109], [-9730, 4108], [-9730, 4079], [-9752, 4080], [-9778, 4080], [-9773, 4090], [-9782, 4106]]]}, "type": "Feature", "properties": {"name": "Union County", "stateAbbrev": "IL", "state": "Illinois", "fips": "181", "incits": "17181", "id": "US.IL.181", "population": 17583}}, {"geometry": {"type": "Polygon", "coordinates": [[[-9802, 4198], [-9789, 4205], [-9759, 4208], [-9758, 4208], [-9741, 4207], [-9741, 4204], [-9742, 4176], [-9790, 4176], [-9802, 4176], [-9802, 4198]]]}, "type": "Feature", "properties": {"name": "Washington County", "stateAbbrev": "IL", "state": "Illinois", "fips": "189", "incits": "17189", "id": "US.IL.189", "population": 14448}}, {"geometry": {"type": "Polygon", "coordinates": [[[-9742, 4138], [-9693, 4138], [-9693, 4109], [-9730, 4108], [-9742, 4109], [-9742, 4138]]]}, "type": "Feature", "properties": {"name": "Williamson County", "stateAbbrev": "IL", "state": "Illinois", "fips": "199", "incits": "17199", "id": "US.IL.199", "population": 66924}}, {"geometry": {"type": "Polygon", "coordinates": [[[-9745, 4147], [-9740, 4166], [-9693, 4166], [-9693, 4142], [-9693, 4138], [-9742, 4138], [-9745, 4147]]]}, "type": "Feature", "properties": {"name": "Franklin County", "stateAbbrev": "IL", "state": "Illinois", "fips": "055", "incits": "17055", "id": "US.IL.055", "population": 39202}}, {"geometry": {"type": "Polygon", "coordinates": [[[-9657, 4142], [-9626, 4141], [-9619, 4130], [-9633, 4116], [-9630, 4106], [-9657, 4109], [-9657, 4142]]]}, "type": "Feature", "properties": {"name": "Gallatin County", "stateAbbrev": "IL", "state": "Illinois", "fips": "059", "incits": "17059", "id": "US.IL.059", "population": 5415}}, {"geometry": {"type": "Polygon", "coordinates": [[[-9693, 4166], [-9693, 4180], [-9657, 4180], [-9657, 4142], [-9693, 4142], [-9693, 4166]]]}, "type": "Feature", "properties": {"name": "Hamilton County", "stateAbbrev": "IL", "state": "Illinois", "fips": "065", "incits": "17065", "id": "US.IL.065", "population": 8368}}, {"geometry": {"type": "Polygon", "coordinates": [[[-9661, 4089], [-9661, 4109], [-9657, 4109], [-9630, 4106], [-9626, 4095], [-9661, 4089]]]}, "type": "Feature", "properties": {"name": "Hardin County", "stateAbbrev": "IL", "state": "Illinois", "fips": "069", "incits": "17069", "id": "US.IL.069", "population": 4181}}, {"geometry": {"type": "Polygon", "coordinates": [[[-9693, 4109], [-9661, 4109], [-9661, 4089], [-9672, 4075], [-9662, 4060], [-9670, 4050], [-9670, 4060], [-9693, 4080], [-9693, 4109]]]}, "type": "Feature", "properties": {"name": "Pope County", "stateAbbrev": "IL", "state": "Illinois", "fips": "151", "incits": "17151", "id": "US.IL.151", "population": 4312}}, {"geometry": {"type": "Polygon", "coordinates": [[[-9693, 4109], [-9693, 4138], [-9693, 4142], [-9657, 4142], [-9657, 4109], [-9661, 4109], [-9693, 4109]]]}, "type": "Feature", "properties": {"name": "Saline County", "stateAbbrev": "IL", "state": "Illinois", "fips": "165", "incits": "17165", "id": "US.IL.165", "population": 24939}}, {"geometry": {"type": "Polygon", "coordinates": [[[-9657, 4180], [-9632, 4180], [-9615, 4181], [-9615, 4180], [-9607, 4170], [-9626, 4141], [-9657, 4142], [-9657, 4180]]]}, "type": "Feature", "properties": {"name": "White County", "stateAbbrev": "IL", "state": "Illinois", "fips": "193", "incits": "17193", "id": "US.IL.193", "population": 14549}}, {"geometry": {"type": "Polygon", "coordinates": [[[-9795, 4262], [-9753, 4264], [-9753, 4233], [-9790, 4233], [-9795, 4262]]]}, "type": "Feature", "properties": {"name": "Bond County", "stateAbbrev": "IL", "state": "Illinois", "fips": "005", "incits": "17005", "id": "US.IL.005", "population": 17470}}, {"geometry": {"type": "Polygon", "coordinates": [[[-9666, 4402], [-9666, 4414], [-9609, 4415], [-9609, 4358], [-9666, 4358], [-9666, 4402]]]}, "type": "Feature", "properties": {"name": "Champaign County", "stateAbbrev": "IL", "state": "Illinois", "fips": "019", "incits": "17019", "id": "US.IL.019", "population": 204897}}, {"geometry": {"type": "Polygon", "coordinates": [[[-9612, 4314], [-9565, 4314], [-9565, 4300], [-9575, 4279], [-9611, 4281], [-9617, 4281], [-9618, 4303], [-9612, 4314]]]}, "type": "Feature", "properties": {"name": "Clark County", "stateAbbrev": "IL", "state": "Illinois", "fips": "023", "incits": "17023", "id": "US.IL.023", "population": 16182}}, {"geometry": {"type": "Polygon", "coordinates": [[[-9692, 4219], [-9692, 4243], [-9692, 4252], [-9656, 4252], [-9644, 4245], [-9644, 4218], [-9692, 4219]]]}, "type": "Feature", "properties": {"name": "Clay County", "stateAbbrev": "IL", "state": "Illinois", "fips": "025", "incits": "17025", "id": "US.IL.025", "population": 13566}}, {"geometry": {"type": "Polygon", "coordinates": [[[-9668, 4333], [-9619, 4337], [-9612, 4337], [-9612, 4314], [-9618, 4303], [-9668, 4303], [-9668, 4310], [-9668, 4333]]]}, "type": "Feature", "properties": {"name": "Coles County", "stateAbbrev": "IL", "state": "Illinois", "fips": "029", "incits": "17029", "id": "US.IL.029", "population": 53697}}, {"geometry": {"type": "Polygon", "coordinates": [[[-9611, 4281], [-9575, 4279], [-9563, 4257], [-9565, 4246], [-9606, 4245], [-9610, 4245], [-9611, 4281]]]}, "type": "Feature", "properties": {"name": "Crawford County", "stateAbbrev": "IL", "state": "Illinois", "fips": "033", "incits": "17033", "id": "US.IL.033", "population": 19505}}, {"geometry": {"type": "Polygon", "coordinates": [[[-9668, 4303], [-9618, 4303], [-9617, 4281], [-9655, 4280], [-9667, 4285], [-9668, 4303]]]}, "type": "Feature", "properties": {"name": "Cumberland County", "stateAbbrev": "IL", "state": "Illinois", "fips": "035", "incits": "17035", "id": "US.IL.035", "population": 10939}}, {"geometry": {"type": "Polygon", "coordinates": [[[-9742, 4402], [-9679, 4402], [-9697, 4377], [-9741, 4376], [-9742, 4402]]]}, "type": "Feature", "properties": {"name": "De Witt County", "stateAbbrev": "IL", "state": "Illinois", "fips": "039", "incits": "17039", "id": "US.IL.039", "population": 16420}}, {"geometry": {"type": "Polygon", "coordinates": [[[-9668, 4333], [-9668, 4348], [-9666, 4358], [-9609, 4358], [-9612, 4337], [-9619, 4337], [-9668, 4333]]]}, "type": "Feature", "properties": {"name": "Douglas County", "stateAbbrev": "IL", "state": "Illinois", "fips": "041", "incits": "17041", "id": "US.IL.041", "population": 19887}}, {"geometry": {"type": "Polygon", "coordinates": [[[-9609, 4358], [-9565, 4358], [-9565, 4314], [-9612, 4314], [-9612, 4337], [-9609, 4358]]]}, "type": "Feature", "properties": {"name": "Edgar County", "stateAbbrev": "IL", "state": "Illinois", "fips": "045", "incits": "17045", "id": "US.IL.045", "population": 17960}}, {"geometry": {"type": "Polygon", "coordinates": [[[-9632, 4180], [-9632, 4215], [-9611, 4215], [-9615, 4181], [-9632, 4180]]]}, "type": "Feature", "properties": {"name": "Edwards County", "stateAbbrev": "IL", "state": "Illinois", "fips": "047", "incits": "17047", "id": "US.IL.047", "population": 6672}}, {"geometry": {"type": "Polygon", "coordinates": [[[-9704, 4285], [-9667, 4285], [-9655, 4280], [-9656, 4252], [-9692, 4252], [-9704, 4252], [-9704, 4285]]]}, "type": "Feature", "properties": {"name": "Effingham County", "stateAbbrev": "IL", "state": "Illinois", "fips": "049", "incits": "17049", "id": "US.IL.049", "population": 34307}}, {"geometry": {"type": "Polygon", "coordinates": [[[-9753, 4264], [-9753, 4285], [-9741, 4285], [-9704, 4285], [-9704, 4252], [-9692, 4252], [-9692, 4243], [-9740, 4242], [-9741, 4233], [-9753, 4233], [-9753, 4264]]]}, "type": "Feature", "properties": {"name": "Fayette County", "stateAbbrev": "IL", "state": "Illinois", "fips": "051", "incits": "17051", "id": "US.IL.051", "population": 22060}}, {"geometry": {"type": "Polygon", "coordinates": [[[-9656, 4252], [-9655, 4280], [-9617, 4281], [-9611, 4281], [-9610, 4245], [-9644, 4245], [-9656, 4252]]]}, "type": "Feature", "properties": {"name": "Jasper County", "stateAbbrev": "IL", "state": "Illinois", "fips": "079", "incits": "17079", "id": "US.IL.079", "population": 9592}}, {"geometry": {"type": "Polygon", "coordinates": [[[-9742, 4176], [-9741, 4204], [-9693, 4204], [-9693, 4180], [-9693, 4166], [-9740, 4166], [-9742, 4176]]]}, "type": "Feature", "properties": {"name": "Jefferson County", "stateAbbrev": "IL", "state": "Illinois", "fips": "081", "incits": "17081", "id": "US.IL.081", "population": 38644}}, {"geometry": {"type": "Polygon", "coordinates": [[[-9744, 4544], [-9718, 4549], [-9682, 4549], [-9681, 4530], [-9680, 4492], [-9718, 4492], [-9718, 4472], [-9731, 4472], [-9743, 4492], [-9743, 4514], [-9744, 4544]]]}, "type": "Feature", "properties": {"name": "LaSalle County", "stateAbbrev": "IL", "state": "Illinois", "fips": "099", "incits": "17099", "id": "US.IL.099", "population": 112183}}, {"geometry": {"type": "Polygon", "coordinates": [[[-9606, 4215], [-9606, 4245], [-9565, 4246], [-9561, 4234], [-9578, 4214], [-9606, 4215]]]}, "type": "Feature", "properties": {"name": "Lawrence County", "stateAbbrev": "IL", "state": "Illinois", "fips": "101", "incits": "17101", "id": "US.IL.101", "population": 16558}}, {"geometry": {"type": "Polygon", "coordinates": [[[-9741, 4204], [-9741, 4207], [-9741, 4233], [-9740, 4242], [-9692, 4243], [-9692, 4219], [-9693, 4204], [-9741, 4204]]]}, "type": "Feature", "properties": {"name": "Marion County", "stateAbbrev": "IL", "state": "Illinois", "fips": "121", "incits": "17121", "id": "US.IL.121", "population": 38622}}, {"geometry": {"type": "Polygon", "coordinates": [[[-9697, 4348], [-9697, 4377], [-9679, 4402], [-9666, 4402], [-9666, 4358], [-9668, 4348], [-9697, 4348]]]}, "type": "Feature", "properties": {"name": "Piatt County", "stateAbbrev": "IL", "state": "Illinois", "fips": "147", "incits": "17147", "id": "US.IL.147", "population": 16433}}, {"geometry": {"type": "Polygon", "coordinates": [[[-9644, 4245], [-9610, 4245], [-9606, 4245], [-9606, 4215], [-9611, 4215], [-9632, 4215], [-9644, 4218], [-9644, 4245]]]}, "type": "Feature", "properties": {"name": "Richland County", "stateAbbrev": "IL", "state": "Illinois", "fips": "159", "incits": "17159", "id": "US.IL.159", "population": 16182}}, {"geometry": {"type": "Polygon", "coordinates": [[[-9609, 4415], [-9609, 4424], [-9564, 4425], [-9565, 4358], [-9609, 4358], [-9609, 4415]]]}, "type": "Feature", "properties": {"name": "Vermilion County", "stateAbbrev": "IL", "state": "Illinois", "fips": "183", "incits": "17183", "id": "US.IL.183", "population": 80329}}, {"geometry": {"type": "Polygon", "coordinates": [[[-9611, 4215], [-9606, 4215], [-9578, 4214], [-9597, 4189], [-9615, 4180], [-9615, 4181], [-9611, 4215]]]}, "type": "Feature", "properties": {"name": "Wabash County", "stateAbbrev": "IL", "state": "Illinois", "fips": "185", "incits": "17185", "id": "US.IL.185", "population": 11665}}, {"geometry": {"type": "Polygon", "coordinates": [[[-9693, 4180], [-9693, 4204], [-9692, 4219], [-9644, 4218], [-9632, 4215], [-9632, 4180], [-9657, 4180], [-9693, 4180]]]}, "type": "Feature", "properties": {"name": "Wayne County", "stateAbbrev": "IL", "state": "Illinois", "fips": "191", "incits": "17191", "id": "US.IL.191", "population": 16612}}], "ac-tx": {"default": {"crs": "wsg84", "scale": 109.27263040219121, "xoffset": 0, "yoffset": 0}}}