{"type":"Topology","arcs":[[[950,425],[47,34],[66,0],[8,64],[42,39],[55,-39],[62,161]],[[1230,684],[20,-54],[70,-54],[58,-5]],[[1378,571],[4,-48],[31,-69],[66,-19],[20,49],[51,4]],[[1550,488],[19,-19],[93,19],[55,-53],[58,9],[39,40]],[[1814,484],[12,4]],[[1826,488],[78,-29],[-98,-83],[-77,-34]],[[1729,342],[-28,-20],[-109,-141],[-74,9],[-19,127],[-66,-83],[-66,20],[-43,-44],[-82,54],[-51,73],[-78,39],[-66,-15],[-66,25],[-31,39]],[[685,972],[35,-5],[20,64],[50,34],[63,5]],[[853,1070],[42,-64],[63,10],[23,-39],[62,-25],[35,30],[78,-59]],[[1156,923],[35,-44],[39,-195]],[[950,425],[-105,10],[-62,19],[-82,-39]],[[701,415],[-66,-29],[15,73],[4,142],[39,34],[-16,103],[12,122],[23,19],[-27,93]],[[588,952],[54,40],[43,-20]],[[701,415],[15,-68],[32,-34],[-90,-59],[-86,63],[-113,-9],[-39,-69],[-54,0],[-82,-161],[-50,0],[0,59],[-67,-15],[-19,132],[-55,24],[-7,64],[-51,15],[20,151],[-55,54],[93,92],[51,-34],[47,54],[163,-5],[144,112],[63,-39],[31,79],[-4,131]],[[2021,957],[-12,-24],[66,-122],[129,10],[0,-74],[-63,-34],[-4,-44]],[[2137,669],[-54,-29],[-8,-103],[-31,-68],[12,-34]],[[2056,435],[-4,-39]],[[2052,396],[-59,24],[-35,-15],[-50,88],[-59,35],[-23,-40]],[[1814,484],[-43,87]],[[1771,571],[82,83],[-12,49],[32,35],[62,-15],[-8,54],[8,161],[35,39],[51,-20]],[[2056,435],[66,14],[-27,49],[58,39],[43,-44],[39,25]],[[2235,518],[43,-20],[85,-151],[16,-10]],[[2379,337],[-16,-44],[-101,-93],[-66,20]],[[2196,220],[-43,73],[-35,10],[0,58],[-66,35]],[[2137,669],[16,-73],[66,-20],[16,-58]],[[2196,220],[-31,-64],[-109,-29],[-98,5],[0,-49],[-66,-10],[-58,-73],[-66,34],[-28,59],[51,83],[-31,98],[-43,4],[12,64]],[[2021,957],[39,103]],[[2060,1060],[93,-39],[136,39],[-8,-54],[59,-14],[23,-49],[144,-74],[63,-53],[-78,-59],[-28,-63],[39,-44],[0,-83],[63,-74],[4,-102],[19,-59],[-58,-39],[-98,49],[-54,-5]],[[1063,1499],[-39,-68],[-78,-49],[-4,-73],[-54,-34],[-39,-78],[-59,-20]],[[790,1177],[-93,10],[-86,-54],[-8,-39],[-77,-54]],[[526,1040],[-70,39],[-51,49],[-12,132],[12,34],[-43,78],[47,127],[93,0],[35,-19],[51,19],[-8,88],[-51,35],[-73,9],[7,64],[-120,39],[27,34],[113,5],[124,-34],[125,0],[43,-15],[89,49],[63,-54],[70,-122],[66,-98]],[[1647,972],[50,39],[59,-19],[27,29],[113,-10],[19,103],[0,53]],[[1915,1167],[59,-24],[97,5],[-11,-88]],[[1771,571],[-42,40],[-35,-40]],[[1694,571],[-12,171],[-31,39]],[[1651,781],[43,64],[7,73],[-54,54]],[[1577,1407],[35,19],[66,-63],[70,34],[47,5],[8,-69],[-20,-48],[39,-103],[47,-39],[46,24]],[[1647,972],[-82,44],[-35,-5],[-74,73]],[[1456,1084],[-4,54],[47,24],[39,59],[15,73],[-7,69],[31,44]],[[1063,1499],[19,15],[172,-102],[194,-15],[47,19],[82,-9]],[[1456,1084],[-43,-44],[-70,0],[-47,15],[-74,-49],[-35,5],[-31,-88]],[[853,1070],[7,29],[-70,78]],[[1651,781],[-51,-29],[-58,-14],[-43,-35],[-23,49],[-71,-49],[39,-29]],[[1444,674],[-31,-10],[-35,-93]],[[588,952],[-62,88]],[[1444,674],[39,-59],[39,15]],[[1522,630],[28,-142]],[[1694,571],[-106,15],[-66,44]]],"transform":{"scale":[0.25685592893008885,0.20473773265651438],"translate":[9334,2500]},"objects":{"hubei":{"type":"GeometryCollection","geometries":[{"arcs":[[0,1,2,3,4,5,6]],"type":"Polygon","properties":{"name":"Jingzhou City","admin_leve":"5","wikidata":"Q71247","localname":"荆州市 (Jingzhou)","boundary":"administrative","id":"CN.hubei.2709754"}},{"arcs":[[7,8,9,-1,10,11]],"type":"Polygon","properties":{"name":"Yichang City","admin_leve":"5","wikidata":"Q71266","localname":"宜昌市 (Yichang)","boundary":"administrative","id":"CN.hubei.2983923"}},{"arcs":[[12,-12,13]],"type":"Polygon","properties":{"name":"Enshi Tujia and Miao Autonomous Prefecture","admin_leve":"5","wikidata":"Q71415","localname":"恩施土家族苗族自治州","boundary":"administrative","id":"CN.hubei.2984075"}},{"arcs":[[14,15,16,17,-5,18,19]],"type":"Polygon","properties":{"name":"Wuhan City","admin_leve":"5","wikidata":"Q11746","localname":"武汉市 / Wuhan","boundary":"administrative","id":"CN.hubei.3076268"}},{"arcs":[[-17,20,21,22,23]],"type":"Polygon","properties":{"admin_leve":"5","localname":"黄石市","boundary":"administrative","id":"CN.hubei.3086592","name":"Huangshi"}},{"arcs":[[24,-21,-16]],"type":"Polygon","properties":{"name":"Ezhou City","admin_leve":"5","wikipedia":"en:Ezhou","wikidata":"Q71305","localname":"鄂州市 / Ezhou","boundary":"administrative","id":"CN.hubei.3086618"}},{"arcs":[[-6,-18,-24,25]],"type":"Polygon","properties":{"name":"Xianning City","admin_leve":"5","wikipedia":"en:Xianning","wikidata":"Q71373","localname":"咸宁市 / Xianning","boundary":"administrative","id":"CN.hubei.3106518"}},{"arcs":[[26,27,-22,-25,-15]],"type":"Polygon","properties":{"name":"Huanggang City","admin_leve":"5","wikidata":"Q71355","localname":"黄冈市 / Huanggang","boundary":"administrative","id":"CN.hubei.3144169"}},{"arcs":[[28,29,30]],"type":"Polygon","properties":{"name":"Shiyan City","admin_leve":"5","wikidata":"Q71227","localname":"十堰市 / Shiyan","boundary":"administrative","id":"CN.hubei.3206796"}},{"arcs":[[31,32,-27,-20,33,34,35]],"type":"Polygon","properties":{"name":"Xiaogan City","admin_leve":"5","wikipedia":"en:Xiaogan","wikidata":"Q71339","localname":"孝感市 / Xiaogan","boundary":"administrative","id":"CN.hubei.3216406"}},{"arcs":[[36,-32,37,38]],"type":"Polygon","properties":{"name":"Suizhou City","admin_leve":"5","wikipedia":"en:Suizhou","wikidata":"Q71401","localname":"随州市 / Suizhou","boundary":"administrative","id":"CN.hubei.3216520"}},{"arcs":[[39,-39,40,-9,41,-29]],"type":"Polygon","properties":{"name":"Xiangyang City","admin_leve":"5","wikipedia":"en:Xiangyang","wikidata":"Q71284","localname":"襄阳市 / Xiangyang","boundary":"administrative","id":"CN.hubei.3216590"}},{"arcs":[[-41,-38,-36,42,43,-2,-10]],"type":"Polygon","properties":{"name":"Jingmen City","admin_leve":"5","wikipedia":"en:Jingmen","wikidata":"Q71323","localname":"荆门市 / Jingmen","boundary":"administrative","id":"CN.hubei.3219965"}},{"arcs":[[-30,-42,-8,-13,44]],"type":"Polygon","properties":{"name":"Shennongjia Forestry District","admin_leve":"6","wikipedia":"en:Shennongjia","note":"Shennongjia is a county-level administrative unit directly subordinated to Hubei","wikidata":"Q1359055","localname":"神农架林区 (Shennongjia)","boundary":"administrative","id":"CN.hubei.2984052"}},{"arcs":[[-44,45,46,-3]],"type":"Polygon","properties":{"name":"Qianjiang City","admin_leve":"6","wikipedia":"en:Qianjiang","wikidata":"Q412073","localname":"潜江市 / Qianjiang","boundary":"administrative","id":"CN.hubei.3258831"}},{"arcs":[[-35,47,-46,-43]],"type":"Polygon","properties":{"name":"Tianmen City","admin_leve":"6","wikipedia":"en:Tianmen","note":"Tianmen is a sub-prefecture-level city with no counties/districts","wikidata":"Q71468","localname":"天门市 / Tianmen","boundary":"administrative","id":"CN.hubei.3258833"}},{"arcs":[[-48,-34,-19,-4,-47]],"type":"Polygon","properties":{"name":"Xiantao City","admin_leve":"6","wikipedia":"en:Xiantao","wikidata":"Q71455","localname":"仙桃市 / Xiantao","boundary":"administrative","id":"CN.hubei.3258834"}}]}},"crs":{"type":"name","properties":{"name":"urn:ogc:def:crs:EPSG:4326"}},"ac-tx":{"default":{"crs":"wsg84","scale":86.10220687938704,"xoffset":0,"yoffset":0}}}