{"type":"Topology","arcs":[[[99,634],[293,7],[12,30],[43,7]],[[447,678],[0,-37],[19,-43],[-62,0],[0,-44]],[[404,554],[-31,-15],[-6,-29],[-268,0]],[[99,510],[0,124]],[[342,204],[43,73],[44,95],[25,189]],[[454,561],[43,29]],[[497,590],[13,-29],[49,-14],[44,51]],[[603,598],[12,-15],[56,-14],[6,-168],[19,-58],[-56,-37],[-25,0],[-217,-87],[-56,-15]],[[479,663],[31,22]],[[510,685],[49,-22],[44,-65]],[[497,590],[-31,59],[13,14]],[[479,663],[-32,15]],[[99,634],[-6,284],[361,15],[0,-131],[37,7],[6,-36],[-12,-37],[25,-51]],[[404,554],[50,7]],[[342,204],[-44,22],[-112,-36],[-87,-15],[0,-88],[-99,124],[68,37],[-12,65],[37,8],[6,189]],[[199,58],[31,102],[19,22],[37,15],[37,-15],[31,-36],[19,-95],[-37,-44],[-69,-7],[-56,22],[-12,36]]],"transform":{"scale":[0.16091954022988506,0.13719185423365488],"translate":[-9999,5715]},"objects":{"rhode_island":{"type":"GeometryCollection","geometries":[{"arcs":[[0,1,2,3]],"type":"Polygon","properties":{"name":"Kent County","stateAbbrev":"RI","state":"Rhode Island","fips":"003","incits":"44003","id":"US.RI.003","population":165035}},{"arcs":[[4,5,6,7]],"type":"Polygon","properties":{"name":"Newport County","stateAbbrev":"RI","state":"Rhode Island","fips":"005","incits":"44005","id":"US.RI.005","population":82397}},{"arcs":[[8,9,-7,10]],"type":"Polygon","properties":{"name":"Bristol County","stateAbbrev":"RI","state":"Rhode Island","fips":"001","incits":"44001","id":"US.RI.001","population":49220}},{"arcs":[[-9,11,-1,12]],"type":"Polygon","properties":{"name":"Providence County","stateAbbrev":"RI","state":"Rhode Island","fips":"007","incits":"44007","id":"US.RI.007","population":628600}},{"arcs":[[[-3,13,-5,14]],[[15]]],"type":"MultiPolygon","properties":{"name":"Washington County","stateAbbrev":"RI","state":"Rhode Island","fips":"009","incits":"44009","id":"US.RI.009","population":126259}}]}},"crs":{"type":"name","properties":{"name":"urn:ogc:def:crs:EPSG:4326"}},"ac-tx":{"default":{"crs":"wsg84","scale":139.0538143212234,"xoffset":0,"yoffset":0}}}