{"type":"Topology","arcs":[[[1354,1322],[-113,-25]],[[1241,1297],[-78,-8],[-60,12]],[[1103,1301],[-86,98],[41,78],[60,12],[97,-65],[56,-13],[83,-89]],[[232,820],[4,-110]],[[236,710],[-15,-45],[-56,-53]],[[165,612],[-19,16]],[[146,628],[7,66],[-48,28],[67,118],[60,-20]],[[1264,918],[30,159],[-19,114]],[[1275,1191],[94,-8],[22,-37],[60,0]],[[1451,1146],[60,-24],[-60,-102],[34,-53]],[[1485,967],[-68,-53],[-56,4],[-52,-37],[-45,37]],[[1241,1297],[-48,-28],[-15,-53]],[[1178,1216],[-52,-74],[-19,-53],[-49,-37]],[[1058,1052],[-82,-65],[-60,33]],[[916,1020],[-15,24],[97,200],[105,57]],[[718,873],[37,49],[-30,37],[30,36],[120,-12]],[[875,983],[56,-86]],[[931,897],[-71,-12],[-56,-45]],[[804,840],[-86,33]],[[875,983],[41,37]],[[1058,1052],[71,-24],[56,-90],[41,-45]],[[1226,893],[-164,-28]],[[1062,865],[-67,-29]],[[995,836],[-64,61]],[[1451,1146],[131,86]],[[1582,1232],[63,-33],[19,-89],[-37,-131],[-64,33],[-78,-45]],[[1354,1322],[138,-4],[90,-86]],[[1275,1191],[-97,25]],[[1264,918],[-38,-25]],[[995,836],[-71,-130]],[[924,706],[-139,53]],[[785,759],[19,81]],[[860,326],[60,82],[-8,37],[27,98]],[[939,543],[33,12]],[[972,555],[82,61]],[[1054,616],[38,-41]],[[1092,575],[26,-85],[-7,-123]],[[1111,367],[-86,-53]],[[1025,314],[-38,25],[-127,-13]],[[1092,575],[120,-28],[18,-115]],[[1230,432],[-26,-77],[-78,-12],[-15,24]],[[1062,865],[-4,-45],[53,-53],[-15,-131],[-42,-20]],[[972,555],[-48,151]],[[1339,269],[22,-49],[-37,-41],[0,-61],[-30,-77],[-38,-41],[-78,57],[-11,69]],[[1167,126],[74,41],[68,86],[30,16]],[[1230,432],[68,13],[0,-53],[63,-57],[-22,-66]],[[1167,126],[-98,49],[-44,139]],[[658,767],[60,106]],[[785,759],[-48,-74]],[[737,685],[-4,-4]],[[733,681],[-64,29],[-11,57]],[[939,543],[-71,12],[-53,-12]],[[815,543],[-37,122],[-41,20]],[[561,498],[22,81]],[[583,579],[98,45],[52,57]],[[815,543],[-52,-70],[-71,29],[-30,-49]],[[662,453],[-101,45]],[[542,363],[19,135]],[[662,453],[45,-16],[11,-54]],[[718,383],[-8,-126],[-108,16]],[[602,273],[-60,90]],[[860,326],[-4,41],[-138,16]],[[396,538],[150,21]],[[546,559],[-26,-29]],[[520,530],[-79,-4]],[[441,526],[-33,-8]],[[408,518],[-12,20]],[[423,510],[18,16]],[[520,530],[-34,-40],[-60,0]],[[426,490],[-3,20]],[[389,445],[30,45]],[[419,490],[7,0]],[[546,559],[22,37]],[[568,596],[15,-17]],[[542,363],[-63,20],[-41,-24]],[[438,359],[-49,86]],[[348,587],[0,53]],[[348,640],[52,-4],[64,78]],[[464,714],[3,-78],[-71,-77]],[[396,559],[-48,28]],[[269,514],[26,78],[38,32]],[[333,624],[15,16]],[[348,587],[-23,-77]],[[325,510],[4,-33]],[[329,477],[-41,-57],[-34,12]],[[254,432],[15,82]],[[531,698],[75,8],[52,61]],[[568,596],[4,61],[-41,41]],[[64,563],[44,57],[38,8]],[[165,612],[86,-29],[-49,-61]],[[202,522],[-49,-65]],[[153,457],[-89,106]],[[232,820],[67,-29],[26,-36],[75,40],[56,-12],[15,-53]],[[471,730],[-7,-16]],[[333,624],[-11,29],[-86,57]],[[329,477],[49,-36]],[[378,441],[11,4]],[[438,359],[-64,-37],[19,-69]],[[393,253],[26,-61],[-64,-13],[-26,78],[-101,41],[-45,-8]],[[183,290],[71,142]],[[602,273],[-82,-53],[15,-45],[-49,-32],[-93,110]],[[153,457],[-18,-41]],[[135,416],[-56,-4],[-79,106],[64,45]],[[269,514],[-67,8]],[[183,290],[-48,126]],[[471,730],[60,-32]],[[396,538],[0,21]],[[408,518],[-4,0]],[[404,518],[-79,-8]],[[378,441],[41,49]],[[404,518],[19,-8]]],"transform":{"scale":[0.2674278846153846,0.24513096037609133],"translate":[9554,2555]},"objects":{"chongqing":{"type":"GeometryCollection","geometries":[{"arcs":[[0,1,2]],"type":"Polygon","properties":{"admin_leve":"6","localname":"城口县 (Chengkou)","boundary":"administrative","id":"CN.chongqing.2089846","name":"Chengkou County"}},{"arcs":[[3,4,5,6]],"type":"Polygon","properties":{"admin_leve":"6","localname":"潼南县","boundary":"administrative","id":"CN.chongqing.2194821","name":"Tongnan"}},{"arcs":[[7,8,9,10]],"type":"Polygon","properties":{"admin_leve":"6","localname":"奉节县 (Fengjie)","boundary":"administrative","id":"CN.chongqing.2692014","name":"Fengjie"}},{"arcs":[[-2,11,12,13,14]],"type":"Polygon","properties":{"admin_leve":"6","localname":"开县 (Kai)","boundary":"administrative","id":"CN.chongqing.2692015","name":"Kai"}},{"arcs":[[15,16,17,18]],"type":"Polygon","properties":{"admin_leve":"6","localname":"梁平县 (Liangping)","boundary":"administrative","id":"CN.chongqing.2692016","name":"Liangping"}},{"arcs":[[19,-14,20,21,22,23,-17]],"type":"Polygon","properties":{"name":"Wanzhou","admin_leve":"6","wikipedia":"zh:万州区","localname":"万州区 (Wanzhou)","boundary":"administrative","id":"CN.chongqing.2692017"}},{"arcs":[[24,25,-10]],"type":"Polygon","properties":{"admin_leve":"6","localname":"巫山县","boundary":"administrative","id":"CN.chongqing.2692018","name":"Wushan"}},{"arcs":[[-1,26,-25,-9,27,-12]],"type":"Polygon","properties":{"admin_leve":"6","localname":"巫溪县 (Wuxi)","boundary":"administrative","id":"CN.chongqing.2692019","name":"Wuxi"}},{"arcs":[[-13,-28,-8,28,-21]],"type":"Polygon","properties":{"admin_leve":"6","localname":"云阳县 (Yunyang)","boundary":"administrative","id":"CN.chongqing.2692020","name":"Yunyang"}},{"arcs":[[-18,-24,29,30,31]],"type":"Polygon","properties":{"admin_leve":"6","localname":"忠县 (Zhong)","boundary":"administrative","id":"CN.chongqing.2692021","name":"Zhong"}},{"arcs":[[32,33,34,35,36,37,38]],"type":"Polygon","properties":{"admin_leve":"6","localname":"彭水苗族土家族自治县 (Pengshu)","boundary":"administrative","id":"CN.chongqing.2693031","name":"Pengshui (Miao and Tujia) Autonomous County"}},{"arcs":[[39,40,-37]],"type":"Polygon","properties":{"admin_leve":"6","localname":"黔江区 (Qianjiang)","boundary":"administrative","id":"CN.chongqing.2693032","name":"Qianjiang District"}},{"arcs":[[-30,-23,41,-35,42]],"type":"Polygon","properties":{"admin_leve":"6","localname":"石柱土家族自治县 (Shizhu)","boundary":"administrative","id":"CN.chongqing.2693033","name":"Shizhu (Tujia) Autonomous County"}},{"arcs":[[43,44]],"type":"Polygon","properties":{"admin_leve":"6","localname":"秀山土家族苗族自治县 (Xiushan)","boundary":"administrative","id":"CN.chongqing.2693034","name":"Xiushan (Miao and Tujia) Autonomous County"}},{"arcs":[[-38,-41,45,-45,46]],"type":"Polygon","properties":{"admin_leve":"6","localname":"酉阳土家族苗族自治县 (Youyang)","boundary":"administrative","id":"CN.chongqing.2693035","name":"Youyang Miao and Tujia Autonomous County"}},{"arcs":[[47,-19,-32,48,49,50]],"type":"Polygon","properties":{"admin_leve":"6","localname":"垫江县 (Dianjiang)","boundary":"administrative","id":"CN.chongqing.2693275","name":"Dianjiang County"}},{"arcs":[[-49,-31,-43,-34,51,52]],"type":"Polygon","properties":{"admin_leve":"6","localname":"丰都县 (Fengdu)","boundary":"administrative","id":"CN.chongqing.2693276","name":"Fengdu County"}},{"arcs":[[53,54,-50,-53,55,56]],"type":"Polygon","properties":{"name":"Fuling District","admin_leve":"6","wikipedia":"en:Fuling District","localname":"涪陵区 (Fuling)","boundary":"administrative","id":"CN.chongqing.2693277"}},{"arcs":[[57,-57,58,59,60]],"type":"Polygon","properties":{"admin_leve":"6","localname":"南川区 (Nanchuan)","boundary":"administrative","id":"CN.chongqing.2693278","name":"Nanchuan District"}},{"arcs":[[-52,-33,61,-59,-56]],"type":"Polygon","properties":{"admin_leve":"6","localname":"武隆县 (Wulong)","boundary":"administrative","id":"CN.chongqing.2693279","name":"Wulong County"}},{"arcs":[[62,63,64,65,66]],"type":"Polygon","properties":{"admin_leve":"6","localname":"江北区 (Jiangbei)","boundary":"administrative","id":"CN.chongqing.2693314","name":"Jiangbei District"}},{"arcs":[[67,-65,68,69]],"type":"Polygon","properties":{"admin_leve":"6","localname":"南岸区 (Nan'an)","boundary":"administrative","id":"CN.chongqing.2693315","name":"Nan'an District"}},{"arcs":[[70,71,-69,-64,72,73,-54,-58,74,75]],"type":"Polygon","properties":{"admin_leve":"6","localname":"巴南区 (Banan)","boundary":"administrative","id":"CN.chongqing.2693394","name":"Banan District"}},{"arcs":[[76,77,78,79]],"type":"Polygon","properties":{"admin_leve":"6","localname":"北碚区 (Beibei)","boundary":"administrative","id":"CN.chongqing.2693395","name":"Beibei District"}},{"arcs":[[80,81,-77,82,83,84,85]],"type":"Polygon","properties":{"admin_leve":"6","localname":"璧山区 (Bishan)","boundary":"administrative","id":"CN.chongqing.2693396","name":"Bishan District"}},{"arcs":[[86,-51,-55,-74,87]],"type":"Polygon","properties":{"admin_leve":"6","localname":"长寿区 (Changshou)","boundary":"administrative","id":"CN.chongqing.2693397","name":"Changshou District"}},{"arcs":[[88,-6,89,90,91]],"type":"Polygon","properties":{"admin_leve":"6","localname":"大足区 (Dazu)","boundary":"administrative","id":"CN.chongqing.2693398","name":"Dazu District"}},{"arcs":[[92,93,-78,-82,94,-4]],"type":"Polygon","properties":{"admin_leve":"6","localname":"合川区 (Hechuan)","boundary":"administrative","id":"CN.chongqing.2693399","name":"Hechuan District"}},{"arcs":[[-85,95,96,-76,97,98,99]],"type":"Polygon","properties":{"admin_leve":"6","localname":"江津区 (Jiangjin)","boundary":"administrative","id":"CN.chongqing.2693400","name":"Jiangjin District"}},{"arcs":[[-75,-61,100,-98]],"type":"Polygon","properties":{"admin_leve":"6","localname":"綦江区 (Qijiang)","boundary":"administrative","id":"CN.chongqing.2693401","name":"Qijiang District"}},{"arcs":[[-92,101,102]],"type":"Polygon","properties":{"admin_leve":"6","localname":"荣昌县 (Rongchang)","boundary":"administrative","id":"CN.chongqing.2693402","name":"Rongchang County"}},{"arcs":[[-5,-95,-81,103,-90]],"type":"Polygon","properties":{"name":"Tongliang District","admin_leve":"6","wikipedia":"en:Tongliang District","localname":"铜梁区 (Tongliang)","boundary":"administrative","id":"CN.chongqing.2693403"}},{"arcs":[[-91,-104,-86,-100,104,-102]],"type":"Polygon","properties":{"admin_leve":"6","localname":"永川区 (Yongchuan)","boundary":"administrative","id":"CN.chongqing.2693404","name":"Yongchuan District"}},{"arcs":[[-79,-94,105,-88,-73,-63,106]],"type":"Polygon","properties":{"admin_leve":"6","localname":"渝北区 (Yubei)","boundary":"administrative","id":"CN.chongqing.2693405","name":"Yubei District"}},{"arcs":[[-80,-107,-67,107,108,-83]],"type":"Polygon","properties":{"name":"Shapingba District","admin_leve":"6","wikipedia":"en:Shapingba District","localname":"沙坪坝区 (Shapingba)","boundary":"administrative","id":"CN.chongqing.4738519"}},{"arcs":[[-71,-97,109]],"type":"Polygon","properties":{"name":"Dadukou District","admin_leve":"6","wikipedia":"en:Dadukou District","localname":"大渡口区 (Dadukou)","boundary":"administrative","id":"CN.chongqing.4738522"}},{"arcs":[[-109,110,-70,-72,-110,-96,-84]],"type":"Polygon","properties":{"name":"Jiulongpo District","admin_leve":"6","wikipedia":"en:Jiulongpo District","localname":"九龙坡区 (Jiulongpo)","boundary":"administrative","id":"CN.chongqing.4738524"}},{"arcs":[[-66,-68,-111,-108]],"type":"Polygon","properties":{"name":"Yuzhong District","admin_leve":"6","wikipedia":"en:Yuzhong District","localname":"渝中区 (Yuzhong)","boundary":"administrative","id":"CN.chongqing.4738525"}}]}},"crs":{"type":"name","properties":{"name":"urn:ogc:def:crs:EPSG:4326"}},"ac-tx":{"default":{"crs":"wsg84","scale":90.74290777541093,"xoffset":0,"yoffset":0}}}