{"crs": {"type": "name", "properties": {"name": "urn:ogc:def:crs:EPSG:4326"}}, "type": "FeatureCollection", "features": [{"geometry": {"type": "Polygon", "coordinates": [[[-9958, 5196], [-9971, 5187], [-9995, 5184], [-9999, 5241], [-9980, 5255], [-9963, 5256], [-9956, 5246], [-9968, 5229], [-9963, 5222], [-9969, 5205], [-9958, 5196]]]}, "type": "Feature", "properties": {"name": "New Castle County", "stateAbbrev": "DE", "state": "Delaware", "fips": "003", "incits": "10003", "id": "US.DE.003", "population": 549684}}, {"geometry": {"type": "Polygon", "coordinates": [[[-9995, 5184], [-9971, 5187], [-9958, 5196], [-9941, 5181], [-9913, 5145], [-9945, 5140], [-9968, 5124], [-9990, 5123], [-9995, 5184]]]}, "type": "Feature", "properties": {"name": "Kent County", "stateAbbrev": "DE", "state": "Delaware", "fips": "001", "incits": "10001", "id": "US.DE.001", "population": 169416}}, {"geometry": {"type": "Polygon", "coordinates": [[[-9990, 5123], [-9968, 5124], [-9945, 5140], [-9913, 5145], [-9897, 5118], [-9893, 5073], [-9986, 5074], [-9990, 5123]]]}, "type": "Feature", "properties": {"name": "Sussex County", "stateAbbrev": "DE", "state": "Delaware", "fips": "005", "incits": "10005", "id": "US.DE.005", "population": 206649}}], "ac-tx": {"default": {"crs": "wsg84", "scale": 131.9325585144449, "xoffset": 0, "yoffset": 0}}}