{"type":"Topology","arcs":[[[113,308],[-36,-23],[-66,-7]],[[11,278],[-11,142],[53,35],[47,3],[19,-25],[-33,-43],[14,-17],[-17,-43],[30,-22]],[[113,308],[47,-38],[78,-90]],[[238,180],[-89,-12],[-63,-40],[-61,-3]],[[25,125],[-14,153]],[[238,180],[44,-67],[11,-113],[-257,3],[-11,122]]],"transform":{"scale":[0.36177474402730375,0.39956331877729256],"translate":[-9999,5073]},"objects":{"delaware":{"type":"GeometryCollection","geometries":[{"arcs":[[0,1]],"type":"Polygon","properties":{"name":"New Castle County","stateAbbrev":"DE","state":"Delaware","fips":"003","incits":"10003","id":"US.DE.003","population":549684}},{"arcs":[[-1,2,3,4]],"type":"Polygon","properties":{"name":"Kent County","stateAbbrev":"DE","state":"Delaware","fips":"001","incits":"10001","id":"US.DE.001","population":169416}},{"arcs":[[-4,5]],"type":"Polygon","properties":{"name":"Sussex County","stateAbbrev":"DE","state":"Delaware","fips":"005","incits":"10005","id":"US.DE.005","population":206649}}]}},"crs":{"type":"name","properties":{"name":"urn:ogc:def:crs:EPSG:4326"}},"ac-tx":{"default":{"crs":"wsg84","scale":131.9325585144449,"xoffset":0,"yoffset":0}}}