{"crs": {"type": "name", "properties": {"name": "urn:ogc:def:crs:EPSG:4326"}}, "type": "FeatureCollection", "features": [{"geometry": {"type": "Polygon", "coordinates": [[[-9049, 4334], [-8988, 4334], [-8982, 4311], [-8978, 4298], [-8990, 4295], [-8984, 4276], [-8993, 4272], [-9001, 4279], [-8999, 4288], [-9006, 4301], [-9015, 4310], [-9026, 4311], [-9031, 4319], [-9049, 4334]]]}, "type": "Feature", "properties": {"name": "Currituck County", "stateAbbrev": "NC", "state": "North Carolina", "fips": "053", "incits": "37053", "id": "US.NC.053", "population": 24396}}, {"geometry": {"type": "Polygon", "coordinates": [[[-9018, 4229], [-9016, 4231], [-9013, 4257], [-9006, 4268], [-8993, 4272], [-8984, 4276], [-8990, 4295], [-8978, 4298], [-8973, 4287], [-8945, 4239], [-8941, 4221], [-8944, 4197], [-8950, 4174], [-8981, 4167], [-9000, 4230], [-9018, 4229]]]}, "type": "Feature", "properties": {"name": "Dare County", "stateAbbrev": "NC", "state": "North Carolina", "fips": "055", "incits": "37055", "id": "US.NC.055", "population": 35019}}, {"geometry": {"type": "Polygon", "coordinates": [[[-9088, 4234], [-9060, 4233], [-9044, 4232], [-9048, 4223], [-9038, 4221], [-9033, 4233], [-9018, 4229], [-9000, 4230], [-8981, 4167], [-9001, 4159], [-9013, 4151], [-9013, 4157], [-9020, 4165], [-9045, 4176], [-9054, 4180], [-9065, 4189], [-9074, 4192], [-9082, 4204], [-9082, 4212], [-9073, 4212], [-9068, 4216], [-9079, 4222], [-9088, 4234]]]}, "type": "Feature", "properties": {"name": "Hyde County", "stateAbbrev": "NC", "state": "North Carolina", "fips": "095", "incits": "37095", "id": "US.NC.095", "population": 5721}}, {"geometry": {"type": "Polygon", "coordinates": [[[-9156, 4298], [-9145, 4325], [-9142, 4330], [-9150, 4334], [-9121, 4333], [-9124, 4325], [-9123, 4316], [-9103, 4311], [-9095, 4304], [-9096, 4298], [-9127, 4297], [-9156, 4298]]]}, "type": "Feature", "properties": {"name": "Hertford County", "stateAbbrev": "NC", "state": "North Carolina", "fips": "091", "incits": "37091", "id": "US.NC.091", "population": 24431}}, {"geometry": {"type": "Polygon", "coordinates": [[[-9079, 4311], [-9066, 4314], [-9057, 4301], [-9050, 4297], [-9031, 4276], [-9055, 4271], [-9059, 4272], [-9060, 4278], [-9080, 4282], [-9082, 4297], [-9079, 4311]]]}, "type": "Feature", "properties": {"name": "Perquimans County", "stateAbbrev": "NC", "state": "North Carolina", "fips": "143", "incits": "37143", "id": "US.NC.143", "population": 13601}}, {"geometry": {"type": "Polygon", "coordinates": [[[-9076, 4334], [-9049, 4334], [-9031, 4319], [-9026, 4311], [-9015, 4310], [-9006, 4301], [-8999, 4288], [-9001, 4279], [-9014, 4281], [-9016, 4288], [-9028, 4301], [-9036, 4303], [-9040, 4313], [-9064, 4324], [-9070, 4329], [-9076, 4334]]]}, "type": "Feature", "properties": {"name": "Camden County", "stateAbbrev": "NC", "state": "North Carolina", "fips": "029", "incits": "37029", "id": "US.NC.029", "population": 10187}}, {"geometry": {"type": "Polygon", "coordinates": [[[-9121, 4333], [-9076, 4334], [-9070, 4329], [-9066, 4314], [-9079, 4311], [-9095, 4304], [-9103, 4311], [-9123, 4316], [-9124, 4325], [-9121, 4333]]]}, "type": "Feature", "properties": {"name": "Gates County", "stateAbbrev": "NC", "state": "North Carolina", "fips": "073", "incits": "37073", "id": "US.NC.073", "population": 11650}}, {"geometry": {"type": "Polygon", "coordinates": [[[-9070, 4329], [-9064, 4324], [-9040, 4313], [-9036, 4303], [-9028, 4301], [-9016, 4288], [-9014, 4281], [-9031, 4276], [-9050, 4297], [-9057, 4301], [-9066, 4314], [-9070, 4329]]]}, "type": "Feature", "properties": {"name": "Pasquotank County", "stateAbbrev": "NC", "state": "North Carolina", "fips": "139", "incits": "37139", "id": "US.NC.139", "population": 39981}}, {"geometry": {"type": "Polygon", "coordinates": [[[-9170, 4278], [-9160, 4280], [-9166, 4289], [-9165, 4294], [-9156, 4298], [-9127, 4297], [-9096, 4298], [-9099, 4286], [-9096, 4276], [-9084, 4266], [-9094, 4263], [-9102, 4253], [-9117, 4247], [-9121, 4257], [-9131, 4252], [-9136, 4262], [-9153, 4261], [-9154, 4268], [-9170, 4278]]]}, "type": "Feature", "properties": {"name": "Bertie County", "stateAbbrev": "NC", "state": "North Carolina", "fips": "015", "incits": "37015", "id": "US.NC.015", "population": 20344}}, {"geometry": {"type": "Polygon", "coordinates": [[[-9096, 4298], [-9095, 4304], [-9079, 4311], [-9082, 4297], [-9080, 4282], [-9060, 4278], [-9059, 4272], [-9074, 4266], [-9084, 4266], [-9096, 4276], [-9099, 4286], [-9096, 4298]]]}, "type": "Feature", "properties": {"name": "Chowan County", "stateAbbrev": "NC", "state": "North Carolina", "fips": "041", "incits": "37041", "id": "US.NC.041", "population": 14726}}, {"geometry": {"type": "Polygon", "coordinates": [[[-9432, 4250], [-9432, 4257], [-9431, 4298], [-9431, 4299], [-9398, 4298], [-9399, 4259], [-9398, 4254], [-9396, 4250], [-9432, 4250]]]}, "type": "Feature", "properties": {"name": "Alamance County", "stateAbbrev": "NC", "state": "North Carolina", "fips": "001", "incits": "37001", "id": "US.NC.001", "population": 154378}}, {"geometry": {"type": "Polygon", "coordinates": [[[-9644, 4269], [-9637, 4272], [-9609, 4274], [-9606, 4264], [-9610, 4252], [-9618, 4242], [-9622, 4248], [-9644, 4245], [-9646, 4260], [-9644, 4269]]]}, "type": "Feature", "properties": {"name": "Alexander County", "stateAbbrev": "NC", "state": "North Carolina", "fips": "003", "incits": "37003", "id": "US.NC.003", "population": 36930}}, {"geometry": {"type": "Polygon", "coordinates": [[[-9647, 4337], [-9593, 4336], [-9602, 4322], [-9601, 4317], [-9608, 4314], [-9616, 4321], [-9633, 4313], [-9647, 4337]]]}, "type": "Feature", "properties": {"name": "Alleghany County", "stateAbbrev": "NC", "state": "North Carolina", "fips": "005", "incits": "37005", "id": "US.NC.005", "population": 10939}}, {"geometry": {"type": "Polygon", "coordinates": [[[-9524, 4128], [-9520, 4174], [-9515, 4169], [-9505, 4171], [-9496, 4168], [-9486, 4160], [-9476, 4162], [-9469, 4140], [-9478, 4127], [-9524, 4128]]]}, "type": "Feature", "properties": {"name": "Anson County", "stateAbbrev": "NC", "state": "North Carolina", "fips": "007", "incits": "37007", "id": "US.NC.007", "population": 26161}}, {"geometry": {"type": "Polygon", "coordinates": [[[-9647, 4337], [-9633, 4313], [-9643, 4314], [-9662, 4297], [-9681, 4311], [-9692, 4315], [-9688, 4324], [-9689, 4333], [-9685, 4339], [-9647, 4337]]]}, "type": "Feature", "properties": {"name": "Ashe County", "stateAbbrev": "NC", "state": "North Carolina", "fips": "009", "incits": "37009", "id": "US.NC.009", "population": 27151}}, {"geometry": {"type": "Polygon", "coordinates": [[[-9733, 4281], [-9728, 4283], [-9714, 4303], [-9713, 4294], [-9704, 4289], [-9701, 4282], [-9693, 4277], [-9701, 4265], [-9713, 4269], [-9717, 4264], [-9721, 4258], [-9728, 4262], [-9733, 4281]]]}, "type": "Feature", "properties": {"name": "Avery County", "stateAbbrev": "NC", "state": "North Carolina", "fips": "011", "incits": "37011", "id": "US.NC.011", "population": 17713}}, {"geometry": {"type": "Polygon", "coordinates": [[[-9151, 4237], [-9129, 4228], [-9112, 4234], [-9088, 4234], [-9079, 4222], [-9068, 4216], [-9073, 4212], [-9082, 4212], [-9082, 4204], [-9074, 4192], [-9085, 4189], [-9087, 4178], [-9112, 4176], [-9118, 4180], [-9126, 4186], [-9153, 4200], [-9152, 4212], [-9143, 4219], [-9151, 4226], [-9151, 4237]]]}, "type": "Feature", "properties": {"name": "Beaufort County", "stateAbbrev": "NC", "state": "North Carolina", "fips": "013", "incits": "37013", "id": "US.NC.013", "population": 47464}}, {"geometry": {"type": "Polygon", "coordinates": [[[-9357, 4131], [-9347, 4133], [-9310, 4133], [-9309, 4134], [-9288, 4111], [-9280, 4097], [-9280, 4092], [-9270, 4087], [-9280, 4079], [-9289, 4075], [-9302, 4076], [-9329, 4088], [-9348, 4086], [-9352, 4089], [-9351, 4098], [-9345, 4112], [-9357, 4131]]]}, "type": "Feature", "properties": {"name": "Bladen County", "stateAbbrev": "NC", "state": "North Carolina", "fips": "017", "incits": "37017", "id": "US.NC.017", "population": 34843}}, {"geometry": {"type": "Polygon", "coordinates": [[[-9269, 4074], [-9253, 4071], [-9244, 4059], [-9241, 4039], [-9243, 4028], [-9237, 4006], [-9245, 4002], [-9257, 4014], [-9280, 4016], [-9309, 4010], [-9326, 4025], [-9325, 4033], [-9316, 4038], [-9314, 4048], [-9308, 4052], [-9299, 4048], [-9294, 4056], [-9280, 4057], [-9269, 4074]]]}, "type": "Feature", "properties": {"name": "Brunswick County", "stateAbbrev": "NC", "state": "North Carolina", "fips": "019", "incits": "37019", "id": "US.NC.019", "population": 115301}}, {"geometry": {"type": "Polygon", "coordinates": [[[-9829, 4231], [-9819, 4232], [-9784, 4246], [-9771, 4248], [-9756, 4234], [-9758, 4232], [-9754, 4217], [-9744, 4213], [-9751, 4213], [-9755, 4206], [-9763, 4210], [-9780, 4203], [-9799, 4203], [-9812, 4201], [-9819, 4206], [-9815, 4218], [-9829, 4231]]]}, "type": "Feature", "properties": {"name": "Buncombe County", "stateAbbrev": "NC", "state": "North Carolina", "fips": "021", "incits": "37021", "id": "US.NC.021", "population": 247912}}, {"geometry": {"type": "Polygon", "coordinates": [[[-9717, 4264], [-9713, 4269], [-9701, 4265], [-9689, 4254], [-9676, 4248], [-9671, 4243], [-9658, 4243], [-9650, 4240], [-9668, 4218], [-9668, 4218], [-9688, 4219], [-9690, 4222], [-9703, 4219], [-9708, 4236], [-9723, 4246], [-9713, 4255], [-9717, 4264]]]}, "type": "Feature", "properties": {"name": "Burke County", "stateAbbrev": "NC", "state": "North Carolina", "fips": "023", "incits": "37023", "id": "US.NC.023", "population": 89842}}, {"geometry": {"type": "Polygon", "coordinates": [[[-9580, 4210], [-9574, 4210], [-9521, 4210], [-9547, 4172], [-9552, 4175], [-9566, 4182], [-9576, 4201], [-9580, 4210]]]}, "type": "Feature", "properties": {"name": "Cabarrus County", "stateAbbrev": "NC", "state": "North Carolina", "fips": "025", "incits": "37025", "id": "US.NC.025", "population": 187226}}, {"geometry": {"type": "Polygon", "coordinates": [[[-9701, 4282], [-9670, 4283], [-9654, 4278], [-9644, 4269], [-9646, 4260], [-9644, 4245], [-9650, 4240], [-9658, 4243], [-9671, 4243], [-9676, 4248], [-9689, 4254], [-9701, 4265], [-9693, 4277], [-9701, 4282]]]}, "type": "Feature", "properties": {"name": "Caldwell County", "stateAbbrev": "NC", "state": "North Carolina", "fips": "027", "incits": "37027", "id": "US.NC.027", "population": 81990}}, {"geometry": {"type": "Polygon", "coordinates": [[[-9141, 4127], [-9126, 4128], [-9117, 4132], [-9102, 4132], [-9094, 4135], [-9090, 4143], [-9097, 4148], [-9045, 4176], [-9020, 4165], [-9013, 4157], [-9013, 4151], [-9015, 4151], [-9042, 4131], [-9057, 4117], [-9071, 4097], [-9081, 4097], [-9085, 4105], [-9094, 4108], [-9109, 4108], [-9131, 4105], [-9145, 4101], [-9143, 4111], [-9146, 4122], [-9150, 4125], [-9141, 4127]]]}, "type": "Feature", "properties": {"name": "Carteret County", "stateAbbrev": "NC", "state": "North Carolina", "fips": "031", "incits": "37031", "id": "US.NC.031", "population": 68434}}, {"geometry": {"type": "Polygon", "coordinates": [[[-9431, 4299], [-9429, 4333], [-9385, 4333], [-9386, 4298], [-9398, 4298], [-9431, 4299]]]}, "type": "Feature", "properties": {"name": "Caswell County", "stateAbbrev": "NC", "state": "North Carolina", "fips": "033", "incits": "37033", "id": "US.NC.033", "population": 23190}}, {"geometry": {"type": "Polygon", "coordinates": [[[-9668, 4218], [-9650, 4240], [-9644, 4245], [-9622, 4248], [-9618, 4242], [-9613, 4235], [-9604, 4233], [-9599, 4226], [-9600, 4215], [-9668, 4218]]]}, "type": "Feature", "properties": {"name": "Catawba County", "stateAbbrev": "NC", "state": "North Carolina", "fips": "035", "incits": "37035", "id": "US.NC.035", "population": 154810}}, {"geometry": {"type": "Polygon", "coordinates": [[[-9434, 4212], [-9432, 4250], [-9396, 4250], [-9398, 4254], [-9370, 4253], [-9357, 4253], [-9367, 4223], [-9358, 4220], [-9365, 4212], [-9377, 4223], [-9383, 4225], [-9401, 4213], [-9409, 4212], [-9434, 4212]]]}, "type": "Feature", "properties": {"name": "Chatham County", "stateAbbrev": "NC", "state": "North Carolina", "fips": "037", "incits": "37037", "id": "US.NC.037", "population": 66817}}, {"geometry": {"type": "Polygon", "coordinates": [[[-9964, 4185], [-9957, 4176], [-9942, 4181], [-9925, 4180], [-9930, 4169], [-9945, 4165], [-9962, 4149], [-9999, 4149], [-9995, 4177], [-9972, 4180], [-9964, 4185]]]}, "type": "Feature", "properties": {"name": "Cherokee County", "stateAbbrev": "NC", "state": "North Carolina", "fips": "039", "incits": "37039", "id": "US.NC.039", "population": 27218}}, {"geometry": {"type": "Polygon", "coordinates": [[[-9962, 4149], [-9945, 4165], [-9930, 4169], [-9920, 4169], [-9900, 4150], [-9916, 4149], [-9962, 4149]]]}, "type": "Feature", "properties": {"name": "Clay County", "stateAbbrev": "NC", "state": "North Carolina", "fips": "043", "incits": "37043", "id": "US.NC.043", "population": 10584}}, {"geometry": {"type": "Polygon", "coordinates": [[[-9696, 4172], [-9688, 4193], [-9688, 4219], [-9668, 4218], [-9659, 4200], [-9647, 4190], [-9643, 4181], [-9644, 4170], [-9696, 4172]]]}, "type": "Feature", "properties": {"name": "Cleveland County", "stateAbbrev": "NC", "state": "North Carolina", "fips": "045", "incits": "37045", "id": "US.NC.045", "population": 97047}}, {"geometry": {"type": "Polygon", "coordinates": [[[-9377, 4067], [-9362, 4086], [-9352, 4089], [-9348, 4086], [-9329, 4088], [-9302, 4076], [-9289, 4075], [-9280, 4079], [-9269, 4074], [-9280, 4057], [-9294, 4056], [-9299, 4048], [-9308, 4052], [-9314, 4048], [-9316, 4038], [-9325, 4033], [-9326, 4025], [-9377, 4067]]]}, "type": "Feature", "properties": {"name": "Columbus County", "stateAbbrev": "NC", "state": "North Carolina", "fips": "047", "incits": "37047", "id": "US.NC.047", "population": 57246}}, {"geometry": {"type": "Polygon", "coordinates": [[[-9187, 4177], [-9184, 4186], [-9177, 4191], [-9153, 4200], [-9126, 4186], [-9118, 4180], [-9126, 4174], [-9123, 4163], [-9127, 4155], [-9118, 4148], [-9105, 4144], [-9097, 4148], [-9090, 4143], [-9094, 4135], [-9102, 4132], [-9117, 4132], [-9126, 4128], [-9141, 4127], [-9144, 4130], [-9143, 4153], [-9148, 4157], [-9187, 4177]]]}, "type": "Feature", "properties": {"name": "Craven County", "stateAbbrev": "NC", "state": "North Carolina", "fips": "049", "incits": "37049", "id": "US.NC.049", "population": 104489}}, {"geometry": {"type": "Polygon", "coordinates": [[[-9380, 4171], [-9379, 4173], [-9354, 4178], [-9344, 4182], [-9323, 4179], [-9324, 4167], [-9329, 4161], [-9326, 4150], [-9309, 4134], [-9310, 4133], [-9347, 4133], [-9357, 4131], [-9362, 4140], [-9372, 4145], [-9379, 4155], [-9381, 4164], [-9380, 4171]]]}, "type": "Feature", "properties": {"name": "Cumberland County", "stateAbbrev": "NC", "state": "North Carolina", "fips": "051", "incits": "37051", "id": "US.NC.051", "population": 325871}}, {"geometry": {"type": "Polygon", "coordinates": [[[-9534, 4266], [-9528, 4269], [-9512, 4269], [-9512, 4272], [-9492, 4270], [-9492, 4260], [-9494, 4210], [-9508, 4210], [-9511, 4219], [-9526, 4231], [-9541, 4239], [-9543, 4249], [-9531, 4261], [-9534, 4266]]]}, "type": "Feature", "properties": {"name": "Davidson County", "stateAbbrev": "NC", "state": "North Carolina", "fips": "057", "incits": "37057", "id": "US.NC.057", "population": 163420}}, {"geometry": {"type": "Polygon", "coordinates": [[[-9570, 4251], [-9569, 4275], [-9546, 4275], [-9541, 4276], [-9534, 4266], [-9531, 4261], [-9543, 4249], [-9541, 4239], [-9555, 4248], [-9570, 4251]]]}, "type": "Feature", "properties": {"name": "Davie County", "stateAbbrev": "NC", "state": "North Carolina", "fips": "059", "incits": "37059", "id": "US.NC.059", "population": 41554}}, {"geometry": {"type": "Polygon", "coordinates": [[[-9269, 4173], [-9255, 4173], [-9236, 4170], [-9230, 4171], [-9222, 4168], [-9217, 4151], [-9211, 4147], [-9208, 4141], [-9211, 4117], [-9263, 4117], [-9273, 4120], [-9267, 4139], [-9269, 4173]]]}, "type": "Feature", "properties": {"name": "Duplin County", "stateAbbrev": "NC", "state": "North Carolina", "fips": "061", "incits": "37061", "id": "US.NC.061", "population": 60084}}, {"geometry": {"type": "Polygon", "coordinates": [[[-9370, 4253], [-9362, 4297], [-9344, 4297], [-9345, 4279], [-9338, 4277], [-9332, 4270], [-9339, 4259], [-9348, 4253], [-9357, 4253], [-9370, 4253]]]}, "type": "Feature", "properties": {"name": "Durham County", "stateAbbrev": "NC", "state": "North Carolina", "fips": "063", "incits": "37063", "id": "US.NC.063", "population": 288133}}, {"geometry": {"type": "Polygon", "coordinates": [[[-9357, 4253], [-9348, 4253], [-9339, 4259], [-9332, 4270], [-9338, 4277], [-9331, 4278], [-9314, 4272], [-9300, 4267], [-9282, 4253], [-9280, 4247], [-9305, 4234], [-9333, 4212], [-9358, 4220], [-9367, 4223], [-9357, 4253]]]}, "type": "Feature", "properties": {"name": "Wake County", "stateAbbrev": "NC", "state": "North Carolina", "fips": "183", "incits": "37183", "id": "US.NC.183", "population": 974289}}, {"geometry": {"type": "Polygon", "coordinates": [[[-9229, 4253], [-9223, 4270], [-9214, 4287], [-9194, 4279], [-9193, 4273], [-9179, 4270], [-9171, 4258], [-9172, 4247], [-9177, 4249], [-9210, 4230], [-9216, 4237], [-9220, 4248], [-9229, 4253]]]}, "type": "Feature", "properties": {"name": "Edgecombe County", "stateAbbrev": "NC", "state": "North Carolina", "fips": "065", "incits": "37065", "id": "US.NC.065", "population": 55574}}, {"geometry": {"type": "Polygon", "coordinates": [[[-9541, 4298], [-9541, 4300], [-9491, 4299], [-9492, 4270], [-9512, 4272], [-9512, 4269], [-9528, 4269], [-9534, 4266], [-9541, 4276], [-9546, 4275], [-9548, 4280], [-9539, 4285], [-9541, 4298]]]}, "type": "Feature", "properties": {"name": "Forsyth County", "stateAbbrev": "NC", "state": "North Carolina", "fips": "067", "incits": "37067", "id": "US.NC.067", "population": 361220}}, {"geometry": {"type": "Polygon", "coordinates": [[[-9314, 4272], [-9314, 4279], [-9309, 4290], [-9298, 4289], [-9295, 4297], [-9286, 4301], [-9265, 4298], [-9251, 4293], [-9267, 4269], [-9280, 4247], [-9282, 4253], [-9300, 4267], [-9314, 4272]]]}, "type": "Feature", "properties": {"name": "Franklin County", "stateAbbrev": "NC", "state": "North Carolina", "fips": "069", "incits": "37069", "id": "US.NC.069", "population": 62260}}, {"geometry": {"type": "Polygon", "coordinates": [[[-9659, 4200], [-9600, 4198], [-9598, 4192], [-9607, 4185], [-9606, 4169], [-9609, 4168], [-9644, 4170], [-9643, 4181], [-9647, 4190], [-9659, 4200]]]}, "type": "Feature", "properties": {"name": "Gaston County", "stateAbbrev": "NC", "state": "North Carolina", "fips": "071", "incits": "37071", "id": "US.NC.071", "population": 209420}}, {"geometry": {"type": "Polygon", "coordinates": [[[-9956, 4205], [-9937, 4204], [-9911, 4199], [-9923, 4183], [-9925, 4180], [-9942, 4181], [-9957, 4176], [-9964, 4185], [-9963, 4198], [-9956, 4205]]]}, "type": "Feature", "properties": {"name": "Graham County", "stateAbbrev": "NC", "state": "North Carolina", "fips": "075", "incits": "37075", "id": "US.NC.075", "population": 8736}}, {"geometry": {"type": "Polygon", "coordinates": [[[-9344, 4297], [-9344, 4333], [-9303, 4333], [-9310, 4323], [-9310, 4291], [-9309, 4290], [-9314, 4279], [-9314, 4272], [-9331, 4278], [-9338, 4277], [-9345, 4279], [-9344, 4297]]]}, "type": "Feature", "properties": {"name": "Granville County", "stateAbbrev": "NC", "state": "North Carolina", "fips": "077", "incits": "37077", "id": "US.NC.077", "population": 58275}}, {"geometry": {"type": "Polygon", "coordinates": [[[-9228, 4218], [-9214, 4228], [-9203, 4218], [-9191, 4210], [-9187, 4201], [-9206, 4192], [-9214, 4196], [-9226, 4194], [-9229, 4202], [-9228, 4218]]]}, "type": "Feature", "properties": {"name": "Greene County", "stateAbbrev": "NC", "state": "North Carolina", "fips": "079", "incits": "37079", "id": "US.NC.079", "population": 21232}}, {"geometry": {"type": "Polygon", "coordinates": [[[-9492, 4260], [-9492, 4270], [-9491, 4299], [-9431, 4298], [-9432, 4257], [-9492, 4260]]]}, "type": "Feature", "properties": {"name": "Guilford County", "stateAbbrev": "NC", "state": "North Carolina", "fips": "081", "incits": "37081", "id": "US.NC.081", "population": 506610}}, {"geometry": {"type": "Polygon", "coordinates": [[[-9251, 4293], [-9243, 4304], [-9238, 4330], [-9220, 4326], [-9207, 4326], [-9197, 4318], [-9200, 4311], [-9196, 4305], [-9183, 4307], [-9177, 4294], [-9166, 4289], [-9160, 4280], [-9170, 4278], [-9179, 4270], [-9193, 4273], [-9194, 4279], [-9214, 4287], [-9236, 4286], [-9251, 4293]]]}, "type": "Feature", "properties": {"name": "Halifax County", "stateAbbrev": "NC", "state": "North Carolina", "fips": "083", "incits": "37083", "id": "US.NC.083", "population": 53453}}, {"geometry": {"type": "Polygon", "coordinates": [[[-9390, 4187], [-9365, 4212], [-9358, 4220], [-9333, 4212], [-9328, 4209], [-9313, 4188], [-9323, 4179], [-9344, 4182], [-9354, 4178], [-9379, 4173], [-9394, 4182], [-9390, 4187]]]}, "type": "Feature", "properties": {"name": "Harnett County", "stateAbbrev": "NC", "state": "North Carolina", "fips": "085", "incits": "37085", "id": "US.NC.085", "population": 124987}}, {"geometry": {"type": "Polygon", "coordinates": [[[-9838, 4244], [-9829, 4231], [-9815, 4218], [-9819, 4206], [-9812, 4201], [-9822, 4189], [-9833, 4185], [-9849, 4201], [-9863, 4212], [-9864, 4230], [-9873, 4233], [-9861, 4241], [-9852, 4244], [-9838, 4244]]]}, "type": "Feature", "properties": {"name": "Haywood County", "stateAbbrev": "NC", "state": "North Carolina", "fips": "087", "incits": "37087", "id": "US.NC.087", "population": 59183}}, {"geometry": {"type": "Polygon", "coordinates": [[[-9812, 4201], [-9799, 4203], [-9780, 4203], [-9763, 4210], [-9755, 4206], [-9755, 4197], [-9765, 4184], [-9766, 4173], [-9781, 4171], [-9792, 4168], [-9796, 4184], [-9812, 4201]]]}, "type": "Feature", "properties": {"name": "Henderson County", "stateAbbrev": "NC", "state": "North Carolina", "fips": "089", "incits": "37089", "id": "US.NC.089", "population": 109540}}, {"geometry": {"type": "Polygon", "coordinates": [[[-9423, 4155], [-9409, 4169], [-9398, 4175], [-9383, 4170], [-9380, 4171], [-9381, 4164], [-9379, 4155], [-9372, 4145], [-9390, 4131], [-9409, 4131], [-9411, 4144], [-9423, 4155]]]}, "type": "Feature", "properties": {"name": "Hoke County", "stateAbbrev": "NC", "state": "North Carolina", "fips": "093", "incits": "37093", "id": "US.NC.093", "population": 51322}}, {"geometry": {"type": "Polygon", "coordinates": [[[-9618, 4242], [-9610, 4252], [-9606, 4264], [-9609, 4274], [-9591, 4276], [-9569, 4275], [-9570, 4251], [-9578, 4230], [-9574, 4210], [-9580, 4210], [-9594, 4211], [-9599, 4208], [-9600, 4215], [-9599, 4226], [-9604, 4233], [-9613, 4235], [-9618, 4242]]]}, "type": "Feature", "properties": {"name": "Iredell County", "stateAbbrev": "NC", "state": "North Carolina", "fips": "097", "incits": "37097", "id": "US.NC.097", "population": 164517}}, {"geometry": {"type": "Polygon", "coordinates": [[[-9863, 4212], [-9849, 4201], [-9833, 4185], [-9834, 4178], [-9841, 4173], [-9840, 4167], [-9848, 4159], [-9843, 4154], [-9855, 4150], [-9860, 4160], [-9875, 4178], [-9882, 4190], [-9884, 4206], [-9870, 4213], [-9863, 4212]]]}, "type": "Feature", "properties": {"name": "Jackson County", "stateAbbrev": "NC", "state": "North Carolina", "fips": "099", "incits": "37099", "id": "US.NC.099", "population": 40919}}, {"geometry": {"type": "Polygon", "coordinates": [[[-9333, 4212], [-9305, 4234], [-9280, 4247], [-9272, 4237], [-9265, 4222], [-9257, 4220], [-9268, 4200], [-9269, 4192], [-9284, 4187], [-9285, 4184], [-9298, 4181], [-9308, 4182], [-9313, 4188], [-9328, 4209], [-9333, 4212]]]}, "type": "Feature", "properties": {"name": "Johnston County", "stateAbbrev": "NC", "state": "North Carolina", "fips": "101", "incits": "37101", "id": "US.NC.101", "population": 177967}}, {"geometry": {"type": "Polygon", "coordinates": [[[-9217, 4151], [-9202, 4159], [-9191, 4170], [-9187, 4177], [-9148, 4157], [-9143, 4153], [-9144, 4130], [-9141, 4127], [-9150, 4125], [-9162, 4142], [-9176, 4140], [-9190, 4147], [-9207, 4148], [-9211, 4147], [-9217, 4151]]]}, "type": "Feature", "properties": {"name": "Jones County", "stateAbbrev": "NC", "state": "North Carolina", "fips": "103", "incits": "37103", "id": "US.NC.103", "population": 10215}}, {"geometry": {"type": "Polygon", "coordinates": [[[-9409, 4212], [-9401, 4213], [-9383, 4225], [-9377, 4223], [-9365, 4212], [-9390, 4187], [-9398, 4191], [-9411, 4207], [-9409, 4212]]]}, "type": "Feature", "properties": {"name": "Lee County", "stateAbbrev": "NC", "state": "North Carolina", "fips": "105", "incits": "37105", "id": "US.NC.105", "population": 60266}}, {"geometry": {"type": "Polygon", "coordinates": [[[-9230, 4171], [-9228, 4191], [-9226, 4194], [-9214, 4196], [-9206, 4192], [-9187, 4201], [-9177, 4191], [-9184, 4186], [-9187, 4177], [-9191, 4170], [-9202, 4159], [-9217, 4151], [-9222, 4168], [-9230, 4171]]]}, "type": "Feature", "properties": {"name": "Lenoir County", "stateAbbrev": "NC", "state": "North Carolina", "fips": "107", "incits": "37107", "id": "US.NC.107", "population": 58914}}, {"geometry": {"type": "Polygon", "coordinates": [[[-9668, 4218], [-9668, 4218], [-9600, 4215], [-9599, 4208], [-9600, 4198], [-9659, 4200], [-9668, 4218]]]}, "type": "Feature", "properties": {"name": "Lincoln County", "stateAbbrev": "NC", "state": "North Carolina", "fips": "109", "incits": "37109", "id": "US.NC.109", "population": 79740}}, {"geometry": {"type": "Polygon", "coordinates": [[[-9930, 4169], [-9925, 4180], [-9923, 4183], [-9897, 4186], [-9882, 4190], [-9875, 4178], [-9860, 4160], [-9855, 4150], [-9900, 4150], [-9920, 4169], [-9930, 4169]]]}, "type": "Feature", "properties": {"name": "Macon County", "stateAbbrev": "NC", "state": "North Carolina", "fips": "113", "incits": "37113", "id": "US.NC.113", "population": 33857}}, {"geometry": {"type": "Polygon", "coordinates": [[[-9838, 4244], [-9831, 4254], [-9830, 4262], [-9822, 4261], [-9817, 4267], [-9799, 4277], [-9794, 4272], [-9796, 4265], [-9783, 4266], [-9782, 4259], [-9776, 4257], [-9771, 4248], [-9784, 4246], [-9819, 4232], [-9829, 4231], [-9838, 4244]]]}, "type": "Feature", "properties": {"name": "Madison County", "stateAbbrev": "NC", "state": "North Carolina", "fips": "115", "incits": "37115", "id": "US.NC.115", "population": 21022}}, {"geometry": {"type": "Polygon", "coordinates": [[[-9179, 4270], [-9170, 4278], [-9154, 4268], [-9153, 4261], [-9136, 4262], [-9131, 4252], [-9121, 4257], [-9117, 4247], [-9102, 4253], [-9112, 4234], [-9129, 4228], [-9151, 4237], [-9161, 4244], [-9172, 4247], [-9171, 4258], [-9179, 4270]]]}, "type": "Feature", "properties": {"name": "Martin County", "stateAbbrev": "NC", "state": "North Carolina", "fips": "117", "incits": "37117", "id": "US.NC.117", "population": 23699}}, {"geometry": {"type": "Polygon", "coordinates": [[[-9756, 4234], [-9749, 4236], [-9739, 4248], [-9721, 4256], [-9721, 4258], [-9717, 4264], [-9713, 4255], [-9723, 4246], [-9708, 4236], [-9703, 4219], [-9706, 4214], [-9720, 4213], [-9744, 4213], [-9754, 4217], [-9758, 4232], [-9756, 4234]]]}, "type": "Feature", "properties": {"name": "McDowell County", "stateAbbrev": "NC", "state": "North Carolina", "fips": "111", "incits": "37111", "id": "US.NC.111", "population": 44961}}, {"geometry": {"type": "Polygon", "coordinates": [[[-9609, 4168], [-9606, 4169], [-9607, 4185], [-9598, 4192], [-9600, 4198], [-9599, 4208], [-9594, 4211], [-9580, 4210], [-9576, 4201], [-9566, 4182], [-9552, 4175], [-9577, 4155], [-9586, 4151], [-9597, 4163], [-9610, 4156], [-9609, 4168]]]}, "type": "Feature", "properties": {"name": "Mecklenburg County", "stateAbbrev": "NC", "state": "North Carolina", "fips": "119", "incits": "37119", "id": "US.NC.119", "population": 990977}}, {"geometry": {"type": "Polygon", "coordinates": [[[-9773, 4278], [-9766, 4283], [-9741, 4287], [-9733, 4281], [-9728, 4262], [-9721, 4258], [-9721, 4256], [-9739, 4248], [-9741, 4261], [-9752, 4269], [-9773, 4278]]]}, "type": "Feature", "properties": {"name": "Mitchell County", "stateAbbrev": "NC", "state": "North Carolina", "fips": "121", "incits": "37121", "id": "US.NC.121", "population": 15328}}, {"geometry": {"type": "Polygon", "coordinates": [[[-9508, 4210], [-9494, 4210], [-9458, 4211], [-9452, 4185], [-9446, 4173], [-9441, 4170], [-9469, 4172], [-9474, 4169], [-9496, 4168], [-9498, 4179], [-9494, 4193], [-9500, 4205], [-9508, 4210]]]}, "type": "Feature", "properties": {"name": "Montgomery County", "stateAbbrev": "NC", "state": "North Carolina", "fips": "123", "incits": "37123", "id": "US.NC.123", "population": 27571}}, {"geometry": {"type": "Polygon", "coordinates": [[[-9458, 4211], [-9434, 4212], [-9409, 4212], [-9411, 4207], [-9398, 4191], [-9390, 4187], [-9394, 4182], [-9379, 4173], [-9380, 4171], [-9383, 4170], [-9398, 4175], [-9409, 4169], [-9423, 4155], [-9436, 4158], [-9441, 4170], [-9446, 4173], [-9452, 4185], [-9458, 4211]]]}, "type": "Feature", "properties": {"name": "Moore County", "stateAbbrev": "NC", "state": "North Carolina", "fips": "125", "incits": "37125", "id": "US.NC.125", "population": 91587}}, {"geometry": {"type": "Polygon", "coordinates": [[[-9280, 4247], [-9267, 4269], [-9251, 4293], [-9236, 4286], [-9214, 4287], [-9223, 4270], [-9229, 4253], [-9272, 4237], [-9280, 4247]]]}, "type": "Feature", "properties": {"name": "Nash County", "stateAbbrev": "NC", "state": "North Carolina", "fips": "127", "incits": "37127", "id": "US.NC.127", "population": 95093}}, {"geometry": {"type": "Polygon", "coordinates": [[[-9253, 4071], [-9245, 4076], [-9227, 4074], [-9211, 4062], [-9224, 4047], [-9237, 4015], [-9237, 4006], [-9243, 4028], [-9241, 4039], [-9244, 4059], [-9253, 4071]]]}, "type": "Feature", "properties": {"name": "New Hanover County", "stateAbbrev": "NC", "state": "North Carolina", "fips": "129", "incits": "37129", "id": "US.NC.129", "population": 213267}}, {"geometry": {"type": "Polygon", "coordinates": [[[-9238, 4334], [-9150, 4334], [-9142, 4330], [-9145, 4325], [-9156, 4298], [-9165, 4294], [-9166, 4289], [-9177, 4294], [-9183, 4307], [-9196, 4305], [-9200, 4311], [-9197, 4318], [-9207, 4326], [-9220, 4326], [-9238, 4330], [-9238, 4334]]]}, "type": "Feature", "properties": {"name": "Northampton County", "stateAbbrev": "NC", "state": "North Carolina", "fips": "131", "incits": "37131", "id": "US.NC.131", "population": 20839}}, {"geometry": {"type": "Polygon", "coordinates": [[[-9211, 4117], [-9208, 4141], [-9211, 4147], [-9207, 4148], [-9190, 4147], [-9176, 4140], [-9162, 4142], [-9150, 4125], [-9146, 4122], [-9143, 4111], [-9145, 4101], [-9166, 4090], [-9188, 4079], [-9199, 4089], [-9211, 4117]]]}, "type": "Feature", "properties": {"name": "Onslow County", "stateAbbrev": "NC", "state": "North Carolina", "fips": "133", "incits": "37133", "id": "US.NC.133", "population": 185220}}, {"geometry": {"type": "Polygon", "coordinates": [[[-9398, 4298], [-9386, 4298], [-9362, 4297], [-9370, 4253], [-9398, 4254], [-9399, 4259], [-9398, 4298]]]}, "type": "Feature", "properties": {"name": "Orange County", "stateAbbrev": "NC", "state": "North Carolina", "fips": "135", "incits": "37135", "id": "US.NC.135", "population": 140352}}, {"geometry": {"type": "Polygon", "coordinates": [[[-9118, 4180], [-9112, 4176], [-9087, 4178], [-9085, 4189], [-9074, 4192], [-9065, 4189], [-9054, 4180], [-9045, 4176], [-9097, 4148], [-9105, 4144], [-9118, 4148], [-9127, 4155], [-9123, 4163], [-9126, 4174], [-9118, 4180]]]}, "type": "Feature", "properties": {"name": "Pamlico County", "stateAbbrev": "NC", "state": "North Carolina", "fips": "137", "incits": "37137", "id": "US.NC.137", "population": 12953}}, {"geometry": {"type": "Polygon", "coordinates": [[[-9280, 4097], [-9263, 4117], [-9211, 4117], [-9199, 4089], [-9188, 4079], [-9211, 4062], [-9227, 4074], [-9245, 4076], [-9253, 4071], [-9269, 4074], [-9280, 4079], [-9270, 4087], [-9280, 4092], [-9280, 4097]]]}, "type": "Feature", "properties": {"name": "Pender County", "stateAbbrev": "NC", "state": "North Carolina", "fips": "141", "incits": "37141", "id": "US.NC.141", "population": 55334}}, {"geometry": {"type": "Polygon", "coordinates": [[[-9386, 4298], [-9385, 4333], [-9344, 4333], [-9344, 4297], [-9362, 4297], [-9386, 4298]]]}, "type": "Feature", "properties": {"name": "Person County", "stateAbbrev": "NC", "state": "North Carolina", "fips": "145", "incits": "37145", "id": "US.NC.145", "population": 39276}}, {"geometry": {"type": "Polygon", "coordinates": [[[-9214, 4228], [-9210, 4230], [-9177, 4249], [-9172, 4247], [-9161, 4244], [-9151, 4237], [-9151, 4226], [-9143, 4219], [-9152, 4212], [-9153, 4200], [-9177, 4191], [-9187, 4201], [-9191, 4210], [-9203, 4218], [-9214, 4228]]]}, "type": "Feature", "properties": {"name": "Pitt County", "stateAbbrev": "NC", "state": "North Carolina", "fips": "147", "incits": "37147", "id": "US.NC.147", "population": 174263}}, {"geometry": {"type": "Polygon", "coordinates": [[[-9755, 4197], [-9739, 4197], [-9720, 4180], [-9720, 4173], [-9756, 4174], [-9766, 4173], [-9765, 4184], [-9755, 4197]]]}, "type": "Feature", "properties": {"name": "Polk County", "stateAbbrev": "NC", "state": "North Carolina", "fips": "149", "incits": "37149", "id": "US.NC.149", "population": 20411}}, {"geometry": {"type": "Polygon", "coordinates": [[[-9494, 4210], [-9492, 4260], [-9432, 4257], [-9432, 4250], [-9434, 4212], [-9458, 4211], [-9494, 4210]]]}, "type": "Feature", "properties": {"name": "Randolph County", "stateAbbrev": "NC", "state": "North Carolina", "fips": "151", "incits": "37151", "id": "US.NC.151", "population": 142577}}, {"geometry": {"type": "Polygon", "coordinates": [[[-9496, 4168], [-9474, 4169], [-9469, 4172], [-9441, 4170], [-9436, 4158], [-9423, 4155], [-9436, 4149], [-9435, 4139], [-9449, 4127], [-9478, 4127], [-9469, 4140], [-9476, 4162], [-9486, 4160], [-9496, 4168]]]}, "type": "Feature", "properties": {"name": "Richmond County", "stateAbbrev": "NC", "state": "North Carolina", "fips": "153", "incits": "37153", "id": "US.NC.153", "population": 46405}}, {"geometry": {"type": "Polygon", "coordinates": [[[-9423, 4106], [-9408, 4123], [-9409, 4131], [-9390, 4131], [-9372, 4145], [-9362, 4140], [-9357, 4131], [-9345, 4112], [-9351, 4098], [-9352, 4089], [-9362, 4086], [-9377, 4067], [-9423, 4106]]]}, "type": "Feature", "properties": {"name": "Robeson County", "stateAbbrev": "NC", "state": "North Carolina", "fips": "155", "incits": "37155", "id": "US.NC.155", "population": 134841}}, {"geometry": {"type": "Polygon", "coordinates": [[[-9491, 4299], [-9490, 4333], [-9429, 4333], [-9431, 4299], [-9431, 4298], [-9491, 4299]]]}, "type": "Feature", "properties": {"name": "Rockingham County", "stateAbbrev": "NC", "state": "North Carolina", "fips": "157", "incits": "37157", "id": "US.NC.157", "population": 91878}}, {"geometry": {"type": "Polygon", "coordinates": [[[-9570, 4251], [-9555, 4248], [-9541, 4239], [-9526, 4231], [-9511, 4219], [-9508, 4210], [-9521, 4210], [-9574, 4210], [-9578, 4230], [-9570, 4251]]]}, "type": "Feature", "properties": {"name": "Rowan County", "stateAbbrev": "NC", "state": "North Carolina", "fips": "159", "incits": "37159", "id": "US.NC.159", "population": 138323}}, {"geometry": {"type": "Polygon", "coordinates": [[[-9755, 4206], [-9751, 4213], [-9744, 4213], [-9720, 4213], [-9706, 4214], [-9703, 4219], [-9690, 4222], [-9688, 4219], [-9688, 4193], [-9696, 4172], [-9720, 4173], [-9720, 4180], [-9739, 4197], [-9755, 4197], [-9755, 4206]]]}, "type": "Feature", "properties": {"name": "Rutherford County", "stateAbbrev": "NC", "state": "North Carolina", "fips": "161", "incits": "37161", "id": "US.NC.161", "population": 66956}}, {"geometry": {"type": "Polygon", "coordinates": [[[-9323, 4179], [-9313, 4188], [-9308, 4182], [-9298, 4181], [-9285, 4184], [-9279, 4176], [-9269, 4173], [-9267, 4139], [-9273, 4120], [-9263, 4117], [-9280, 4097], [-9288, 4111], [-9309, 4134], [-9326, 4150], [-9329, 4161], [-9324, 4167], [-9323, 4179]]]}, "type": "Feature", "properties": {"name": "Sampson County", "stateAbbrev": "NC", "state": "North Carolina", "fips": "163", "incits": "37163", "id": "US.NC.163", "population": 64150}}, {"geometry": {"type": "Polygon", "coordinates": [[[-9449, 4127], [-9435, 4139], [-9436, 4149], [-9423, 4155], [-9411, 4144], [-9409, 4131], [-9408, 4123], [-9423, 4106], [-9449, 4127]]]}, "type": "Feature", "properties": {"name": "Scotland County", "stateAbbrev": "NC", "state": "North Carolina", "fips": "165", "incits": "37165", "id": "US.NC.165", "population": 36025}}, {"geometry": {"type": "Polygon", "coordinates": [[[-9521, 4210], [-9508, 4210], [-9500, 4205], [-9494, 4193], [-9498, 4179], [-9496, 4168], [-9505, 4171], [-9515, 4169], [-9520, 4174], [-9534, 4170], [-9547, 4172], [-9521, 4210]]]}, "type": "Feature", "properties": {"name": "Stanly County", "stateAbbrev": "NC", "state": "North Carolina", "fips": "167", "incits": "37167", "id": "US.NC.167", "population": 60635}}, {"geometry": {"type": "Polygon", "coordinates": [[[-9541, 4300], [-9539, 4334], [-9490, 4333], [-9491, 4299], [-9541, 4300]]]}, "type": "Feature", "properties": {"name": "Stokes County", "stateAbbrev": "NC", "state": "North Carolina", "fips": "169", "incits": "37169", "id": "US.NC.169", "population": 46588}}, {"geometry": {"type": "Polygon", "coordinates": [[[-9593, 4336], [-9539, 4334], [-9541, 4300], [-9541, 4298], [-9553, 4302], [-9564, 4300], [-9578, 4301], [-9591, 4297], [-9590, 4308], [-9601, 4317], [-9602, 4322], [-9593, 4336]]]}, "type": "Feature", "properties": {"name": "Surry County", "stateAbbrev": "NC", "state": "North Carolina", "fips": "171", "incits": "37171", "id": "US.NC.171", "population": 73050}}, {"geometry": {"type": "Polygon", "coordinates": [[[-9956, 4205], [-9934, 4217], [-9901, 4217], [-9895, 4223], [-9879, 4228], [-9873, 4233], [-9864, 4230], [-9863, 4212], [-9870, 4213], [-9884, 4206], [-9882, 4190], [-9897, 4186], [-9923, 4183], [-9911, 4199], [-9937, 4204], [-9956, 4205]]]}, "type": "Feature", "properties": {"name": "Swain County", "stateAbbrev": "NC", "state": "North Carolina", "fips": "173", "incits": "37173", "id": "US.NC.173", "population": 14058}}, {"geometry": {"type": "Polygon", "coordinates": [[[-9833, 4185], [-9822, 4189], [-9812, 4201], [-9796, 4184], [-9792, 4168], [-9800, 4166], [-9813, 4158], [-9817, 4161], [-9843, 4154], [-9848, 4159], [-9840, 4167], [-9841, 4173], [-9834, 4178], [-9833, 4185]]]}, "type": "Feature", "properties": {"name": "Transylvania County", "stateAbbrev": "NC", "state": "North Carolina", "fips": "175", "incits": "37175", "id": "US.NC.175", "population": 32903}}, {"geometry": {"type": "Polygon", "coordinates": [[[-9055, 4271], [-9031, 4276], [-9014, 4281], [-9001, 4279], [-8993, 4272], [-9006, 4268], [-9013, 4257], [-9016, 4231], [-9018, 4229], [-9033, 4233], [-9038, 4221], [-9048, 4223], [-9044, 4232], [-9060, 4233], [-9060, 4243], [-9054, 4253], [-9057, 4258], [-9055, 4271]]]}, "type": "Feature", "properties": {"name": "Tyrrell County", "stateAbbrev": "NC", "state": "North Carolina", "fips": "177", "incits": "37177", "id": "US.NC.177", "population": 4109}}, {"geometry": {"type": "Polygon", "coordinates": [[[-9586, 4151], [-9577, 4155], [-9552, 4175], [-9547, 4172], [-9534, 4170], [-9520, 4174], [-9524, 4128], [-9581, 4129], [-9579, 4143], [-9586, 4151]]]}, "type": "Feature", "properties": {"name": "Union County", "stateAbbrev": "NC", "state": "North Carolina", "fips": "179", "incits": "37179", "id": "US.NC.179", "population": 212756}}, {"geometry": {"type": "Polygon", "coordinates": [[[-9303, 4333], [-9288, 4333], [-9283, 4305], [-9286, 4301], [-9295, 4297], [-9298, 4289], [-9309, 4290], [-9310, 4291], [-9310, 4323], [-9303, 4333]]]}, "type": "Feature", "properties": {"name": "Vance County", "stateAbbrev": "NC", "state": "North Carolina", "fips": "181", "incits": "37181", "id": "US.NC.181", "population": 44808}}, {"geometry": {"type": "Polygon", "coordinates": [[[-9288, 4333], [-9238, 4334], [-9238, 4330], [-9243, 4304], [-9251, 4293], [-9265, 4298], [-9286, 4301], [-9283, 4305], [-9288, 4333]]]}, "type": "Feature", "properties": {"name": "Warren County", "stateAbbrev": "NC", "state": "North Carolina", "fips": "185", "incits": "37185", "id": "US.NC.185", "population": 20575}}, {"geometry": {"type": "Polygon", "coordinates": [[[-9112, 4234], [-9102, 4253], [-9094, 4263], [-9084, 4266], [-9074, 4266], [-9059, 4272], [-9055, 4271], [-9057, 4258], [-9054, 4253], [-9060, 4243], [-9060, 4233], [-9088, 4234], [-9112, 4234]]]}, "type": "Feature", "properties": {"name": "Washington County", "stateAbbrev": "NC", "state": "North Carolina", "fips": "187", "incits": "37187", "id": "US.NC.187", "population": 12722}}, {"geometry": {"type": "Polygon", "coordinates": [[[-9714, 4303], [-9707, 4309], [-9692, 4315], [-9681, 4311], [-9662, 4297], [-9659, 4292], [-9670, 4283], [-9701, 4282], [-9704, 4289], [-9713, 4294], [-9714, 4303]]]}, "type": "Feature", "properties": {"name": "Watauga County", "stateAbbrev": "NC", "state": "North Carolina", "fips": "189", "incits": "37189", "id": "US.NC.189", "population": 52372}}, {"geometry": {"type": "Polygon", "coordinates": [[[-9285, 4184], [-9284, 4187], [-9269, 4192], [-9268, 4200], [-9257, 4220], [-9228, 4218], [-9229, 4202], [-9226, 4194], [-9228, 4191], [-9230, 4171], [-9236, 4170], [-9255, 4173], [-9269, 4173], [-9279, 4176], [-9285, 4184]]]}, "type": "Feature", "properties": {"name": "Wayne County", "stateAbbrev": "NC", "state": "North Carolina", "fips": "191", "incits": "37191", "id": "US.NC.191", "population": 124583}}, {"geometry": {"type": "Polygon", "coordinates": [[[-9670, 4283], [-9659, 4292], [-9662, 4297], [-9643, 4314], [-9633, 4313], [-9616, 4321], [-9608, 4314], [-9601, 4317], [-9590, 4308], [-9591, 4297], [-9591, 4276], [-9609, 4274], [-9637, 4272], [-9644, 4269], [-9654, 4278], [-9670, 4283]]]}, "type": "Feature", "properties": {"name": "Wilkes County", "stateAbbrev": "NC", "state": "North Carolina", "fips": "193", "incits": "37193", "id": "US.NC.193", "population": 69023}}, {"geometry": {"type": "Polygon", "coordinates": [[[-9272, 4237], [-9229, 4253], [-9220, 4248], [-9216, 4237], [-9210, 4230], [-9214, 4228], [-9228, 4218], [-9257, 4220], [-9265, 4222], [-9272, 4237]]]}, "type": "Feature", "properties": {"name": "Wilson County", "stateAbbrev": "NC", "state": "North Carolina", "fips": "195", "incits": "37195", "id": "US.NC.195", "population": 81667}}, {"geometry": {"type": "Polygon", "coordinates": [[[-9591, 4276], [-9591, 4297], [-9578, 4301], [-9564, 4300], [-9553, 4302], [-9541, 4298], [-9539, 4285], [-9548, 4280], [-9546, 4275], [-9569, 4275], [-9591, 4276]]]}, "type": "Feature", "properties": {"name": "Yadkin County", "stateAbbrev": "NC", "state": "North Carolina", "fips": "197", "incits": "37197", "id": "US.NC.197", "population": 38038}}, {"geometry": {"type": "Polygon", "coordinates": [[[-9783, 4266], [-9773, 4278], [-9752, 4269], [-9741, 4261], [-9739, 4248], [-9749, 4236], [-9756, 4234], [-9771, 4248], [-9776, 4257], [-9782, 4259], [-9783, 4266]]]}, "type": "Feature", "properties": {"name": "Yancey County", "stateAbbrev": "NC", "state": "North Carolina", "fips": "199", "incits": "37199", "id": "US.NC.199", "population": 17566}}], "ac-tx": {"default": {"crs": "wsg84", "scale": 118.58133756330916, "xoffset": 0, "yoffset": 0}}}