{"type":"Topology","arcs":[[[1830,383],[45,-11]],[[1875,372],[30,-115],[0,-68],[-135,0]],[[1770,189],[15,52],[0,110],[45,32]],[[1680,456],[27,27],[87,-21],[36,-79]],[[1770,189],[-30,0]],[[1740,189],[0,147],[-30,52],[-30,0],[0,68]],[[1596,504],[39,10],[21,63],[0,142]],[[1656,719],[33,0]],[[1689,719],[186,0]],[[1875,719],[0,-347]],[[1680,456],[-75,-31],[-12,16]],[[1593,441],[3,63]],[[1590,441],[3,0]],[[1740,189],[-93,5]],[[1647,194],[0,84],[-30,0],[-31,37],[4,126]],[[1295,477],[21,27]],[[1316,504],[280,0]],[[1590,441],[-55,0],[-39,-37],[-3,-37],[-36,-52],[-60,-42]],[[1397,273],[-42,21],[-15,115],[-45,68]],[[1647,194],[-241,-5]],[[1406,189],[12,37],[-21,47]],[[1689,719],[0,241]],[[1689,960],[27,10],[42,-21],[-3,100],[27,0]],[[1782,1049],[93,0]],[[1875,1049],[0,-330]],[[1782,1453],[96,0],[-3,-404]],[[1782,1049],[-18,37],[3,220],[-15,79],[30,68]],[[1599,1453],[183,0]],[[1689,960],[-63,-11],[-40,58],[-24,-21]],[[1562,986],[-12,58],[33,5],[31,95],[-18,83],[24,79],[-24,89],[3,58]],[[1193,456],[102,21]],[[1406,189],[-33,-26],[-117,-11],[-60,-31]],[[1196,121],[0,89]],[[1196,210],[-3,246]],[[796,210],[226,0],[174,0]],[[1196,121],[-84,-42],[-69,-16],[-33,21],[-73,-37],[-36,-5],[-105,37]],[[796,79],[-18,21],[-3,110],[21,0]],[[1445,1453],[154,0]],[[1562,986],[-45,-5],[-48,10],[-30,21]],[[1439,1012],[6,441]],[[1409,724],[3,283]],[[1412,1007],[27,5]],[[1656,719],[-247,5]],[[959,1453],[204,0],[282,0]],[[1412,1007],[-3,11]],[[1409,1018],[6,21],[-42,57],[-51,-42],[-81,16],[-51,-16],[6,-42]],[[1196,1012],[-51,27],[-69,63],[-6,31],[-45,31],[-30,90]],[[995,1254],[-12,52]],[[983,1306],[18,16],[-12,68],[-30,63]],[[1163,703],[0,42],[30,52],[84,0],[0,37],[45,37],[30,78],[0,37],[57,32]],[[1409,724],[0,-152],[-93,5],[0,-73]],[[1193,456],[-21,48]],[[1172,504],[9,31],[-27,105],[9,63]],[[796,210],[0,147]],[[796,357],[33,99],[-15,63]],[[814,519],[-3,58],[3,0],[18,68]],[[832,645],[0,5]],[[832,650],[57,-31],[30,-47],[91,5],[3,-37],[30,-36],[129,0]],[[625,215],[0,136]],[[625,351],[171,6]],[[796,79],[-69,-11],[-69,-52],[-36,-16]],[[622,0],[3,215]],[[493,131],[12,26],[63,27],[30,-11],[27,42]],[[622,0],[-102,31],[-21,16],[-6,84]],[[388,351],[237,0]],[[493,131],[-27,95],[-51,42],[-24,-6]],[[391,262],[-3,89]],[[352,525],[51,0]],[[403,525],[0,-11],[234,0]],[[637,514],[87,-16],[15,21],[75,0]],[[388,351],[-33,0]],[[355,351],[-3,174]],[[895,860],[45,-68],[130,-73],[72,5]],[[1142,724],[21,-21]],[[832,650],[18,42],[-39,69],[21,42],[63,57]],[[553,782],[24,63],[0,94]],[[577,939],[318,0]],[[895,939],[0,-79]],[[832,645],[-99,42],[-39,-16],[-45,48],[-48,0],[-48,63]],[[490,782],[63,0]],[[637,514],[-63,37],[-42,57],[-12,21],[-33,63]],[[487,692],[-9,27],[12,63]],[[264,304],[3,47],[88,0]],[[391,262],[-39,-10],[-24,52],[-64,0]],[[162,525],[190,0]],[[264,304],[-33,-15],[-66,10],[6,58],[0,136],[-9,32]],[[99,834],[90,-5],[133,0]],[[322,829],[3,-184],[69,0]],[[394,645],[9,-31],[0,-89]],[[162,525],[-18,57],[-15,142],[-39,68],[9,42]],[[394,645],[93,47]],[[922,1154],[-9,84],[49,26],[33,-10]],[[1196,1012],[-30,-73],[-48,-11],[-30,-125],[45,-37],[9,-42]],[[895,939],[-15,52],[9,58],[48,32],[-15,73]],[[322,829],[0,37],[132,0]],[[454,866],[36,-37],[0,-47]],[[454,866],[45,36],[12,47],[27,32],[-3,37]],[[535,1018],[30,-21],[12,-42]],[[577,955],[0,-16]],[[33,981],[255,0],[166,-5],[0,84],[-9,94]],[[445,1154],[78,-68],[12,-68]],[[99,834],[-24,89],[-42,58]],[[983,1306],[-37,-5],[-432,0]],[[514,1301],[-21,47],[-54,32]],[[439,1380],[-75,73],[375,0],[220,0]],[[922,1154],[-342,0]],[[580,1154],[-39,52],[-36,-5]],[[505,1201],[-6,89],[15,11]],[[577,955],[24,47],[-9,131],[-12,21]],[[382,1149],[63,5]],[[33,981],[-21,42],[6,52],[-18,32],[24,57],[-18,32],[21,42],[171,-84],[114,-26],[70,21]],[[505,1201],[-60,-47]],[[382,1149],[33,63],[-24,52],[-12,58],[60,31],[0,27]]],"transform":{"scale":[0.33280839895013126,0.19064005505849965],"translate":[-9999,3647.9999999999995]},"objects":{"washington":{"type":"GeometryCollection","geometries":[{"arcs":[[0,1,2]],"type":"Polygon","properties":{"name":"Asotin County","stateAbbrev":"WA","state":"Washington","fips":"003","incits":"53003","id":"US.WA.003","population":22110}},{"arcs":[[3,-3,4,5]],"type":"Polygon","properties":{"name":"Garfield County","stateAbbrev":"WA","state":"Washington","fips":"023","incits":"53023","id":"US.WA.023","population":2256}},{"arcs":[[6,7,8,9,-1,-4,10,11]],"type":"Polygon","properties":{"name":"Whitman County","stateAbbrev":"WA","state":"Washington","fips":"075","incits":"53075","id":"US.WA.075","population":46570}},{"arcs":[[12,-11,-6,13,14]],"type":"Polygon","properties":{"name":"Columbia County","stateAbbrev":"WA","state":"Washington","fips":"013","incits":"53013","id":"US.WA.013","population":4032}},{"arcs":[[15,16,-12,-13,17,18]],"type":"Polygon","properties":{"name":"Franklin County","stateAbbrev":"WA","state":"Washington","fips":"021","incits":"53021","id":"US.WA.021","population":86638}},{"arcs":[[-15,19,20,-18]],"type":"Polygon","properties":{"name":"Walla Walla County","stateAbbrev":"WA","state":"Washington","fips":"071","incits":"53071","id":"US.WA.071","population":59530}},{"arcs":[[21,22,23,24,-9]],"type":"Polygon","properties":{"name":"Spokane County","stateAbbrev":"WA","state":"Washington","fips":"063","incits":"53063","id":"US.WA.063","population":479398}},{"arcs":[[25,-24,26]],"type":"Polygon","properties":{"name":"Pend Oreille County","stateAbbrev":"WA","state":"Washington","fips":"051","incits":"53051","id":"US.WA.051","population":12896}},{"arcs":[[27,-27,-23,28,29]],"type":"Polygon","properties":{"name":"Stevens County","stateAbbrev":"WA","state":"Washington","fips":"065","incits":"53065","id":"US.WA.065","population":43430}},{"arcs":[[30,-19,-21,31,32,33]],"type":"Polygon","properties":{"name":"Benton County","stateAbbrev":"WA","state":"Washington","fips":"005","incits":"53005","id":"US.WA.005","population":184486}},{"arcs":[[34,-33,35,36]],"type":"Polygon","properties":{"name":"Klickitat County","stateAbbrev":"WA","state":"Washington","fips":"039","incits":"53039","id":"US.WA.039","population":20866}},{"arcs":[[37,-30,38,39]],"type":"Polygon","properties":{"name":"Ferry County","stateAbbrev":"WA","state":"Washington","fips":"019","incits":"53019","id":"US.WA.019","population":7646}},{"arcs":[[40,41,-39,-29,-22,-8,42]],"type":"Polygon","properties":{"name":"Lincoln County","stateAbbrev":"WA","state":"Washington","fips":"043","incits":"53043","id":"US.WA.043","population":10301}},{"arcs":[[43,-40,-42,44,45,46,47,48]],"type":"Polygon","properties":{"name":"Okanogan County","stateAbbrev":"WA","state":"Washington","fips":"047","incits":"53047","id":"US.WA.047","population":41193}},{"arcs":[[49,-45,-41,50,-16,-31,51,52]],"type":"Polygon","properties":{"name":"Grant County","stateAbbrev":"WA","state":"Washington","fips":"025","incits":"53025","id":"US.WA.025","population":91878}},{"arcs":[[-43,-7,-17,-51]],"type":"Polygon","properties":{"name":"Adams County","stateAbbrev":"WA","state":"Washington","fips":"001","incits":"53001","id":"US.WA.001","population":19067}},{"arcs":[[53,54,55,56,57,-52,-34,-35]],"type":"Polygon","properties":{"name":"Yakima County","stateAbbrev":"WA","state":"Washington","fips":"077","incits":"53077","id":"US.WA.077","population":247044}},{"arcs":[[58,59,-54,-37,60,61]],"type":"Polygon","properties":{"name":"Skamania County","stateAbbrev":"WA","state":"Washington","fips":"059","incits":"53059","id":"US.WA.059","population":11274}},{"arcs":[[62,-62,63]],"type":"Polygon","properties":{"name":"Clark County","stateAbbrev":"WA","state":"Washington","fips":"011","incits":"53011","id":"US.WA.011","population":443817}},{"arcs":[[64,-59,-63,65,66]],"type":"Polygon","properties":{"name":"Cowlitz County","stateAbbrev":"WA","state":"Washington","fips":"015","incits":"53015","id":"US.WA.015","population":101860}},{"arcs":[[67,68,69,-55,-60,-65,70,71]],"type":"Polygon","properties":{"name":"Lewis County","stateAbbrev":"WA","state":"Washington","fips":"041","incits":"53041","id":"US.WA.041","population":75081}},{"arcs":[[72,73,-53,-58,74]],"type":"Polygon","properties":{"name":"Kittitas County","stateAbbrev":"WA","state":"Washington","fips":"037","incits":"53037","id":"US.WA.037","population":41765}},{"arcs":[[75,76,77,-75,-57,78]],"type":"Polygon","properties":{"name":"King County","stateAbbrev":"WA","state":"Washington","fips":"033","incits":"53033","id":"US.WA.033","population":2044449}},{"arcs":[[79,-79,-56,-70,80,81]],"type":"Polygon","properties":{"name":"Pierce County","stateAbbrev":"WA","state":"Washington","fips":"053","incits":"53053","id":"US.WA.053","population":819743}},{"arcs":[[82,-71,-67,83]],"type":"Polygon","properties":{"name":"Wahkiakum County","stateAbbrev":"WA","state":"Washington","fips":"069","incits":"53069","id":"US.WA.069","population":4042}},{"arcs":[[84,-72,-83,85]],"type":"Polygon","properties":{"name":"Pacific County","stateAbbrev":"WA","state":"Washington","fips":"049","incits":"53049","id":"US.WA.049","population":20498}},{"arcs":[[86,87,88,-68,-85,89]],"type":"Polygon","properties":{"name":"Grays Harbor County","stateAbbrev":"WA","state":"Washington","fips":"027","incits":"53027","id":"US.WA.027","population":71078}},{"arcs":[[90,-81,-69,-89]],"type":"Polygon","properties":{"name":"Thurston County","stateAbbrev":"WA","state":"Washington","fips":"067","incits":"53067","id":"US.WA.067","population":262388}},{"arcs":[[91,-47,92,-73,-78,93]],"type":"Polygon","properties":{"name":"Chelan County","stateAbbrev":"WA","state":"Washington","fips":"007","incits":"53007","id":"US.WA.007","population":73967}},{"arcs":[[-46,-50,-74,-93]],"type":"Polygon","properties":{"name":"Douglas County","stateAbbrev":"WA","state":"Washington","fips":"017","incits":"53017","id":"US.WA.017","population":39471}},{"arcs":[[94,95,-82,-91,-88]],"type":"Polygon","properties":{"name":"Mason County","stateAbbrev":"WA","state":"Washington","fips":"045","incits":"53045","id":"US.WA.045","population":60497}},{"arcs":[[96,97,98,-76,-80,-96]],"type":"Polygon","properties":{"name":"Kitsap County","stateAbbrev":"WA","state":"Washington","fips":"035","incits":"53035","id":"US.WA.035","population":253968}},{"arcs":[[99,100,-97,-95,-87,101]],"type":"Polygon","properties":{"name":"Jefferson County","stateAbbrev":"WA","state":"Washington","fips":"031","incits":"53031","id":"US.WA.031","population":30076}},{"arcs":[[-49,102,103,104]],"type":"Polygon","properties":{"name":"Whatcom County","stateAbbrev":"WA","state":"Washington","fips":"073","incits":"53073","id":"US.WA.073","population":206353}},{"arcs":[[-103,-48,-92,105,106,107]],"type":"Polygon","properties":{"name":"Skagit County","stateAbbrev":"WA","state":"Washington","fips":"057","incits":"53057","id":"US.WA.057","population":118837}},{"arcs":[[-99,108,-106,-94,-77]],"type":"Polygon","properties":{"name":"Snohomish County","stateAbbrev":"WA","state":"Washington","fips":"061","incits":"53061","id":"US.WA.061","population":745913}},{"arcs":[[109,-100,110]],"type":"Polygon","properties":{"name":"Clallam County","stateAbbrev":"WA","state":"Washington","fips":"009","incits":"53009","id":"US.WA.009","population":72312}},{"arcs":[[-104,-108,111,-110,112]],"type":"Polygon","properties":{"name":"San Juan County","stateAbbrev":"WA","state":"Washington","fips":"055","incits":"53055","id":"US.WA.055","population":15875}},{"arcs":[[-112,-107,-109,-98,-101]],"type":"Polygon","properties":{"name":"Island County","stateAbbrev":"WA","state":"Washington","fips":"029","incits":"53029","id":"US.WA.029","population":78801}}]}},"crs":{"type":"name","properties":{"name":"urn:ogc:def:crs:EPSG:4326"}},"ac-tx":{"default":{"crs":"wsg84","scale":80.09702867059083,"xoffset":0,"yoffset":0}}}