{"type":"Topology","arcs":[[[801,329],[87,-43],[-3,-54],[65,-73],[87,47]],[[1037,206],[7,-47],[-44,-72],[-109,-87],[-71,43],[-131,8],[-34,61],[-52,40]],[[603,152],[167,80],[31,97]],[[590,496],[56,-29],[37,11]],[[683,478],[38,-15],[46,55],[81,-51],[-44,-40]],[[804,427],[-87,-18],[-111,-47]],[[606,362],[-28,40],[12,94]],[[485,192],[49,69],[-12,36],[84,65]],[[804,427],[31,-58]],[[835,369],[-34,-40]],[[603,152],[-22,-61],[-84,-51],[-34,43],[62,62],[-40,47]],[[301,481],[81,48],[115,-33],[62,58]],[[559,554],[31,-58]],[[485,192],[-125,-83],[-49,54],[-4,72],[-46,55],[-3,58],[-28,32],[71,101]],[[835,369],[44,18],[112,113],[-10,68]],[[981,568],[16,4]],[[997,572],[22,-29],[93,22],[121,-62],[-16,-76],[-31,-58],[-46,-21],[22,-48],[-31,-39],[-91,7],[-3,-62]],[[599,999],[153,94],[37,-18],[40,51]],[[829,1126],[38,7],[9,-98],[28,-39],[102,7],[25,65],[44,0],[43,-40],[9,-76],[-34,-32],[-53,32],[-49,-32],[-13,-80],[-68,-44]],[[910,796],[-56,-47],[-56,0]],[[798,749],[-34,29],[9,58],[-111,51],[-63,54]],[[599,941],[0,58]],[[804,1180],[-62,-18],[-68,22],[-59,47],[-81,-58]],[[534,1173],[10,217],[-100,0]],[[444,1390],[-22,83],[-77,26],[18,69],[38,14],[43,-43],[115,-80],[3,-29],[37,-25],[84,-4],[62,-51],[-3,-40],[115,-7],[-53,-123]],[[391,1318],[66,40],[-13,32]],[[534,1173],[-34,0]],[[500,1173],[-3,36],[-65,11],[-41,98]],[[270,948],[62,-36],[44,22],[49,-18]],[[425,916],[7,-130],[59,-33]],[[491,753],[-3,-98],[111,-11],[-40,-90]],[[301,481],[-152,80],[-22,65],[31,51],[106,51],[12,101],[-24,105],[18,14]],[[500,1173],[-19,-112]],[[481,1061],[-87,-11]],[[394,1050],[-28,-11],[-121,83],[19,80],[-65,54]],[[199,1256],[-13,138],[35,14],[65,-50],[46,-62],[59,22]],[[394,1050],[44,-109],[-13,-25]],[[270,948],[-96,-43],[-37,47],[-56,7],[0,69],[-81,47],[40,33],[66,14],[31,123],[62,11]],[[910,796],[-6,-39],[74,-84],[56,-11],[-3,-68],[-34,-22]],[[981,568],[-105,69],[-75,-14]],[[801,623],[-15,94],[12,32]],[[683,478],[16,80],[40,57],[62,8]],[[804,1180],[25,-54]],[[599,999],[-40,0],[-78,62]],[[599,941],[-24,-3],[-31,-113],[15,-47],[-68,-25]]],"transform":{"scale":[0.3219789132197891,0.27623261694058154],"translate":[9602,2460]},"objects":{"anhui":{"type":"GeometryCollection","geometries":[{"arcs":[[0,1,2]],"type":"Polygon","properties":{"name":"Huangshan City","admin_leve":"5","wikidata":"Q180470","localname":"黄山市 / Huangshan","boundary":"administrative","id":"CN.anhui.2992498"}},{"arcs":[[3,4,5,6]],"type":"Polygon","properties":{"name":"Tongling City","admin_leve":"5","wikidata":"Q360326","localname":"铜陵市 / Tongling","boundary":"administrative","id":"CN.anhui.3077734"}},{"arcs":[[7,-6,8,9,-3,10]],"type":"Polygon","properties":{"name":"Chizhou City","admin_leve":"5","wikidata":"Q360870","localname":"池州市 / Chizhou","boundary":"administrative","id":"CN.anhui.3164669"}},{"arcs":[[11,12,-7,-8,13]],"type":"Polygon","properties":{"name":"Anqing City","admin_leve":"5","wikipedia":"en:Anqing","wikidata":"Q360374","localname":"安庆市 / Anqing","boundary":"administrative","id":"CN.anhui.3220387"}},{"arcs":[[-10,14,15,16,-1]],"type":"Polygon","properties":{"name":"Xuancheng City","admin_leve":"5","wikipedia":"en:Xuancheng","wikidata":"Q360942","localname":"宣城市 / Xuancheng","boundary":"administrative","id":"CN.anhui.3222248"}},{"arcs":[[17,18,19,20,21]],"type":"Polygon","properties":{"name":"Chuzhou City","admin_leve":"5","wikipedia":"en:Chuzhou","wikidata":"Q114045","localname":"滁州市 / Chuzhou","boundary":"administrative","id":"CN.anhui.3231588"}},{"arcs":[[22,23,24]],"type":"Polygon","properties":{"name":"Suzhou City","admin_leve":"5","wikipedia":"en:Suzhou, Anhui","wikidata":"Q360643","localname":"宿州市 / Suzhou","boundary":"administrative","id":"CN.anhui.3231858"}},{"arcs":[[25,-24,26,27]],"type":"Polygon","properties":{"name":"Huaibei City","admin_leve":"5","wikipedia":"en:Huaibei","wikidata":"Q360268","localname":"淮北市 / Huaibei","boundary":"administrative","id":"CN.anhui.3231910"}},{"arcs":[[28,29,30,-12,31]],"type":"Polygon","properties":{"name":"Lu'an City","admin_leve":"5","wikipedia":"en:Lu'an","wikidata":"Q360702","localname":"六安市 / Lu'an","boundary":"administrative","id":"CN.anhui.3243393"}},{"arcs":[[-28,32,33,34,35]],"type":"Polygon","properties":{"name":"Bozhou City","admin_leve":"5","wikipedia":"en:Bozhou","wikidata":"Q360769","localname":"亳州市 / Bozhou","boundary":"administrative","id":"CN.anhui.3245950"}},{"arcs":[[-35,36,-29,37]],"type":"Polygon","properties":{"name":"Fuyang City","admin_leve":"5","wikipedia":"en:Fuyang","wikidata":"Q360584","localname":"阜阳市 / Fuyang","boundary":"administrative","id":"CN.anhui.3246004"}},{"arcs":[[-20,38,-16,39,40]],"type":"Polygon","properties":{"name":"Ma'anshan City","admin_leve":"5","wikipedia":"en:Ma'anshan","wikidata":"Q360235","localname":"马鞍山市 / Ma'anshan","boundary":"administrative","id":"CN.anhui.3260816"}},{"arcs":[[-40,-15,-9,-5,41]],"type":"Polygon","properties":{"name":"Wuhu City","admin_leve":"5","wikipedia":"en:Wuhu City","wikidata":"Q359990","localname":"芜湖市 / Wuhu","boundary":"administrative","id":"CN.anhui.3262036"}},{"arcs":[[-33,-27,-23,42,-18,43]],"type":"Polygon","properties":{"name":"Bengbu City","admin_leve":"5","wikipedia":"en:Bengbu","wikidata":"Q360069","localname":"蚌埠市 / Bengbu","boundary":"administrative","id":"CN.anhui.3262334"}},{"arcs":[[-44,-22,44,-30,-37,-34]],"type":"Polygon","properties":{"name":"Huainan City","admin_leve":"5","wikipedia":"en:Huainan","wikidata":"Q360178","localname":"淮南市 / Huainan","boundary":"administrative","id":"CN.anhui.3262360"}},{"arcs":[[-45,-21,-41,-42,-4,-13,-31]],"type":"Polygon","properties":{"name":"Hefei City","admin_leve":"5","wikipedia":"zh:合肥市","wikidata":"Q185684","localname":"合肥市","boundary":"administrative","id":"CN.anhui.3288965"}}]}},"crs":{"type":"name","properties":{"name":"urn:ogc:def:crs:EPSG:4326"}},"ac-tx":{"default":{"crs":"wsg84","scale":83.58641477081207,"xoffset":0,"yoffset":0}}}