{"type":"Topology","arcs":[[[205,833],[14,-15],[23,0],[18,-40],[50,43],[20,-9],[28,-31]],[[358,781],[29,-31],[0,-21],[48,-3],[48,-13],[2,-9],[73,-21],[37,3],[114,0],[0,9]],[[709,695],[13,-3]],[[722,692],[5,-6],[0,-96],[2,-95],[-9,0],[5,-95]],[[725,400],[0,-49]],[[725,351],[-148,0],[-165,0]],[[412,351],[-4,49],[-2,70],[-28,19],[-32,52],[-38,19],[-28,67],[-2,31],[-11,25],[-62,0]],[[205,683],[0,150]],[[722,692],[87,3]],[[809,695],[107,-3],[107,0]],[[1023,692],[-2,-197],[0,-98]],[[1021,397],[-73,0],[-223,3]],[[515,879],[287,0]],[[802,879],[7,-184]],[[709,695],[0,40],[-23,0],[0,21],[-50,0],[0,25],[-46,0],[-52,25],[-23,49]],[[515,855],[0,24]],[[358,781],[45,0],[0,25],[37,0],[0,24],[25,0],[0,25],[50,0]],[[0,1018],[0,92],[292,0],[207,0]],[[499,1110],[7,-37],[2,-98],[0,-96],[7,0]],[[205,833],[0,37],[-14,0],[-6,43],[-30,37],[5,25],[-21,18],[-59,0],[0,25],[-80,0]],[[1021,397],[2,-286],[-52,0],[0,-111]],[[971,0],[-146,3],[-180,0]],[[645,3],[0,108],[-5,73],[89,0],[0,117],[-4,50]],[[757,987],[175,0],[103,0]],[[1035,987],[-3,-295]],[[1032,692],[-9,0]],[[802,879],[0,43],[-11,34],[-34,31]],[[1032,692],[194,0]],[[1226,692],[37,3]],[[1263,695],[0,-108],[2,-141]],[[1265,446],[-82,0],[2,-49]],[[1185,397],[-11,0],[-9,-37],[-48,3],[11,34],[-107,0]],[[1035,987],[0,120]],[[1035,1107],[20,3],[169,0]],[[1224,1110],[2,-228]],[[1226,882],[0,-190]],[[645,1110],[337,-3],[53,0]],[[757,987],[-5,9],[-43,28],[-28,6],[-27,43],[-9,37]],[[205,683],[0,-22],[-59,0],[0,-25],[-48,0],[0,-15]],[[98,621],[-48,0],[0,22],[-48,0]],[[2,643],[0,163],[-2,212]],[[412,351],[-207,3]],[[205,354],[-100,3],[0,46],[-9,0],[0,187],[2,31]],[[205,354],[2,-194]],[[207,160],[-205,3]],[[2,163],[0,175],[0,142],[0,163]],[[1265,446],[50,0]],[[1315,446],[0,-265]],[[1315,181],[-130,3]],[[1185,184],[2,90],[-2,123]],[[1315,446],[121,3]],[[1436,449],[2,-292]],[[1438,157],[-123,0],[0,24]],[[1263,695],[173,0]],[[1436,695],[0,-246]],[[1226,882],[210,0]],[[1436,882],[0,-187]],[[1224,1110],[212,-3],[0,-225]],[[499,1110],[146,0]],[[207,160],[0,-160]],[[207,0],[-205,0],[0,163]],[[1185,184],[0,-184]],[[1185,0],[-214,0]],[[1438,157],[-2,-154],[-251,-3]],[[645,3],[-233,0],[-205,-3]]],"transform":{"scale":[0.4388038942976356,0.32522522522522523],"translate":[-9999,3690.9999999999995]},"objects":{"wyoming":{"type":"GeometryCollection","geometries":[{"arcs":[[0,1,2,3,4,5,6,7]],"type":"Polygon","properties":{"name":"Fremont County","stateAbbrev":"WY","state":"Wyoming","fips":"013","incits":"56013","id":"US.WY.013","population":40998}},{"arcs":[[8,9,10,11,-4]],"type":"Polygon","properties":{"name":"Natrona County","stateAbbrev":"WY","state":"Wyoming","fips":"025","incits":"56025","id":"US.WY.025","population":80973}},{"arcs":[[12,13,-9,-3,14,15]],"type":"Polygon","properties":{"name":"Washakie County","stateAbbrev":"WY","state":"Wyoming","fips":"043","incits":"56043","id":"US.WY.043","population":8463}},{"arcs":[[16,-15,-2]],"type":"Polygon","properties":{"name":"Hot Springs County","stateAbbrev":"WY","state":"Wyoming","fips":"017","incits":"56017","id":"US.WY.017","population":4847}},{"arcs":[[17,18,-16,-17,-1,19]],"type":"Polygon","properties":{"name":"Park County","stateAbbrev":"WY","state":"Wyoming","fips":"029","incits":"56029","id":"US.WY.029","population":29227}},{"arcs":[[-5,-12,20,21,22]],"type":"Polygon","properties":{"name":"Carbon County","stateAbbrev":"WY","state":"Wyoming","fips":"007","incits":"56007","id":"US.WY.007","population":15748}},{"arcs":[[23,24,25,-10,-14,26]],"type":"Polygon","properties":{"name":"Johnson County","stateAbbrev":"WY","state":"Wyoming","fips":"019","incits":"56019","id":"US.WY.019","population":8628}},{"arcs":[[-26,27,28,29,30,31,-11]],"type":"Polygon","properties":{"name":"Converse County","stateAbbrev":"WY","state":"Wyoming","fips":"009","incits":"56009","id":"US.WY.009","population":14313}},{"arcs":[[-25,32,33,34,35,-28]],"type":"Polygon","properties":{"name":"Campbell County","stateAbbrev":"WY","state":"Wyoming","fips":"005","incits":"56005","id":"US.WY.005","population":48176}},{"arcs":[[36,-33,-24,37]],"type":"Polygon","properties":{"name":"Sheridan County","stateAbbrev":"WY","state":"Wyoming","fips":"033","incits":"56033","id":"US.WY.033","population":29824}},{"arcs":[[-20,-8,38,39,40]],"type":"Polygon","properties":{"name":"Teton County","stateAbbrev":"WY","state":"Wyoming","fips":"039","incits":"56039","id":"US.WY.039","population":22268}},{"arcs":[[-39,-7,41,42]],"type":"Polygon","properties":{"name":"Sublette County","stateAbbrev":"WY","state":"Wyoming","fips":"035","incits":"56035","id":"US.WY.035","population":10041}},{"arcs":[[-40,-43,43,44,45]],"type":"Polygon","properties":{"name":"Lincoln County","stateAbbrev":"WY","state":"Wyoming","fips":"023","incits":"56023","id":"US.WY.023","population":18364}},{"arcs":[[46,47,48,49,-31]],"type":"Polygon","properties":{"name":"Platte County","stateAbbrev":"WY","state":"Wyoming","fips":"031","incits":"56031","id":"US.WY.031","population":8765}},{"arcs":[[50,51,52,-48]],"type":"Polygon","properties":{"name":"Goshen County","stateAbbrev":"WY","state":"Wyoming","fips":"015","incits":"56015","id":"US.WY.015","population":13612}},{"arcs":[[53,54,-51,-47,-30]],"type":"Polygon","properties":{"name":"Niobrara County","stateAbbrev":"WY","state":"Wyoming","fips":"027","incits":"56027","id":"US.WY.027","population":2541}},{"arcs":[[55,56,-54,-29,-36]],"type":"Polygon","properties":{"name":"Weston County","stateAbbrev":"WY","state":"Wyoming","fips":"045","incits":"56045","id":"US.WY.045","population":7158}},{"arcs":[[57,-56,-35]],"type":"Polygon","properties":{"name":"Crook County","stateAbbrev":"WY","state":"Wyoming","fips":"011","incits":"56011","id":"US.WY.011","population":7184}},{"arcs":[[58,-38,-27,-13,-19]],"type":"Polygon","properties":{"name":"Big Horn County","stateAbbrev":"WY","state":"Wyoming","fips":"003","incits":"56003","id":"US.WY.003","population":11994}},{"arcs":[[-45,59,60]],"type":"Polygon","properties":{"name":"Uinta County","stateAbbrev":"WY","state":"Wyoming","fips":"041","incits":"56041","id":"US.WY.041","population":21066}},{"arcs":[[-32,-50,61,62,-21]],"type":"Polygon","properties":{"name":"Albany County","stateAbbrev":"WY","state":"Wyoming","fips":"001","incits":"56001","id":"US.WY.001","population":37422}},{"arcs":[[-49,-53,63,-62]],"type":"Polygon","properties":{"name":"Laramie County","stateAbbrev":"WY","state":"Wyoming","fips":"021","incits":"56021","id":"US.WY.021","population":95809}},{"arcs":[[-42,-6,-23,64,-60,-44]],"type":"Polygon","properties":{"name":"Sweetwater County","stateAbbrev":"WY","state":"Wyoming","fips":"037","incits":"56037","id":"US.WY.037","population":45237}}]}},"crs":{"type":"name","properties":{"name":"urn:ogc:def:crs:EPSG:4326"}},"ac-tx":{"default":{"crs":"wsg84","scale":90.03620014426521,"xoffset":0,"yoffset":0}}}