{"crs": {"type": "name", "properties": {"name": "urn:ogc:def:crs:EPSG:4326"}}, "type": "FeatureCollection", "features": [{"geometry": {"type": "Polygon", "coordinates": [[[-9797, 3759], [-9736, 3759], [-9735, 3753], [-9723, 3742], [-9705, 3712], [-9710, 3704], [-9731, 3698], [-9740, 3697], [-9775, 3702], [-9778, 3708], [-9778, 3713], [-9783, 3724], [-9777, 3740], [-9785, 3747], [-9798, 3755], [-9797, 3759]]]}, "type": "Feature", "properties": {"name": "Jackson County", "stateAbbrev": "CO", "state": "Colorado", "fips": "057", "incits": "08057", "id": "US.CO.057", "population": 1365}}, {"geometry": {"type": "Polygon", "coordinates": [[[-9839, 3759], [-9797, 3759], [-9798, 3755], [-9785, 3747], [-9777, 3740], [-9783, 3724], [-9778, 3713], [-9778, 3708], [-9776, 3699], [-9777, 3668], [-9776, 3660], [-9813, 3660], [-9814, 3676], [-9814, 3688], [-9850, 3688], [-9849, 3717], [-9844, 3722], [-9839, 3722], [-9839, 3759]]]}, "type": "Feature", "properties": {"name": "Routt County", "stateAbbrev": "CO", "state": "Colorado", "fips": "107", "incits": "08107", "id": "US.CO.107", "population": 23513}}, {"geometry": {"type": "Polygon", "coordinates": [[[-9420, 3508], [-9356, 3509], [-9356, 3451], [-9420, 3451], [-9420, 3468], [-9420, 3508]]]}, "type": "Feature", "properties": {"name": "Prowers County", "stateAbbrev": "CO", "state": "Colorado", "fips": "099", "incits": "08099", "id": "US.CO.099", "population": 12291}}, {"geometry": {"type": "Polygon", "coordinates": [[[-9451, 3392], [-9450, 3451], [-9420, 3451], [-9356, 3451], [-9356, 3392], [-9416, 3392], [-9451, 3392]]]}, "type": "Feature", "properties": {"name": "Baca County", "stateAbbrev": "CO", "state": "Colorado", "fips": "009", "incits": "08009", "id": "US.CO.009", "population": 3682}}, {"geometry": {"type": "Polygon", "coordinates": [[[-9480, 3508], [-9420, 3508], [-9420, 3468], [-9420, 3451], [-9450, 3451], [-9480, 3451], [-9480, 3508]]]}, "type": "Feature", "properties": {"name": "Bent County", "stateAbbrev": "CO", "state": "Colorado", "fips": "011", "incits": "08011", "id": "US.CO.011", "population": 5688}}, {"geometry": {"type": "Polygon", "coordinates": [[[-9641, 3419], [-9637, 3419], [-9620, 3428], [-9604, 3429], [-9598, 3437], [-9586, 3444], [-9586, 3448], [-9576, 3461], [-9567, 3467], [-9541, 3459], [-9540, 3451], [-9480, 3451], [-9450, 3451], [-9451, 3392], [-9536, 3392], [-9579, 3392], [-9640, 3392], [-9641, 3419]]]}, "type": "Feature", "properties": {"name": "Las Animas County", "stateAbbrev": "CO", "state": "Colorado", "fips": "071", "incits": "08071", "id": "US.CO.071", "population": 14446}}, {"geometry": {"type": "Polygon", "coordinates": [[[-9937, 3392], [-9932, 3397], [-9929, 3406], [-9928, 3412], [-9921, 3420], [-9919, 3425], [-9912, 3427], [-9905, 3436], [-9904, 3446], [-9899, 3451], [-9854, 3451], [-9854, 3431], [-9854, 3392], [-9937, 3392]]]}, "type": "Feature", "properties": {"name": "La Plata County", "stateAbbrev": "CO", "state": "Colorado", "fips": "067", "incits": "08067", "id": "US.CO.067", "population": 53284}}, {"geometry": {"type": "Polygon", "coordinates": [[[-9997, 3436], [-9986, 3450], [-9899, 3451], [-9904, 3446], [-9905, 3436], [-9912, 3427], [-9919, 3425], [-9921, 3420], [-9928, 3412], [-9929, 3406], [-9932, 3397], [-9937, 3392], [-9998, 3392], [-9997, 3436]]]}, "type": "Feature", "properties": {"name": "Montezuma County", "stateAbbrev": "CO", "state": "Colorado", "fips": "083", "incits": "08083", "id": "US.CO.083", "population": 25642}}, {"geometry": {"type": "Polygon", "coordinates": [[[-9997, 3436], [-9997, 3473], [-9977, 3473], [-9977, 3474], [-9925, 3474], [-9921, 3468], [-9905, 3470], [-9896, 3469], [-9889, 3463], [-9890, 3458], [-9899, 3456], [-9899, 3451], [-9986, 3450], [-9997, 3436]]]}, "type": "Feature", "properties": {"name": "Dolores County", "stateAbbrev": "CO", "state": "Colorado", "fips": "033", "incits": "08033", "id": "US.CO.033", "population": 2029}}, {"geometry": {"type": "Polygon", "coordinates": [[[-9889, 3463], [-9883, 3468], [-9878, 3475], [-9869, 3476], [-9862, 3481], [-9858, 3474], [-9854, 3462], [-9854, 3451], [-9899, 3451], [-9899, 3456], [-9890, 3458], [-9889, 3463]]]}, "type": "Feature", "properties": {"name": "San Juan County", "stateAbbrev": "CO", "state": "Colorado", "fips": "111", "incits": "08111", "id": "US.CO.111", "population": 692}}, {"geometry": {"type": "Polygon", "coordinates": [[[-9868, 3512], [-9856, 3512], [-9856, 3545], [-9856, 3596], [-9846, 3599], [-9845, 3594], [-9836, 3587], [-9816, 3587], [-9810, 3579], [-9800, 3575], [-9791, 3574], [-9786, 3580], [-9779, 3580], [-9773, 3575], [-9769, 3576], [-9761, 3567], [-9748, 3567], [-9756, 3557], [-9758, 3544], [-9753, 3542], [-9750, 3531], [-9741, 3523], [-9810, 3523], [-9810, 3497], [-9862, 3497], [-9864, 3507], [-9868, 3512]]]}, "type": "Feature", "properties": {"name": "Gunnison County", "stateAbbrev": "CO", "state": "Colorado", "fips": "051", "incits": "08051", "id": "US.CO.051", "population": 15507}}, {"geometry": {"type": "Polygon", "coordinates": [[[-9771, 3581], [-9736, 3581], [-9736, 3577], [-9721, 3570], [-9712, 3564], [-9710, 3558], [-9715, 3547], [-9708, 3541], [-9708, 3536], [-9719, 3525], [-9725, 3523], [-9741, 3523], [-9750, 3531], [-9753, 3542], [-9758, 3544], [-9756, 3557], [-9748, 3567], [-9761, 3567], [-9769, 3576], [-9773, 3575], [-9771, 3581]]]}, "type": "Feature", "properties": {"name": "Chaffee County", "stateAbbrev": "CO", "state": "Colorado", "fips": "015", "incits": "08015", "id": "US.CO.015", "population": 18510}}, {"geometry": {"type": "Polygon", "coordinates": [[[-9850, 3609], [-9821, 3609], [-9758, 3609], [-9764, 3603], [-9763, 3599], [-9766, 3590], [-9770, 3590], [-9771, 3581], [-9773, 3575], [-9779, 3580], [-9786, 3580], [-9791, 3574], [-9800, 3575], [-9810, 3579], [-9816, 3587], [-9836, 3587], [-9845, 3594], [-9846, 3599], [-9853, 3604], [-9850, 3609]]]}, "type": "Feature", "properties": {"name": "Pitkin County", "stateAbbrev": "CO", "state": "Colorado", "fips": "097", "incits": "08097", "id": "US.CO.097", "population": 17379}}, {"geometry": {"type": "Polygon", "coordinates": [[[-9490, 3531], [-9459, 3532], [-9459, 3540], [-9392, 3540], [-9356, 3540], [-9356, 3509], [-9420, 3508], [-9480, 3508], [-9489, 3508], [-9490, 3531]]]}, "type": "Feature", "properties": {"name": "Kiowa County", "stateAbbrev": "CO", "state": "Colorado", "fips": "061", "incits": "08061", "id": "US.CO.061", "population": 1423}}, {"geometry": {"type": "Polygon", "coordinates": [[[-9696, 3425], [-9695, 3425], [-9671, 3445], [-9667, 3448], [-9654, 3452], [-9648, 3449], [-9643, 3443], [-9641, 3419], [-9640, 3392], [-9693, 3392], [-9697, 3398], [-9694, 3406], [-9693, 3419], [-9696, 3425]]]}, "type": "Feature", "properties": {"name": "Costilla County", "stateAbbrev": "CO", "state": "Colorado", "fips": "023", "incits": "08023", "id": "US.CO.023", "population": 3518}}, {"geometry": {"type": "Polygon", "coordinates": [[[-9999, 3530], [-9937, 3530], [-9937, 3545], [-9856, 3545], [-9856, 3512], [-9868, 3512], [-9868, 3514], [-9913, 3514], [-9909, 3507], [-9900, 3507], [-9896, 3504], [-9899, 3498], [-9997, 3498], [-9999, 3509], [-9999, 3530]]]}, "type": "Feature", "properties": {"name": "Montrose County", "stateAbbrev": "CO", "state": "Colorado", "fips": "085", "incits": "08085", "id": "US.CO.085", "population": 40713}}, {"geometry": {"type": "Polygon", "coordinates": [[[-9731, 3610], [-9724, 3609], [-9710, 3618], [-9703, 3627], [-9663, 3627], [-9663, 3588], [-9657, 3588], [-9657, 3548], [-9715, 3547], [-9710, 3558], [-9712, 3564], [-9721, 3570], [-9736, 3577], [-9736, 3581], [-9734, 3584], [-9735, 3604], [-9731, 3610]]]}, "type": "Feature", "properties": {"name": "Park County", "stateAbbrev": "CO", "state": "Colorado", "fips": "093", "incits": "08093", "id": "US.CO.093", "population": 16121}}, {"geometry": {"type": "Polygon", "coordinates": [[[-9758, 3660], [-9741, 3659], [-9734, 3653], [-9726, 3650], [-9721, 3639], [-9712, 3640], [-9710, 3636], [-9699, 3634], [-9703, 3627], [-9710, 3618], [-9724, 3609], [-9731, 3610], [-9738, 3611], [-9741, 3619], [-9740, 3626], [-9735, 3631], [-9750, 3644], [-9752, 3645], [-9758, 3655], [-9758, 3660]]]}, "type": "Feature", "properties": {"name": "Summit County", "stateAbbrev": "CO", "state": "Colorado", "fips": "117", "incits": "08117", "id": "US.CO.117", "population": 28649}}, {"geometry": {"type": "Polygon", "coordinates": [[[-9712, 3640], [-9702, 3648], [-9694, 3649], [-9690, 3654], [-9685, 3653], [-9676, 3646], [-9663, 3644], [-9663, 3627], [-9703, 3627], [-9699, 3634], [-9710, 3636], [-9712, 3640]]]}, "type": "Feature", "properties": {"name": "Clear Creek County", "stateAbbrev": "CO", "state": "Colorado", "fips": "019", "incits": "08019", "id": "US.CO.019", "population": 9031}}, {"geometry": {"type": "Polygon", "coordinates": [[[-9862, 3497], [-9810, 3497], [-9810, 3480], [-9823, 3478], [-9823, 3454], [-9821, 3454], [-9821, 3431], [-9854, 3431], [-9854, 3451], [-9854, 3462], [-9858, 3474], [-9862, 3481], [-9857, 3490], [-9862, 3497]]]}, "type": "Feature", "properties": {"name": "Hinsdale County", "stateAbbrev": "CO", "state": "Colorado", "fips": "053", "incits": "08053", "id": "US.CO.053", "population": 813}}, {"geometry": {"type": "Polygon", "coordinates": [[[-9810, 3480], [-9801, 3481], [-9796, 3477], [-9782, 3472], [-9782, 3469], [-9784, 3453], [-9784, 3429], [-9821, 3428], [-9821, 3431], [-9821, 3454], [-9823, 3454], [-9823, 3478], [-9810, 3480]]]}, "type": "Feature", "properties": {"name": "Mineral County", "stateAbbrev": "CO", "state": "Colorado", "fips": "079", "incits": "08079", "id": "US.CO.079", "population": 721}}, {"geometry": {"type": "Polygon", "coordinates": [[[-9810, 3497], [-9810, 3523], [-9741, 3523], [-9725, 3523], [-9719, 3525], [-9700, 3508], [-9690, 3499], [-9687, 3492], [-9678, 3480], [-9670, 3474], [-9666, 3470], [-9669, 3461], [-9722, 3461], [-9772, 3461], [-9772, 3469], [-9782, 3469], [-9782, 3472], [-9796, 3477], [-9801, 3481], [-9810, 3480], [-9810, 3497]]]}, "type": "Feature", "properties": {"name": "Saguache County", "stateAbbrev": "CO", "state": "Colorado", "fips": "109", "incits": "08109", "id": "US.CO.109", "population": 6208}}, {"geometry": {"type": "Polygon", "coordinates": [[[-9458, 3579], [-9457, 3587], [-9457, 3628], [-9425, 3628], [-9406, 3628], [-9356, 3628], [-9356, 3580], [-9403, 3579], [-9458, 3579]]]}, "type": "Feature", "properties": {"name": "Kit Carson County", "stateAbbrev": "CO", "state": "Colorado", "fips": "063", "incits": "08063", "id": "US.CO.063", "population": 8037}}, {"geometry": {"type": "Polygon", "coordinates": [[[-9839, 3759], [-9839, 3722], [-9844, 3722], [-9849, 3717], [-9850, 3688], [-9903, 3688], [-9963, 3688], [-9998, 3688], [-9998, 3759], [-9894, 3759], [-9839, 3759]]]}, "type": "Feature", "properties": {"name": "Moffat County", "stateAbbrev": "CO", "state": "Colorado", "fips": "081", "incits": "08081", "id": "US.CO.081", "population": 13103}}, {"geometry": {"type": "Polygon", "coordinates": [[[-9854, 3431], [-9821, 3431], [-9821, 3428], [-9784, 3429], [-9781, 3429], [-9781, 3413], [-9773, 3410], [-9772, 3405], [-9762, 3392], [-9798, 3392], [-9799, 3392], [-9854, 3392], [-9854, 3431]]]}, "type": "Feature", "properties": {"name": "Archuleta County", "stateAbbrev": "CO", "state": "Colorado", "fips": "007", "incits": "08007", "id": "US.CO.007", "population": 12194}}, {"geometry": {"type": "Polygon", "coordinates": [[[-9669, 3461], [-9666, 3470], [-9670, 3474], [-9665, 3474], [-9657, 3478], [-9652, 3475], [-9645, 3485], [-9631, 3476], [-9628, 3473], [-9595, 3475], [-9567, 3467], [-9576, 3461], [-9586, 3448], [-9586, 3444], [-9598, 3437], [-9604, 3429], [-9620, 3428], [-9637, 3419], [-9641, 3419], [-9643, 3443], [-9648, 3449], [-9654, 3452], [-9667, 3448], [-9671, 3445], [-9672, 3449], [-9669, 3461]]]}, "type": "Feature", "properties": {"name": "Huerfano County", "stateAbbrev": "CO", "state": "Colorado", "fips": "055", "incits": "08055", "id": "US.CO.055", "population": 6519}}, {"geometry": {"type": "Polygon", "coordinates": [[[-9508, 3627], [-9508, 3643], [-9508, 3667], [-9486, 3667], [-9486, 3707], [-9423, 3707], [-9424, 3700], [-9424, 3668], [-9425, 3628], [-9457, 3628], [-9508, 3627]]]}, "type": "Feature", "properties": {"name": "Washington County", "stateAbbrev": "CO", "state": "Colorado", "fips": "121", "incits": "08121", "id": "US.CO.121", "population": 4803}}, {"geometry": {"type": "Polygon", "coordinates": [[[-9596, 3588], [-9596, 3628], [-9574, 3627], [-9509, 3627], [-9509, 3563], [-9540, 3563], [-9540, 3587], [-9596, 3588]]]}, "type": "Feature", "properties": {"name": "Elbert County", "stateAbbrev": "CO", "state": "Colorado", "fips": "039", "incits": "08039", "id": "US.CO.039", "population": 23733}}, {"geometry": {"type": "Polygon", "coordinates": [[[-9540, 3498], [-9540, 3532], [-9499, 3532], [-9490, 3531], [-9489, 3508], [-9490, 3500], [-9500, 3500], [-9500, 3494], [-9520, 3494], [-9540, 3498]]]}, "type": "Feature", "properties": {"name": "Crowley County", "stateAbbrev": "CO", "state": "Colorado", "fips": "025", "incits": "08025", "id": "US.CO.025", "population": 5322}}, {"geometry": {"type": "Polygon", "coordinates": [[[-9640, 3659], [-9635, 3661], [-9632, 3667], [-9623, 3667], [-9628, 3666], [-9632, 3659], [-9640, 3659]]]}, "type": "Feature", "properties": {"name": "Broomfield County", "stateAbbrev": "CO", "state": "Colorado", "fips": "014", "incits": "08014", "id": "US.CO.014", "population": 59471}}, {"geometry": {"type": "Polygon", "coordinates": [[[-9411, 3736], [-9356, 3736], [-9356, 3708], [-9413, 3707], [-9413, 3732], [-9411, 3736]]]}, "type": "Feature", "properties": {"name": "Phillips County", "stateAbbrev": "CO", "state": "Colorado", "fips": "095", "incits": "08095", "id": "US.CO.095", "population": 4356}}, {"geometry": {"type": "Polygon", "coordinates": [[[-9736, 3759], [-9688, 3759], [-9622, 3759], [-9622, 3699], [-9632, 3699], [-9631, 3691], [-9642, 3691], [-9687, 3691], [-9697, 3700], [-9705, 3712], [-9723, 3742], [-9735, 3753], [-9736, 3759]]]}, "type": "Feature", "properties": {"name": "Larimer County", "stateAbbrev": "CO", "state": "Colorado", "fips": "069", "incits": "08069", "id": "US.CO.069", "population": 315988}}, {"geometry": {"type": "Polygon", "coordinates": [[[-9497, 3715], [-9486, 3715], [-9486, 3707], [-9486, 3667], [-9508, 3667], [-9549, 3667], [-9549, 3715], [-9497, 3715]]]}, "type": "Feature", "properties": {"name": "Morgan County", "stateAbbrev": "CO", "state": "Colorado", "fips": "087", "incits": "08087", "id": "US.CO.087", "population": 28404}}, {"geometry": {"type": "Polygon", "coordinates": [[[-9782, 3469], [-9772, 3469], [-9772, 3461], [-9722, 3461], [-9722, 3429], [-9781, 3429], [-9784, 3429], [-9784, 3453], [-9782, 3469]]]}, "type": "Feature", "properties": {"name": "Rio Grande County", "stateAbbrev": "CO", "state": "Colorado", "fips": "105", "incits": "08105", "id": "US.CO.105", "population": 11803}}, {"geometry": {"type": "Polygon", "coordinates": [[[-9458, 3579], [-9403, 3579], [-9356, 3580], [-9356, 3540], [-9392, 3540], [-9459, 3540], [-9458, 3547], [-9458, 3579]]]}, "type": "Feature", "properties": {"name": "Cheyenne County", "stateAbbrev": "CO", "state": "Colorado", "fips": "017", "incits": "08017", "id": "US.CO.017", "population": 1890}}, {"geometry": {"type": "Polygon", "coordinates": [[[-9663, 3627], [-9663, 3644], [-9663, 3659], [-9640, 3659], [-9632, 3659], [-9632, 3648], [-9632, 3632], [-9631, 3628], [-9647, 3598], [-9657, 3588], [-9657, 3588], [-9663, 3588], [-9663, 3627]]]}, "type": "Feature", "properties": {"name": "Jefferson County", "stateAbbrev": "CO", "state": "Colorado", "fips": "059", "incits": "08059", "id": "US.CO.059", "population": 551798}}, {"geometry": {"type": "Polygon", "coordinates": [[[-9631, 3508], [-9621, 3508], [-9621, 3532], [-9540, 3532], [-9540, 3498], [-9541, 3459], [-9567, 3467], [-9595, 3475], [-9628, 3473], [-9631, 3476], [-9631, 3508]]]}, "type": "Feature", "properties": {"name": "Pueblo County", "stateAbbrev": "CO", "state": "Colorado", "fips": "101", "incits": "08101", "id": "US.CO.101", "population": 161451}}, {"geometry": {"type": "Polygon", "coordinates": [[[-9758, 3609], [-9744, 3608], [-9738, 3611], [-9731, 3610], [-9735, 3604], [-9734, 3584], [-9736, 3581], [-9771, 3581], [-9770, 3590], [-9766, 3590], [-9763, 3599], [-9764, 3603], [-9758, 3609]]]}, "type": "Feature", "properties": {"name": "Lake County", "stateAbbrev": "CO", "state": "Colorado", "fips": "065", "incits": "08065", "id": "US.CO.065", "population": 7306}}, {"geometry": {"type": "Polygon", "coordinates": [[[-9540, 3563], [-9509, 3563], [-9509, 3627], [-9508, 3627], [-9457, 3628], [-9457, 3587], [-9458, 3579], [-9458, 3547], [-9459, 3540], [-9459, 3532], [-9490, 3531], [-9499, 3532], [-9540, 3532], [-9540, 3563]]]}, "type": "Feature", "properties": {"name": "Lincoln County", "stateAbbrev": "CO", "state": "Colorado", "fips": "073", "incits": "08073", "id": "US.CO.073", "population": 5430}}, {"geometry": {"type": "Polygon", "coordinates": [[[-9657, 3588], [-9657, 3588], [-9630, 3588], [-9629, 3564], [-9633, 3557], [-9621, 3557], [-9621, 3544], [-9630, 3544], [-9632, 3544], [-9638, 3543], [-9649, 3543], [-9648, 3548], [-9657, 3548], [-9657, 3588]]]}, "type": "Feature", "properties": {"name": "Teller County", "stateAbbrev": "CO", "state": "Colorado", "fips": "119", "incits": "08119", "id": "US.CO.119", "population": 23275}}, {"geometry": {"type": "Polygon", "coordinates": [[[-9998, 3637], [-9998, 3688], [-9963, 3688], [-9903, 3688], [-9850, 3688], [-9814, 3688], [-9814, 3676], [-9839, 3676], [-9839, 3660], [-9850, 3660], [-9850, 3652], [-9896, 3651], [-9896, 3639], [-9953, 3639], [-9953, 3635], [-9984, 3636], [-9998, 3637]]]}, "type": "Feature", "properties": {"name": "Rio Blanco County", "stateAbbrev": "CO", "state": "Colorado", "fips": "103", "incits": "08103", "id": "US.CO.103", "population": 6807}}, {"geometry": {"type": "Polygon", "coordinates": [[[-9689, 3661], [-9663, 3661], [-9663, 3659], [-9663, 3644], [-9676, 3646], [-9685, 3653], [-9690, 3654], [-9689, 3661]]]}, "type": "Feature", "properties": {"name": "Gilpin County", "stateAbbrev": "CO", "state": "Colorado", "fips": "047", "incits": "08047", "id": "US.CO.047", "population": 5601}}, {"geometry": {"type": "Polygon", "coordinates": [[[-9622, 3759], [-9554, 3759], [-9496, 3759], [-9497, 3715], [-9549, 3715], [-9549, 3667], [-9623, 3667], [-9632, 3667], [-9631, 3691], [-9632, 3699], [-9622, 3699], [-9622, 3759]]]}, "type": "Feature", "properties": {"name": "Weld County", "stateAbbrev": "CO", "state": "Colorado", "fips": "123", "incits": "08123", "id": "US.CO.123", "population": 269785}}, {"geometry": {"type": "Polygon", "coordinates": [[[-9630, 3588], [-9596, 3588], [-9540, 3587], [-9540, 3563], [-9540, 3532], [-9621, 3532], [-9621, 3533], [-9621, 3536], [-9621, 3541], [-9621, 3542], [-9621, 3544], [-9621, 3557], [-9633, 3557], [-9629, 3564], [-9630, 3588]]]}, "type": "Feature", "properties": {"name": "El Paso County", "stateAbbrev": "CO", "state": "Colorado", "fips": "041", "incits": "08041", "id": "US.CO.041", "population": 655044}}, {"geometry": {"type": "Polygon", "coordinates": [[[-9423, 3707], [-9413, 3707], [-9356, 3708], [-9356, 3628], [-9406, 3628], [-9425, 3628], [-9424, 3668], [-9424, 3700], [-9423, 3707]]]}, "type": "Feature", "properties": {"name": "Yuma County", "stateAbbrev": "CO", "state": "Colorado", "fips": "125", "incits": "08125", "id": "US.CO.125", "population": 10151}}, {"geometry": {"type": "Polygon", "coordinates": [[[-9687, 3691], [-9642, 3691], [-9631, 3691], [-9632, 3667], [-9635, 3661], [-9640, 3659], [-9663, 3659], [-9663, 3661], [-9689, 3661], [-9689, 3667], [-9685, 3671], [-9685, 3681], [-9689, 3685], [-9687, 3691]]]}, "type": "Feature", "properties": {"name": "Boulder County", "stateAbbrev": "CO", "state": "Colorado", "fips": "013", "incits": "08013", "id": "US.CO.013", "population": 310048}}, {"geometry": {"type": "Polygon", "coordinates": [[[-9657, 3588], [-9647, 3598], [-9631, 3628], [-9596, 3628], [-9596, 3588], [-9630, 3588], [-9657, 3588]]]}, "type": "Feature", "properties": {"name": "Douglas County", "stateAbbrev": "CO", "state": "Colorado", "fips": "035", "incits": "08035", "id": "US.CO.035", "population": 305963}}, {"geometry": {"type": "Polygon", "coordinates": [[[-9632, 3648], [-9608, 3649], [-9608, 3653], [-9602, 3653], [-9602, 3658], [-9590, 3658], [-9592, 3651], [-9605, 3651], [-9602, 3646], [-9614, 3646], [-9616, 3644], [-9614, 3640], [-9620, 3636], [-9630, 3636], [-9632, 3632], [-9632, 3648]]]}, "type": "Feature", "properties": {"name": "Denver County", "stateAbbrev": "CO", "state": "Colorado", "fips": "031", "incits": "08031", "id": "US.CO.031", "population": 649495}}, {"geometry": {"type": "Polygon", "coordinates": [[[-9998, 3637], [-9984, 3636], [-9953, 3635], [-9953, 3639], [-9896, 3639], [-9896, 3651], [-9850, 3652], [-9850, 3660], [-9839, 3660], [-9839, 3676], [-9814, 3676], [-9813, 3660], [-9820, 3660], [-9821, 3609], [-9850, 3609], [-9939, 3609], [-9998, 3609], [-9998, 3637]]]}, "type": "Feature", "properties": {"name": "Garfield County", "stateAbbrev": "CO", "state": "Colorado", "fips": "045", "incits": "08045", "id": "US.CO.045", "population": 57302}}, {"geometry": {"type": "Polygon", "coordinates": [[[-9998, 3609], [-9939, 3609], [-9850, 3609], [-9853, 3604], [-9846, 3599], [-9856, 3596], [-9866, 3590], [-9880, 3580], [-9888, 3583], [-9900, 3581], [-9907, 3577], [-9916, 3567], [-9937, 3560], [-9937, 3545], [-9937, 3530], [-9999, 3530], [-9998, 3565], [-9998, 3609]]]}, "type": "Feature", "properties": {"name": "Mesa County", "stateAbbrev": "CO", "state": "Colorado", "fips": "077", "incits": "08077", "id": "US.CO.077", "population": 147554}}, {"geometry": {"type": "Polygon", "coordinates": [[[-9781, 3429], [-9722, 3429], [-9722, 3425], [-9696, 3425], [-9693, 3419], [-9694, 3406], [-9697, 3398], [-9693, 3392], [-9762, 3392], [-9772, 3405], [-9773, 3410], [-9781, 3413], [-9781, 3429]]]}, "type": "Feature", "properties": {"name": "Conejos County", "stateAbbrev": "CO", "state": "Colorado", "fips": "021", "incits": "08021", "id": "US.CO.021", "population": 8277}}, {"geometry": {"type": "Polygon", "coordinates": [[[-9540, 3498], [-9520, 3494], [-9500, 3494], [-9500, 3500], [-9490, 3500], [-9489, 3508], [-9480, 3508], [-9480, 3451], [-9540, 3451], [-9541, 3459], [-9540, 3498]]]}, "type": "Feature", "properties": {"name": "Otero County", "stateAbbrev": "CO", "state": "Colorado", "fips": "089", "incits": "08089", "id": "US.CO.089", "population": 18703}}, {"geometry": {"type": "Polygon", "coordinates": [[[-9496, 3759], [-9412, 3759], [-9411, 3736], [-9413, 3732], [-9413, 3707], [-9423, 3707], [-9486, 3707], [-9486, 3715], [-9497, 3715], [-9496, 3759]]]}, "type": "Feature", "properties": {"name": "Logan County", "stateAbbrev": "CO", "state": "Colorado", "fips": "075", "incits": "08075", "id": "US.CO.075", "population": 22450}}, {"geometry": {"type": "Polygon", "coordinates": [[[-9868, 3512], [-9864, 3507], [-9862, 3497], [-9857, 3490], [-9862, 3481], [-9869, 3476], [-9878, 3475], [-9878, 3479], [-9891, 3485], [-9892, 3494], [-9899, 3498], [-9896, 3504], [-9900, 3507], [-9909, 3507], [-9913, 3514], [-9868, 3514], [-9868, 3512]]]}, "type": "Feature", "properties": {"name": "Ouray County", "stateAbbrev": "CO", "state": "Colorado", "fips": "091", "incits": "08091", "id": "US.CO.091", "population": 4557}}, {"geometry": {"type": "Polygon", "coordinates": [[[-9632, 3648], [-9632, 3659], [-9628, 3666], [-9623, 3667], [-9549, 3667], [-9508, 3667], [-9508, 3643], [-9570, 3643], [-9616, 3644], [-9614, 3646], [-9602, 3646], [-9605, 3651], [-9592, 3651], [-9590, 3658], [-9602, 3658], [-9602, 3653], [-9608, 3653], [-9608, 3649], [-9632, 3648]]]}, "type": "Feature", "properties": {"name": "Adams County", "stateAbbrev": "CO", "state": "Colorado", "fips": "001", "incits": "08001", "id": "US.CO.001", "population": 469193}}, {"geometry": {"type": "Polygon", "coordinates": [[[-9700, 3508], [-9631, 3508], [-9631, 3476], [-9645, 3485], [-9652, 3475], [-9657, 3478], [-9665, 3474], [-9670, 3474], [-9678, 3480], [-9687, 3492], [-9690, 3499], [-9700, 3508]]]}, "type": "Feature", "properties": {"name": "Custer County", "stateAbbrev": "CO", "state": "Colorado", "fips": "027", "incits": "08027", "id": "US.CO.027", "population": 4285}}, {"geometry": {"type": "Polygon", "coordinates": [[[-9412, 3759], [-9356, 3759], [-9356, 3736], [-9411, 3736], [-9412, 3759]]]}, "type": "Feature", "properties": {"name": "Sedgwick County", "stateAbbrev": "CO", "state": "Colorado", "fips": "115", "incits": "08115", "id": "US.CO.115", "population": 2360}}, {"geometry": {"type": "Polygon", "coordinates": [[[-9719, 3525], [-9708, 3536], [-9708, 3541], [-9715, 3547], [-9657, 3548], [-9648, 3548], [-9649, 3543], [-9638, 3543], [-9632, 3544], [-9630, 3544], [-9621, 3542], [-9621, 3541], [-9621, 3536], [-9621, 3533], [-9621, 3532], [-9621, 3508], [-9631, 3508], [-9700, 3508], [-9719, 3525]]]}, "type": "Feature", "properties": {"name": "Fremont County", "stateAbbrev": "CO", "state": "Colorado", "fips": "043", "incits": "08043", "id": "US.CO.043", "population": 46451}}, {"geometry": {"type": "Polygon", "coordinates": [[[-9722, 3461], [-9669, 3461], [-9672, 3449], [-9671, 3445], [-9695, 3425], [-9696, 3425], [-9722, 3425], [-9722, 3429], [-9722, 3461]]]}, "type": "Feature", "properties": {"name": "Alamosa County", "stateAbbrev": "CO", "state": "Colorado", "fips": "003", "incits": "08003", "id": "US.CO.003", "population": 16253}}, {"geometry": {"type": "Polygon", "coordinates": [[[-9616, 3644], [-9570, 3643], [-9508, 3643], [-9508, 3627], [-9509, 3627], [-9574, 3627], [-9596, 3628], [-9631, 3628], [-9632, 3632], [-9630, 3636], [-9620, 3636], [-9614, 3640], [-9616, 3644]]]}, "type": "Feature", "properties": {"name": "Arapahoe County", "stateAbbrev": "CO", "state": "Colorado", "fips": "005", "incits": "08005", "id": "US.CO.005", "population": 607070}}, {"geometry": {"type": "Polygon", "coordinates": [[[-9821, 3609], [-9820, 3660], [-9813, 3660], [-9776, 3660], [-9758, 3660], [-9758, 3655], [-9752, 3645], [-9750, 3644], [-9735, 3631], [-9740, 3626], [-9741, 3619], [-9738, 3611], [-9744, 3608], [-9758, 3609], [-9821, 3609]]]}, "type": "Feature", "properties": {"name": "Eagle County", "stateAbbrev": "CO", "state": "Colorado", "fips": "037", "incits": "08037", "id": "US.CO.037", "population": 52460}}, {"geometry": {"type": "Polygon", "coordinates": [[[-9778, 3708], [-9775, 3702], [-9740, 3697], [-9731, 3698], [-9710, 3704], [-9705, 3712], [-9697, 3700], [-9687, 3691], [-9689, 3685], [-9685, 3681], [-9685, 3671], [-9689, 3667], [-9689, 3661], [-9690, 3654], [-9694, 3649], [-9702, 3648], [-9712, 3640], [-9721, 3639], [-9726, 3650], [-9734, 3653], [-9741, 3659], [-9758, 3660], [-9776, 3660], [-9777, 3668], [-9776, 3699], [-9778, 3708]]]}, "type": "Feature", "properties": {"name": "Grand County", "stateAbbrev": "CO", "state": "Colorado", "fips": "049", "incits": "08049", "id": "US.CO.049", "population": 14289}}, {"geometry": {"type": "Polygon", "coordinates": [[[-9856, 3596], [-9856, 3545], [-9937, 3545], [-9937, 3560], [-9916, 3567], [-9907, 3577], [-9900, 3581], [-9888, 3583], [-9880, 3580], [-9866, 3590], [-9856, 3596]]]}, "type": "Feature", "properties": {"name": "Delta County", "stateAbbrev": "CO", "state": "Colorado", "fips": "029", "incits": "08029", "id": "US.CO.029", "population": 30483}}, {"geometry": {"type": "Polygon", "coordinates": [[[-9997, 3498], [-9899, 3498], [-9892, 3494], [-9891, 3485], [-9878, 3479], [-9878, 3475], [-9883, 3468], [-9889, 3463], [-9896, 3469], [-9905, 3470], [-9921, 3468], [-9925, 3474], [-9977, 3474], [-9977, 3473], [-9997, 3473], [-9997, 3498]]]}, "type": "Feature", "properties": {"name": "San Miguel County", "stateAbbrev": "CO", "state": "Colorado", "fips": "113", "incits": "08113", "id": "US.CO.113", "population": 7678}}], "ac-tx": {"default": {"crs": "wsg84", "scale": 91.68331910757998, "xoffset": 0, "yoffset": 0}}}