{"crs": {"type": "name", "properties": {"name": "urn:ogc:def:crs:EPSG:4326"}}, "type": "FeatureCollection", "features": [{"geometry": {"type": "Polygon", "coordinates": [[[-9898, 5647], [-9893, 5636], [-9867, 5639], [-9865, 5620], [-9853, 5620], [-9848, 5605], [-9837, 5595], [-9858, 5594], [-9877, 5596], [-9895, 5594], [-9915, 5583], [-9911, 5603], [-9930, 5619], [-9942, 5624], [-9921, 5630], [-9898, 5647]]]}, "type": "Feature", "properties": {"name": "New Haven County", "stateAbbrev": "CT", "state": "Connecticut", "fips": "009", "incits": "09009", "id": "US.CT.009", "population": 862287}}, {"geometry": {"type": "Polygon", "coordinates": [[[-9901, 5701], [-9834, 5701], [-9835, 5677], [-9829, 5671], [-9820, 5642], [-9828, 5640], [-9833, 5648], [-9861, 5646], [-9867, 5639], [-9893, 5636], [-9898, 5647], [-9903, 5669], [-9893, 5670], [-9892, 5682], [-9885, 5692], [-9904, 5692], [-9901, 5701]]]}, "type": "Feature", "properties": {"name": "Hartford County", "stateAbbrev": "CT", "state": "Connecticut", "fips": "003", "incits": "09003", "id": "US.CT.003", "population": 898272}}, {"geometry": {"type": "Polygon", "coordinates": [[[-9971, 5651], [-9966, 5703], [-9901, 5701], [-9904, 5692], [-9885, 5692], [-9892, 5682], [-9893, 5670], [-9903, 5669], [-9898, 5647], [-9921, 5630], [-9942, 5624], [-9961, 5632], [-9971, 5651]]]}, "type": "Feature", "properties": {"name": "Litchfield County", "stateAbbrev": "CT", "state": "Connecticut", "fips": "005", "incits": "09005", "id": "US.CT.005", "population": 186924}}, {"geometry": {"type": "Polygon", "coordinates": [[[-9971, 5651], [-9961, 5632], [-9942, 5624], [-9930, 5619], [-9911, 5603], [-9915, 5583], [-9924, 5583], [-9940, 5571], [-9949, 5571], [-9962, 5558], [-9983, 5554], [-9999, 5574], [-9966, 5589], [-9975, 5601], [-9971, 5651]]]}, "type": "Feature", "properties": {"name": "Fairfield County", "stateAbbrev": "CT", "state": "Connecticut", "fips": "001", "incits": "09001", "id": "US.CT.001", "population": 939904}}, {"geometry": {"type": "Polygon", "coordinates": [[[-9828, 5640], [-9823, 5632], [-9809, 5633], [-9806, 5620], [-9823, 5618], [-9813, 5604], [-9814, 5597], [-9837, 5595], [-9848, 5605], [-9853, 5620], [-9865, 5620], [-9867, 5639], [-9861, 5646], [-9833, 5648], [-9828, 5640]]]}, "type": "Feature", "properties": {"name": "Middlesex County", "stateAbbrev": "CT", "state": "Connecticut", "fips": "007", "incits": "09007", "id": "US.CT.007", "population": 165562}}, {"geometry": {"type": "Polygon", "coordinates": [[[-9828, 5640], [-9820, 5642], [-9797, 5657], [-9785, 5651], [-9758, 5647], [-9736, 5647], [-9737, 5617], [-9741, 5607], [-9814, 5597], [-9813, 5604], [-9823, 5618], [-9806, 5620], [-9809, 5633], [-9823, 5632], [-9828, 5640]]]}, "type": "Feature", "properties": {"name": "New London County", "stateAbbrev": "CT", "state": "Connecticut", "fips": "011", "incits": "09011", "id": "US.CT.011", "population": 274150}}, {"geometry": {"type": "Polygon", "coordinates": [[[-9834, 5701], [-9779, 5700], [-9778, 5691], [-9794, 5690], [-9794, 5674], [-9786, 5663], [-9797, 5657], [-9820, 5642], [-9829, 5671], [-9835, 5677], [-9834, 5701]]]}, "type": "Feature", "properties": {"name": "Tolland County", "stateAbbrev": "CT", "state": "Connecticut", "fips": "013", "incits": "09013", "id": "US.CT.013", "population": 151377}}, {"geometry": {"type": "Polygon", "coordinates": [[[-9779, 5700], [-9738, 5699], [-9736, 5647], [-9758, 5647], [-9785, 5651], [-9797, 5657], [-9786, 5663], [-9794, 5674], [-9794, 5690], [-9778, 5691], [-9779, 5700]]]}, "type": "Feature", "properties": {"name": "Windham County", "stateAbbrev": "CT", "state": "Connecticut", "fips": "015", "incits": "09015", "id": "US.CT.015", "population": 117604}}], "ac-tx": {"default": {"crs": "wsg84", "scale": 135.6205312524629, "xoffset": 0, "yoffset": 0}}}