{"crs": {"type": "name", "properties": {"name": "urn:ogc:def:crs:EPSG:4326"}}, "type": "FeatureCollection", "features": [{"geometry": {"type": "Polygon", "coordinates": [[[-9525, 3795], [-9524, 3797], [-9507, 3807], [-9496, 3803], [-9484, 3792], [-9485, 3787], [-9480, 3779], [-9476, 3777], [-9475, 3771], [-9478, 3764], [-9484, 3765], [-9506, 3749], [-9509, 3753], [-9509, 3762], [-9512, 3766], [-9514, 3772], [-9525, 3786], [-9523, 3790], [-9525, 3795]]]}, "type": "Feature", "properties": {"name": "Effingham County", "stateAbbrev": "GA", "state": "Georgia", "fips": "103", "incits": "13103", "id": "US.GA.103", "population": 54456}}, {"geometry": {"type": "Polygon", "coordinates": [[[-9551, 3844], [-9524, 3860], [-9519, 3855], [-9520, 3847], [-9514, 3837], [-9511, 3836], [-9509, 3827], [-9511, 3820], [-9507, 3814], [-9507, 3807], [-9524, 3797], [-9525, 3795], [-9541, 3802], [-9558, 3814], [-9560, 3814], [-9563, 3817], [-9551, 3844]]]}, "type": "Feature", "properties": {"name": "Screven County", "stateAbbrev": "GA", "state": "Georgia", "fips": "251", "incits": "13251", "id": "US.GA.251", "population": 14240}}, {"geometry": {"type": "Polygon", "coordinates": [[[-9615, 3835], [-9610, 3847], [-9612, 3862], [-9605, 3882], [-9609, 3886], [-9603, 3888], [-9602, 3888], [-9598, 3889], [-9589, 3881], [-9585, 3883], [-9575, 3881], [-9565, 3885], [-9561, 3883], [-9553, 3879], [-9550, 3873], [-9537, 3865], [-9533, 3866], [-9524, 3860], [-9551, 3844], [-9561, 3849], [-9573, 3846], [-9587, 3845], [-9592, 3841], [-9595, 3833], [-9603, 3832], [-9615, 3835]]]}, "type": "Feature", "properties": {"name": "Burke County", "stateAbbrev": "GA", "state": "Georgia", "fips": "033", "incits": "13033", "id": "US.GA.033", "population": 22923}}, {"geometry": {"type": "Polygon", "coordinates": [[[-9593, 3622], [-9587, 3622], [-9585, 3630], [-9570, 3626], [-9567, 3625], [-9568, 3618], [-9565, 3616], [-9567, 3601], [-9572, 3601], [-9576, 3595], [-9582, 3592], [-9584, 3583], [-9579, 3570], [-9580, 3560], [-9585, 3546], [-9598, 3546], [-9603, 3554], [-9601, 3561], [-9606, 3567], [-9603, 3571], [-9595, 3596], [-9599, 3596], [-9627, 3597], [-9626, 3623], [-9593, 3622]]]}, "type": "Feature", "properties": {"name": "Charlton County", "stateAbbrev": "GA", "state": "Georgia", "fips": "049", "incits": "13049", "id": "US.GA.049", "population": 13255}}, {"geometry": {"type": "Polygon", "coordinates": [[[-9506, 3749], [-9484, 3765], [-9478, 3764], [-9475, 3759], [-9475, 3751], [-9469, 3748], [-9462, 3750], [-9452, 3742], [-9432, 3742], [-9437, 3734], [-9444, 3727], [-9461, 3708], [-9467, 3703], [-9479, 3704], [-9482, 3716], [-9477, 3721], [-9486, 3728], [-9492, 3727], [-9498, 3739], [-9504, 3743], [-9506, 3749]]]}, "type": "Feature", "properties": {"name": "Chatham County", "stateAbbrev": "GA", "state": "Georgia", "fips": "051", "incits": "13051", "id": "US.GA.051", "population": 278434}}, {"geometry": {"type": "Polygon", "coordinates": [[[-9551, 3641], [-9541, 3635], [-9527, 3632], [-9514, 3625], [-9511, 3620], [-9497, 3620], [-9501, 3613], [-9502, 3608], [-9508, 3594], [-9502, 3587], [-9523, 3587], [-9532, 3588], [-9555, 3596], [-9564, 3598], [-9567, 3601], [-9565, 3616], [-9568, 3618], [-9567, 3625], [-9570, 3626], [-9568, 3632], [-9559, 3632], [-9557, 3637], [-9551, 3641]]]}, "type": "Feature", "properties": {"name": "Camden County", "stateAbbrev": "GA", "state": "Georgia", "fips": "039", "incits": "13039", "id": "US.GA.039", "population": 51476}}, {"geometry": {"type": "Polygon", "coordinates": [[[-9619, 3891], [-9612, 3896], [-9581, 3918], [-9576, 3911], [-9569, 3909], [-9568, 3893], [-9561, 3891], [-9561, 3883], [-9565, 3885], [-9575, 3881], [-9585, 3883], [-9589, 3881], [-9598, 3889], [-9602, 3888], [-9603, 3888], [-9609, 3886], [-9619, 3891]]]}, "type": "Feature", "properties": {"name": "Richmond County", "stateAbbrev": "GA", "state": "Georgia", "fips": "245", "incits": "13245", "id": "US.GA.245", "population": 202003}}, {"geometry": {"type": "Polygon", "coordinates": [[[-9651, 3663], [-9651, 3676], [-9648, 3676], [-9636, 3676], [-9634, 3670], [-9627, 3670], [-9623, 3663], [-9623, 3656], [-9614, 3647], [-9611, 3647], [-9611, 3643], [-9602, 3641], [-9602, 3631], [-9593, 3622], [-9626, 3623], [-9627, 3597], [-9599, 3596], [-9595, 3596], [-9603, 3571], [-9627, 3572], [-9628, 3576], [-9629, 3600], [-9635, 3601], [-9635, 3617], [-9647, 3623], [-9656, 3642], [-9660, 3647], [-9660, 3653], [-9651, 3653], [-9651, 3663]]]}, "type": "Feature", "properties": {"name": "Ware County", "stateAbbrev": "GA", "state": "Georgia", "fips": "299", "incits": "13299", "id": "US.GA.299", "population": 35709}}, {"geometry": {"type": "Polygon", "coordinates": [[[-9628, 3931], [-9619, 3935], [-9603, 3935], [-9601, 3928], [-9595, 3924], [-9590, 3924], [-9581, 3918], [-9612, 3896], [-9623, 3909], [-9629, 3919], [-9626, 3923], [-9628, 3931]]]}, "type": "Feature", "properties": {"name": "Columbia County", "stateAbbrev": "GA", "state": "Georgia", "fips": "073", "incits": "13073", "id": "US.GA.073", "population": 135416}}, {"geometry": {"type": "Polygon", "coordinates": [[[-9653, 3970], [-9644, 3966], [-9638, 3964], [-9628, 3956], [-9614, 3948], [-9607, 3942], [-9603, 3935], [-9619, 3935], [-9628, 3931], [-9634, 3930], [-9645, 3947], [-9653, 3970]]]}, "type": "Feature", "properties": {"name": "Lincoln County", "stateAbbrev": "GA", "state": "Georgia", "fips": "181", "incits": "13181", "id": "US.GA.181", "population": 7751}}, {"geometry": {"type": "Polygon", "coordinates": [[[-9704, 3997], [-9697, 3999], [-9693, 3996], [-9685, 4000], [-9668, 4005], [-9666, 4003], [-9662, 3989], [-9657, 3986], [-9653, 3980], [-9648, 3975], [-9644, 3966], [-9653, 3970], [-9669, 3968], [-9679, 3970], [-9692, 3976], [-9698, 3983], [-9703, 3989], [-9707, 3991], [-9704, 3997]]]}, "type": "Feature", "properties": {"name": "Elbert County", "stateAbbrev": "GA", "state": "Georgia", "fips": "105", "incits": "13105", "id": "US.GA.105", "population": 19599}}, {"geometry": {"type": "Polygon", "coordinates": [[[-9708, 4003], [-9706, 4020], [-9701, 4029], [-9695, 4027], [-9684, 4028], [-9678, 4024], [-9675, 4014], [-9668, 4005], [-9685, 4000], [-9693, 3996], [-9697, 3999], [-9704, 3997], [-9708, 4003]]]}, "type": "Feature", "properties": {"name": "Hart County", "stateAbbrev": "GA", "state": "Georgia", "fips": "147", "incits": "13147", "id": "US.GA.147", "population": 25446}}, {"geometry": {"type": "Polygon", "coordinates": [[[-9741, 4025], [-9738, 4026], [-9716, 4027], [-9707, 4034], [-9701, 4029], [-9706, 4020], [-9708, 4003], [-9715, 3999], [-9728, 4001], [-9736, 3997], [-9734, 4002], [-9741, 4009], [-9739, 4021], [-9741, 4025]]]}, "type": "Feature", "properties": {"name": "Franklin County", "stateAbbrev": "GA", "state": "Georgia", "fips": "119", "incits": "13119", "id": "US.GA.119", "population": 22009}}, {"geometry": {"type": "Polygon", "coordinates": [[[-9748, 4028], [-9737, 4050], [-9734, 4052], [-9722, 4043], [-9714, 4042], [-9707, 4034], [-9716, 4027], [-9738, 4026], [-9741, 4025], [-9748, 4028]]]}, "type": "Feature", "properties": {"name": "Stephens County", "stateAbbrev": "GA", "state": "Georgia", "fips": "257", "incits": "13257", "id": "US.GA.257", "population": 25683}}, {"geometry": {"type": "Polygon", "coordinates": [[[-9774, 4065], [-9771, 4067], [-9765, 4068], [-9759, 4059], [-9751, 4056], [-9746, 4058], [-9736, 4055], [-9734, 4052], [-9737, 4050], [-9748, 4028], [-9757, 4029], [-9767, 4022], [-9773, 4030], [-9767, 4035], [-9769, 4039], [-9770, 4049], [-9768, 4060], [-9774, 4065]]]}, "type": "Feature", "properties": {"name": "Habersham County", "stateAbbrev": "GA", "state": "Georgia", "fips": "137", "incits": "13137", "id": "US.GA.137", "population": 43300}}, {"geometry": {"type": "Polygon", "coordinates": [[[-9759, 4087], [-9707, 4088], [-9710, 4082], [-9733, 4063], [-9736, 4055], [-9746, 4058], [-9751, 4056], [-9759, 4059], [-9765, 4068], [-9771, 4067], [-9771, 4073], [-9765, 4081], [-9759, 4082], [-9759, 4087]]]}, "type": "Feature", "properties": {"name": "Rabun County", "stateAbbrev": "GA", "state": "Georgia", "fips": "241", "incits": "13241", "id": "US.GA.241", "population": 16235}}, {"geometry": {"type": "Polygon", "coordinates": [[[-9804, 4087], [-9767, 4087], [-9759, 4087], [-9759, 4082], [-9765, 4081], [-9771, 4073], [-9771, 4067], [-9774, 4065], [-9786, 4064], [-9789, 4076], [-9802, 4080], [-9804, 4087]]]}, "type": "Feature", "properties": {"name": "Towns County", "stateAbbrev": "GA", "state": "Georgia", "fips": "281", "incits": "13281", "id": "US.GA.281", "population": 10771}}, {"geometry": {"type": "Polygon", "coordinates": [[[-9827, 4087], [-9804, 4087], [-9802, 4080], [-9789, 4076], [-9786, 4064], [-9791, 4063], [-9795, 4056], [-9804, 4058], [-9810, 4055], [-9816, 4046], [-9826, 4049], [-9830, 4047], [-9824, 4056], [-9822, 4065], [-9828, 4066], [-9829, 4070], [-9824, 4075], [-9833, 4083], [-9827, 4087]]]}, "type": "Feature", "properties": {"name": "Union County", "stateAbbrev": "GA", "state": "Georgia", "fips": "291", "incits": "13291", "id": "US.GA.291", "population": 21566}}, {"geometry": {"type": "Polygon", "coordinates": [[[-9884, 4087], [-9827, 4087], [-9833, 4083], [-9824, 4075], [-9829, 4070], [-9828, 4066], [-9822, 4065], [-9824, 4056], [-9830, 4047], [-9833, 4042], [-9835, 4043], [-9841, 4051], [-9841, 4056], [-9848, 4066], [-9861, 4071], [-9884, 4071], [-9884, 4087]]]}, "type": "Feature", "properties": {"name": "Fannin County", "stateAbbrev": "GA", "state": "Georgia", "fips": "111", "incits": "13111", "id": "US.GA.111", "population": 23760}}, {"geometry": {"type": "Polygon", "coordinates": [[[-9971, 4086], [-9979, 4074], [-9981, 4060], [-9986, 4050], [-9991, 4044], [-9999, 4086], [-9971, 4086]]]}, "type": "Feature", "properties": {"name": "Dade County", "stateAbbrev": "GA", "state": "Georgia", "fips": "083", "incits": "13083", "id": "US.GA.083", "population": 16507}}, {"geometry": {"type": "Polygon", "coordinates": [[[-9906, 4087], [-9884, 4087], [-9884, 4071], [-9880, 4067], [-9886, 4062], [-9888, 4056], [-9888, 4040], [-9895, 4044], [-9913, 4042], [-9918, 4045], [-9919, 4055], [-9913, 4054], [-9914, 4062], [-9910, 4071], [-9910, 4079], [-9906, 4087]]]}, "type": "Feature", "properties": {"name": "Murray County", "stateAbbrev": "GA", "state": "Georgia", "fips": "213", "incits": "13213", "id": "US.GA.213", "population": 39267}}, {"geometry": {"type": "Polygon", "coordinates": [[[-9945, 4061], [-9944, 4065], [-9936, 4067], [-9931, 4073], [-9926, 4087], [-9906, 4087], [-9910, 4079], [-9910, 4071], [-9914, 4062], [-9913, 4054], [-9919, 4055], [-9918, 4045], [-9920, 4043], [-9934, 4044], [-9934, 4055], [-9948, 4055], [-9945, 4061]]]}, "type": "Feature", "properties": {"name": "Whitfield County", "stateAbbrev": "GA", "state": "Georgia", "fips": "313", "incits": "13313", "id": "US.GA.313", "population": 102945}}, {"geometry": {"type": "Polygon", "coordinates": [[[-9959, 4086], [-9926, 4087], [-9931, 4073], [-9936, 4067], [-9944, 4065], [-9945, 4061], [-9952, 4062], [-9952, 4071], [-9959, 4071], [-9959, 4086]]]}, "type": "Feature", "properties": {"name": "Catoosa County", "stateAbbrev": "GA", "state": "Georgia", "fips": "047", "incits": "13047", "id": "US.GA.047", "population": 65311}}, {"geometry": {"type": "Polygon", "coordinates": [[[-9991, 4044], [-9986, 4050], [-9981, 4060], [-9979, 4074], [-9971, 4086], [-9959, 4086], [-9959, 4071], [-9952, 4071], [-9952, 4062], [-9945, 4061], [-9948, 4055], [-9934, 4055], [-9934, 4044], [-9937, 4040], [-9941, 4040], [-9990, 4040], [-9991, 4044]]]}, "type": "Feature", "properties": {"name": "Walker County", "stateAbbrev": "GA", "state": "Georgia", "fips": "295", "incits": "13295", "id": "US.GA.295", "population": 68198}}, {"geometry": {"type": "Polygon", "coordinates": [[[-9852, 3930], [-9852, 3967], [-9844, 3966], [-9842, 3962], [-9830, 3954], [-9815, 3942], [-9818, 3939], [-9825, 3926], [-9833, 3930], [-9844, 3930], [-9852, 3930]]]}, "type": "Feature", "properties": {"name": "DeKalb County", "stateAbbrev": "GA", "state": "Georgia", "fips": "089", "incits": "13089", "id": "US.GA.089", "population": 713340}}, {"geometry": {"type": "Polygon", "coordinates": [[[-9844, 3966], [-9841, 3971], [-9823, 3977], [-9825, 3979], [-9819, 3991], [-9796, 3983], [-9790, 3986], [-9796, 3972], [-9788, 3963], [-9809, 3946], [-9815, 3942], [-9830, 3954], [-9842, 3962], [-9844, 3966]]]}, "type": "Feature", "properties": {"name": "Gwinnett County", "stateAbbrev": "GA", "state": "Georgia", "fips": "135", "incits": "13135", "id": "US.GA.135", "population": 859304}}, {"geometry": {"type": "Polygon", "coordinates": [[[-9628, 3734], [-9615, 3730], [-9611, 3731], [-9605, 3728], [-9597, 3727], [-9585, 3718], [-9593, 3711], [-9593, 3676], [-9597, 3676], [-9604, 3683], [-9606, 3686], [-9619, 3693], [-9626, 3696], [-9639, 3704], [-9639, 3719], [-9628, 3719], [-9628, 3734]]]}, "type": "Feature", "properties": {"name": "Appling County", "stateAbbrev": "GA", "state": "Georgia", "fips": "001", "incits": "13001", "id": "US.GA.001", "population": 18440}}, {"geometry": {"type": "Polygon", "coordinates": [[[-9711, 3670], [-9690, 3670], [-9677, 3668], [-9673, 3664], [-9651, 3663], [-9651, 3653], [-9660, 3653], [-9660, 3647], [-9656, 3642], [-9691, 3642], [-9700, 3642], [-9699, 3653], [-9703, 3661], [-9706, 3662], [-9711, 3670]]]}, "type": "Feature", "properties": {"name": "Atkinson County", "stateAbbrev": "GA", "state": "Georgia", "fips": "003", "incits": "13003", "id": "US.GA.003", "population": 8290}}, {"geometry": {"type": "Polygon", "coordinates": [[[-9651, 3700], [-9639, 3700], [-9639, 3704], [-9626, 3696], [-9619, 3693], [-9606, 3686], [-9604, 3683], [-9608, 3681], [-9618, 3671], [-9627, 3670], [-9634, 3670], [-9636, 3676], [-9648, 3676], [-9648, 3686], [-9651, 3686], [-9651, 3700]]]}, "type": "Feature", "properties": {"name": "Bacon County", "stateAbbrev": "GA", "state": "Georgia", "fips": "005", "incits": "13005", "id": "US.GA.005", "population": 11216}}, {"geometry": {"type": "Polygon", "coordinates": [[[-9911, 3914], [-9906, 3922], [-9899, 3928], [-9889, 3931], [-9888, 3934], [-9879, 3941], [-9865, 3953], [-9864, 3961], [-9856, 3967], [-9860, 3980], [-9860, 3984], [-9854, 3986], [-9853, 3992], [-9842, 3993], [-9842, 3984], [-9836, 3983], [-9828, 3978], [-9823, 3977], [-9841, 3971], [-9844, 3966], [-9852, 3967], [-9852, 3930], [-9865, 3930], [-9865, 3919], [-9881, 3915], [-9883, 3913], [-9884, 3914], [-9911, 3914]]]}, "type": "Feature", "properties": {"name": "Fulton County", "stateAbbrev": "GA", "state": "Georgia", "fips": "121", "incits": "13121", "id": "US.GA.121", "population": 984293}}, {"geometry": {"type": "Polygon", "coordinates": [[[-9865, 3919], [-9865, 3930], [-9852, 3930], [-9844, 3930], [-9841, 3925], [-9845, 3917], [-9846, 3905], [-9853, 3905], [-9853, 3896], [-9857, 3896], [-9856, 3909], [-9865, 3919]]]}, "type": "Feature", "properties": {"name": "Clayton County", "stateAbbrev": "GA", "state": "Georgia", "fips": "063", "incits": "13063", "id": "US.GA.063", "population": 264220}}, {"geometry": {"type": "Polygon", "coordinates": [[[-9898, 3981], [-9889, 3980], [-9860, 3980], [-9856, 3967], [-9864, 3961], [-9865, 3953], [-9879, 3941], [-9884, 3949], [-9896, 3949], [-9896, 3965], [-9898, 3965], [-9898, 3981]]]}, "type": "Feature", "properties": {"name": "Cobb County", "stateAbbrev": "GA", "state": "Georgia", "fips": "067", "incits": "13067", "id": "US.GA.067", "population": 717190}}, {"geometry": {"type": "Polygon", "coordinates": [[[-9853, 3896], [-9853, 3905], [-9846, 3905], [-9845, 3917], [-9841, 3925], [-9844, 3930], [-9833, 3930], [-9827, 3920], [-9817, 3916], [-9814, 3912], [-9806, 3911], [-9803, 3907], [-9820, 3890], [-9823, 3889], [-9829, 3894], [-9840, 3896], [-9853, 3896]]]}, "type": "Feature", "properties": {"name": "Henry County", "stateAbbrev": "GA", "state": "Georgia", "fips": "151", "incits": "13151", "id": "US.GA.151", "population": 211128}}, {"geometry": {"type": "Polygon", "coordinates": [[[-9833, 3930], [-9825, 3926], [-9818, 3939], [-9815, 3942], [-9809, 3946], [-9802, 3941], [-9803, 3931], [-9817, 3916], [-9827, 3920], [-9833, 3930]]]}, "type": "Feature", "properties": {"name": "Rockdale County", "stateAbbrev": "GA", "state": "Georgia", "fips": "247", "incits": "13247", "id": "US.GA.247", "population": 86919}}, {"geometry": {"type": "Polygon", "coordinates": [[[-9817, 3916], [-9803, 3931], [-9802, 3941], [-9774, 3924], [-9774, 3916], [-9774, 3912], [-9791, 3905], [-9796, 3898], [-9803, 3907], [-9806, 3911], [-9814, 3912], [-9817, 3916]]]}, "type": "Feature", "properties": {"name": "Newton County", "stateAbbrev": "GA", "state": "Georgia", "fips": "217", "incits": "13217", "id": "US.GA.217", "population": 102446}}, {"geometry": {"type": "Polygon", "coordinates": [[[-9809, 3946], [-9788, 3963], [-9779, 3960], [-9770, 3960], [-9754, 3950], [-9774, 3924], [-9802, 3941], [-9809, 3946]]]}, "type": "Feature", "properties": {"name": "Walton County", "stateAbbrev": "GA", "state": "Georgia", "fips": "297", "incits": "13297", "id": "US.GA.297", "population": 85754}}, {"geometry": {"type": "Polygon", "coordinates": [[[-9774, 3924], [-9754, 3950], [-9742, 3936], [-9735, 3925], [-9728, 3918], [-9727, 3911], [-9757, 3905], [-9774, 3916], [-9774, 3924]]]}, "type": "Feature", "properties": {"name": "Morgan County", "stateAbbrev": "GA", "state": "Georgia", "fips": "211", "incits": "13211", "id": "US.GA.211", "population": 17781}}, {"geometry": {"type": "Polygon", "coordinates": [[[-9767, 4022], [-9757, 4029], [-9748, 4028], [-9741, 4025], [-9739, 4021], [-9741, 4009], [-9734, 4002], [-9736, 3997], [-9742, 3994], [-9751, 4002], [-9760, 4001], [-9767, 4006], [-9773, 4014], [-9767, 4022]]]}, "type": "Feature", "properties": {"name": "Banks County", "stateAbbrev": "GA", "state": "Georgia", "fips": "011", "incits": "13011", "id": "US.GA.011", "population": 18415}}, {"geometry": {"type": "Polygon", "coordinates": [[[-9790, 3986], [-9784, 3979], [-9778, 3977], [-9771, 3978], [-9761, 3975], [-9757, 3967], [-9770, 3960], [-9779, 3960], [-9788, 3963], [-9796, 3972], [-9790, 3986]]]}, "type": "Feature", "properties": {"name": "Barrow County", "stateAbbrev": "GA", "state": "Georgia", "fips": "013", "incits": "13013", "id": "US.GA.013", "population": 71453}}, {"geometry": {"type": "Polygon", "coordinates": [[[-9886, 3651], [-9886, 3672], [-9869, 3671], [-9862, 3672], [-9828, 3672], [-9834, 3667], [-9835, 3663], [-9848, 3659], [-9855, 3649], [-9871, 3635], [-9871, 3630], [-9875, 3630], [-9874, 3651], [-9886, 3651]]]}, "type": "Feature", "properties": {"name": "Baker County", "stateAbbrev": "GA", "state": "Georgia", "fips": "007", "incits": "13007", "id": "US.GA.007", "population": 3341}}, {"geometry": {"type": "Polygon", "coordinates": [[[-9934, 3982], [-9934, 3996], [-9931, 3996], [-9931, 4012], [-9929, 4017], [-9922, 4018], [-9897, 4018], [-9888, 4020], [-9889, 3980], [-9898, 3981], [-9919, 3981], [-9934, 3982]]]}, "type": "Feature", "properties": {"name": "Bartow County", "stateAbbrev": "GA", "state": "Georgia", "fips": "015", "incits": "13015", "id": "US.GA.015", "population": 101273}}, {"geometry": {"type": "Polygon", "coordinates": [[[-9745, 3876], [-9733, 3874], [-9727, 3876], [-9706, 3872], [-9709, 3864], [-9701, 3864], [-9703, 3858], [-9700, 3853], [-9703, 3848], [-9712, 3856], [-9736, 3846], [-9745, 3876]]]}, "type": "Feature", "properties": {"name": "Baldwin County", "stateAbbrev": "GA", "state": "Georgia", "fips": "009", "incits": "13009", "id": "US.GA.009", "population": 46039}}, {"geometry": {"type": "Polygon", "coordinates": [[[-9790, 3986], [-9767, 4006], [-9760, 4001], [-9751, 4002], [-9742, 3994], [-9737, 3991], [-9736, 3985], [-9740, 3977], [-9737, 3976], [-9757, 3967], [-9761, 3975], [-9771, 3978], [-9778, 3977], [-9784, 3979], [-9790, 3986]]]}, "type": "Feature", "properties": {"name": "Jackson County", "stateAbbrev": "GA", "state": "Georgia", "fips": "157", "incits": "13157", "id": "US.GA.157", "population": 61044}}, {"geometry": {"type": "Polygon", "coordinates": [[[-9770, 3960], [-9757, 3967], [-9754, 3963], [-9743, 3962], [-9727, 3954], [-9730, 3950], [-9727, 3944], [-9729, 3940], [-9742, 3936], [-9754, 3950], [-9770, 3960]]]}, "type": "Feature", "properties": {"name": "Oconee County", "stateAbbrev": "GA", "state": "Georgia", "fips": "219", "incits": "13219", "id": "US.GA.219", "population": 34035}}, {"geometry": {"type": "Polygon", "coordinates": [[[-9757, 3967], [-9737, 3976], [-9725, 3971], [-9727, 3965], [-9723, 3960], [-9727, 3954], [-9743, 3962], [-9754, 3963], [-9757, 3967]]]}, "type": "Feature", "properties": {"name": "Clarke County", "stateAbbrev": "GA", "state": "Georgia", "fips": "059", "incits": "13059", "id": "US.GA.059", "population": 121265}}, {"geometry": {"type": "Polygon", "coordinates": [[[-9888, 4035], [-9855, 4035], [-9852, 4037], [-9849, 4026], [-9842, 4026], [-9842, 4016], [-9880, 4016], [-9880, 4019], [-9888, 4020], [-9888, 4035]]]}, "type": "Feature", "properties": {"name": "Pickens County", "stateAbbrev": "GA", "state": "Georgia", "fips": "227", "incits": "13227", "id": "US.GA.227", "population": 29584}}, {"geometry": {"type": "Polygon", "coordinates": [[[-9889, 3980], [-9888, 4020], [-9880, 4019], [-9880, 4016], [-9842, 4016], [-9842, 4010], [-9842, 3993], [-9853, 3992], [-9854, 3986], [-9860, 3984], [-9860, 3980], [-9889, 3980]]]}, "type": "Feature", "properties": {"name": "Cherokee County", "stateAbbrev": "GA", "state": "Georgia", "fips": "057", "incits": "13057", "id": "US.GA.057", "population": 225106}}, {"geometry": {"type": "Polygon", "coordinates": [[[-9937, 4040], [-9934, 4044], [-9920, 4043], [-9918, 4045], [-9913, 4042], [-9895, 4044], [-9888, 4040], [-9888, 4035], [-9888, 4020], [-9897, 4018], [-9922, 4018], [-9929, 4017], [-9939, 4018], [-9939, 4034], [-9937, 4040]]]}, "type": "Feature", "properties": {"name": "Gordon County", "stateAbbrev": "GA", "state": "Georgia", "fips": "129", "incits": "13129", "id": "US.GA.129", "population": 55757}}, {"geometry": {"type": "Polygon", "coordinates": [[[-9842, 3993], [-9842, 4010], [-9807, 4010], [-9806, 3999], [-9810, 3995], [-9819, 3991], [-9825, 3979], [-9823, 3977], [-9828, 3978], [-9836, 3983], [-9842, 3984], [-9842, 3993]]]}, "type": "Feature", "properties": {"name": "Forsyth County", "stateAbbrev": "GA", "state": "Georgia", "fips": "117", "incits": "13117", "id": "US.GA.117", "population": 195405}}, {"geometry": {"type": "Polygon", "coordinates": [[[-9751, 3720], [-9715, 3720], [-9698, 3712], [-9694, 3712], [-9695, 3700], [-9715, 3700], [-9715, 3697], [-9726, 3697], [-9733, 3700], [-9733, 3709], [-9748, 3709], [-9751, 3720]]]}, "type": "Feature", "properties": {"name": "Ben Hill County", "stateAbbrev": "GA", "state": "Georgia", "fips": "017", "incits": "13017", "id": "US.GA.017", "population": 17515}}, {"geometry": {"type": "Polygon", "coordinates": [[[-9835, 4043], [-9833, 4042], [-9834, 4034], [-9824, 4026], [-9809, 4020], [-9807, 4010], [-9842, 4010], [-9842, 4016], [-9842, 4026], [-9849, 4026], [-9852, 4037], [-9850, 4039], [-9841, 4038], [-9835, 4043]]]}, "type": "Feature", "properties": {"name": "Dawson County", "stateAbbrev": "GA", "state": "Georgia", "fips": "085", "incits": "13085", "id": "US.GA.085", "population": 22686}}, {"geometry": {"type": "Polygon", "coordinates": [[[-9819, 3991], [-9810, 3995], [-9806, 3999], [-9807, 4010], [-9809, 4020], [-9793, 4030], [-9773, 4030], [-9767, 4022], [-9773, 4014], [-9767, 4006], [-9790, 3986], [-9796, 3983], [-9819, 3991]]]}, "type": "Feature", "properties": {"name": "Hall County", "stateAbbrev": "GA", "state": "Georgia", "fips": "139", "incits": "13139", "id": "US.GA.139", "population": 187745}}, {"geometry": {"type": "Polygon", "coordinates": [[[-9755, 3836], [-9742, 3843], [-9721, 3806], [-9753, 3791], [-9752, 3795], [-9758, 3799], [-9760, 3814], [-9764, 3815], [-9766, 3819], [-9762, 3824], [-9754, 3831], [-9755, 3836]]]}, "type": "Feature", "properties": {"name": "Twiggs County", "stateAbbrev": "GA", "state": "Georgia", "fips": "289", "incits": "13289", "id": "US.GA.289", "population": 8481}}, {"geometry": {"type": "Polygon", "coordinates": [[[-9742, 3843], [-9736, 3846], [-9712, 3856], [-9703, 3848], [-9698, 3838], [-9693, 3837], [-9689, 3826], [-9690, 3820], [-9721, 3806], [-9742, 3843]]]}, "type": "Feature", "properties": {"name": "Wilkinson County", "stateAbbrev": "GA", "state": "Georgia", "fips": "319", "incits": "13319", "id": "US.GA.319", "population": 9432}}, {"geometry": {"type": "Polygon", "coordinates": [[[-9753, 3791], [-9721, 3806], [-9711, 3787], [-9715, 3791], [-9730, 3778], [-9728, 3776], [-9735, 3769], [-9753, 3785], [-9753, 3791]]]}, "type": "Feature", "properties": {"name": "Bleckley County", "stateAbbrev": "GA", "state": "Georgia", "fips": "023", "incits": "13023", "id": "US.GA.023", "population": 12771}}, {"geometry": {"type": "Polygon", "coordinates": [[[-9782, 3581], [-9781, 3625], [-9762, 3625], [-9762, 3630], [-9759, 3627], [-9750, 3625], [-9745, 3615], [-9744, 3608], [-9738, 3607], [-9735, 3604], [-9746, 3599], [-9751, 3593], [-9746, 3585], [-9736, 3579], [-9782, 3581]]]}, "type": "Feature", "properties": {"name": "Brooks County", "stateAbbrev": "GA", "state": "Georgia", "fips": "027", "incits": "13027", "id": "US.GA.027", "population": 15516}}, {"geometry": {"type": "Polygon", "coordinates": [[[-9745, 3662], [-9738, 3668], [-9738, 3675], [-9734, 3677], [-9712, 3676], [-9711, 3670], [-9706, 3662], [-9703, 3661], [-9699, 3653], [-9700, 3642], [-9699, 3638], [-9714, 3638], [-9714, 3628], [-9718, 3624], [-9729, 3624], [-9727, 3628], [-9732, 3632], [-9730, 3639], [-9734, 3643], [-9734, 3649], [-9740, 3651], [-9746, 3656], [-9745, 3662]]]}, "type": "Feature", "properties": {"name": "Berrien County", "stateAbbrev": "GA", "state": "Georgia", "fips": "019", "incits": "13019", "id": "US.GA.019", "population": 19048}}, {"geometry": {"type": "Polygon", "coordinates": [[[-9825, 3630], [-9812, 3630], [-9812, 3626], [-9781, 3625], [-9782, 3581], [-9821, 3583], [-9820, 3611], [-9825, 3618], [-9825, 3630]]]}, "type": "Feature", "properties": {"name": "Thomas County", "stateAbbrev": "GA", "state": "Georgia", "fips": "275", "incits": "13275", "id": "US.GA.275", "population": 44869}}, {"geometry": {"type": "Polygon", "coordinates": [[[-9721, 3806], [-9690, 3820], [-9679, 3821], [-9670, 3818], [-9671, 3815], [-9656, 3809], [-9657, 3799], [-9654, 3798], [-9652, 3795], [-9660, 3788], [-9664, 3777], [-9662, 3774], [-9678, 3760], [-9681, 3761], [-9694, 3755], [-9711, 3787], [-9721, 3806]]]}, "type": "Feature", "properties": {"name": "Laurens County", "stateAbbrev": "GA", "state": "Georgia", "fips": "175", "incits": "13175", "id": "US.GA.175", "population": 47999}}, {"geometry": {"type": "Polygon", "coordinates": [[[-9811, 3660], [-9771, 3660], [-9755, 3659], [-9754, 3645], [-9758, 3642], [-9762, 3630], [-9762, 3625], [-9781, 3625], [-9812, 3626], [-9812, 3630], [-9811, 3660]]]}, "type": "Feature", "properties": {"name": "Colquitt County", "stateAbbrev": "GA", "state": "Georgia", "fips": "071", "incits": "13071", "id": "US.GA.071", "population": 46275}}, {"geometry": {"type": "Polygon", "coordinates": [[[-9826, 3837], [-9799, 3837], [-9790, 3824], [-9778, 3819], [-9784, 3819], [-9812, 3800], [-9820, 3807], [-9824, 3817], [-9835, 3818], [-9826, 3837]]]}, "type": "Feature", "properties": {"name": "Crawford County", "stateAbbrev": "GA", "state": "Georgia", "fips": "079", "incits": "13079", "id": "US.GA.079", "population": 12504}}, {"geometry": {"type": "Polygon", "coordinates": [[[-9826, 3847], [-9817, 3848], [-9816, 3878], [-9797, 3878], [-9791, 3876], [-9790, 3870], [-9779, 3857], [-9778, 3849], [-9799, 3837], [-9826, 3837], [-9826, 3847]]]}, "type": "Feature", "properties": {"name": "Monroe County", "stateAbbrev": "GA", "state": "Georgia", "fips": "207", "incits": "13207", "id": "US.GA.207", "population": 26984}}, {"geometry": {"type": "Polygon", "coordinates": [[[-9700, 3642], [-9691, 3642], [-9691, 3606], [-9698, 3604], [-9697, 3610], [-9700, 3615], [-9716, 3615], [-9718, 3624], [-9714, 3628], [-9714, 3638], [-9699, 3638], [-9700, 3642]]]}, "type": "Feature", "properties": {"name": "Lanier County", "stateAbbrev": "GA", "state": "Georgia", "fips": "173", "incits": "13173", "id": "US.GA.173", "population": 10408}}, {"geometry": {"type": "Polygon", "coordinates": [[[-9799, 3837], [-9778, 3849], [-9772, 3841], [-9765, 3841], [-9755, 3836], [-9754, 3831], [-9762, 3824], [-9766, 3819], [-9764, 3815], [-9777, 3819], [-9778, 3819], [-9790, 3824], [-9799, 3837]]]}, "type": "Feature", "properties": {"name": "Bibb County", "stateAbbrev": "GA", "state": "Georgia", "fips": "021", "incits": "13021", "id": "US.GA.021", "population": 154721}}, {"geometry": {"type": "Polygon", "coordinates": [[[-9864, 3693], [-9846, 3694], [-9817, 3694], [-9814, 3697], [-9811, 3694], [-9811, 3673], [-9828, 3672], [-9862, 3672], [-9860, 3674], [-9865, 3689], [-9864, 3693]]]}, "type": "Feature", "properties": {"name": "Dougherty County", "stateAbbrev": "GA", "state": "Georgia", "fips": "095", "incits": "13095", "id": "US.GA.095", "population": 92969}}, {"geometry": {"type": "Polygon", "coordinates": [[[-9547, 3659], [-9534, 3674], [-9529, 3668], [-9512, 3658], [-9504, 3658], [-9496, 3655], [-9483, 3655], [-9483, 3650], [-9488, 3641], [-9496, 3639], [-9496, 3630], [-9501, 3628], [-9501, 3623], [-9497, 3620], [-9511, 3620], [-9514, 3625], [-9527, 3632], [-9541, 3635], [-9551, 3641], [-9551, 3644], [-9547, 3659]]]}, "type": "Feature", "properties": {"name": "Glynn County", "stateAbbrev": "GA", "state": "Georgia", "fips": "127", "incits": "13127", "id": "US.GA.127", "population": 81508}}, {"geometry": {"type": "Polygon", "coordinates": [[[-9796, 3898], [-9791, 3905], [-9774, 3912], [-9774, 3916], [-9757, 3905], [-9758, 3875], [-9790, 3870], [-9791, 3876], [-9790, 3883], [-9796, 3898]]]}, "type": "Feature", "properties": {"name": "Jasper County", "stateAbbrev": "GA", "state": "Georgia", "fips": "159", "incits": "13159", "id": "US.GA.159", "population": 13601}}, {"geometry": {"type": "Polygon", "coordinates": [[[-9907, 3693], [-9888, 3694], [-9880, 3695], [-9875, 3693], [-9864, 3693], [-9865, 3689], [-9860, 3674], [-9862, 3672], [-9869, 3671], [-9886, 3672], [-9904, 3672], [-9907, 3679], [-9907, 3693]]]}, "type": "Feature", "properties": {"name": "Calhoun County", "stateAbbrev": "GA", "state": "Georgia", "fips": "037", "incits": "13037", "id": "US.GA.037", "population": 6523}}, {"geometry": {"type": "Polygon", "coordinates": [[[-9552, 3756], [-9512, 3766], [-9509, 3762], [-9509, 3753], [-9506, 3749], [-9504, 3743], [-9498, 3739], [-9492, 3727], [-9486, 3728], [-9477, 3721], [-9482, 3716], [-9479, 3704], [-9491, 3709], [-9494, 3714], [-9502, 3717], [-9508, 3728], [-9520, 3733], [-9527, 3733], [-9537, 3745], [-9545, 3748], [-9552, 3756]]]}, "type": "Feature", "properties": {"name": "Bryan County", "stateAbbrev": "GA", "state": "Georgia", "fips": "029", "incits": "13029", "id": "US.GA.029", "population": 33157}}, {"geometry": {"type": "Polygon", "coordinates": [[[-9870, 3885], [-9862, 3885], [-9857, 3891], [-9857, 3896], [-9853, 3896], [-9840, 3896], [-9829, 3894], [-9823, 3889], [-9826, 3878], [-9826, 3875], [-9840, 3877], [-9855, 3877], [-9864, 3879], [-9870, 3876], [-9870, 3880], [-9870, 3885]]]}, "type": "Feature", "properties": {"name": "Spalding County", "stateAbbrev": "GA", "state": "Georgia", "fips": "255", "incits": "13255", "id": "US.GA.255", "population": 63829}}, {"geometry": {"type": "Polygon", "coordinates": [[[-9934, 3681], [-9932, 3678], [-9921, 3680], [-9907, 3679], [-9904, 3672], [-9886, 3672], [-9886, 3651], [-9893, 3650], [-9919, 3651], [-9919, 3629], [-9932, 3630], [-9932, 3634], [-9940, 3640], [-9942, 3652], [-9939, 3655], [-9939, 3664], [-9936, 3671], [-9937, 3676], [-9934, 3681]]]}, "type": "Feature", "properties": {"name": "Early County", "stateAbbrev": "GA", "state": "Georgia", "fips": "099", "incits": "13099", "id": "US.GA.099", "population": 10542}}, {"geometry": {"type": "Polygon", "coordinates": [[[-9585, 3718], [-9574, 3713], [-9568, 3709], [-9567, 3706], [-9557, 3697], [-9543, 3689], [-9539, 3684], [-9534, 3674], [-9547, 3659], [-9555, 3663], [-9569, 3661], [-9583, 3665], [-9584, 3674], [-9593, 3676], [-9593, 3711], [-9585, 3718]]]}, "type": "Feature", "properties": {"name": "Wayne County", "stateAbbrev": "GA", "state": "Georgia", "fips": "305", "incits": "13305", "id": "US.GA.305", "population": 30077}}, {"geometry": {"type": "Polygon", "coordinates": [[[-9843, 3853], [-9841, 3859], [-9840, 3877], [-9826, 3875], [-9826, 3878], [-9816, 3878], [-9817, 3848], [-9826, 3847], [-9826, 3853], [-9843, 3853]]]}, "type": "Feature", "properties": {"name": "Lamar County", "stateAbbrev": "GA", "state": "Georgia", "fips": "171", "incits": "13171", "id": "US.GA.171", "population": 17959}}, {"geometry": {"type": "Polygon", "coordinates": [[[-9945, 3712], [-9923, 3712], [-9924, 3704], [-9922, 3693], [-9907, 3693], [-9907, 3679], [-9921, 3680], [-9932, 3678], [-9934, 3681], [-9935, 3693], [-9943, 3702], [-9945, 3712]]]}, "type": "Feature", "properties": {"name": "Clay County", "stateAbbrev": "GA", "state": "Georgia", "fips": "061", "incits": "13061", "id": "US.GA.061", "population": 3045}}, {"geometry": {"type": "Polygon", "coordinates": [[[-9581, 3801], [-9578, 3809], [-9560, 3814], [-9558, 3814], [-9541, 3802], [-9525, 3795], [-9523, 3790], [-9525, 3786], [-9514, 3772], [-9512, 3766], [-9552, 3756], [-9556, 3765], [-9565, 3770], [-9574, 3769], [-9568, 3786], [-9575, 3793], [-9575, 3798], [-9581, 3801]]]}, "type": "Feature", "properties": {"name": "Bulloch County", "stateAbbrev": "GA", "state": "Georgia", "fips": "031", "incits": "13031", "id": "US.GA.031", "population": 71214}}, {"geometry": {"type": "Polygon", "coordinates": [[[-9581, 3770], [-9574, 3769], [-9565, 3770], [-9556, 3765], [-9552, 3756], [-9545, 3748], [-9550, 3743], [-9565, 3744], [-9576, 3747], [-9581, 3770]]]}, "type": "Feature", "properties": {"name": "Evans County", "stateAbbrev": "GA", "state": "Georgia", "fips": "109", "incits": "13109", "id": "US.GA.109", "population": 10833}}, {"geometry": {"type": "Polygon", "coordinates": [[[-9823, 3889], [-9820, 3890], [-9803, 3907], [-9796, 3898], [-9790, 3883], [-9791, 3876], [-9797, 3878], [-9816, 3878], [-9826, 3878], [-9823, 3889]]]}, "type": "Feature", "properties": {"name": "Butts County", "stateAbbrev": "GA", "state": "Georgia", "fips": "035", "incits": "13035", "id": "US.GA.035", "population": 23361}}, {"geometry": {"type": "Polygon", "coordinates": [[[-9611, 3647], [-9600, 3645], [-9589, 3653], [-9578, 3655], [-9583, 3665], [-9569, 3661], [-9555, 3663], [-9547, 3659], [-9551, 3644], [-9551, 3641], [-9557, 3637], [-9559, 3632], [-9568, 3632], [-9570, 3626], [-9585, 3630], [-9587, 3622], [-9593, 3622], [-9602, 3631], [-9602, 3641], [-9611, 3643], [-9611, 3647]]]}, "type": "Feature", "properties": {"name": "Brantley County", "stateAbbrev": "GA", "state": "Georgia", "fips": "025", "incits": "13025", "id": "US.GA.025", "population": 18292}}, {"geometry": {"type": "Polygon", "coordinates": [[[-9923, 3712], [-9918, 3712], [-9917, 3729], [-9888, 3729], [-9882, 3729], [-9882, 3711], [-9878, 3710], [-9874, 3700], [-9875, 3693], [-9880, 3695], [-9888, 3694], [-9907, 3693], [-9922, 3693], [-9924, 3704], [-9923, 3712]]]}, "type": "Feature", "properties": {"name": "Randolph County", "stateAbbrev": "GA", "state": "Georgia", "fips": "243", "incits": "13243", "id": "US.GA.243", "population": 7197}}, {"geometry": {"type": "Polygon", "coordinates": [[[-9870, 3876], [-9864, 3879], [-9855, 3877], [-9840, 3877], [-9841, 3859], [-9843, 3853], [-9869, 3854], [-9873, 3851], [-9874, 3856], [-9873, 3866], [-9870, 3876]]]}, "type": "Feature", "properties": {"name": "Pike County", "stateAbbrev": "GA", "state": "Georgia", "fips": "231", "incits": "13231", "id": "US.GA.231", "population": 17796}}, {"geometry": {"type": "Polygon", "coordinates": [[[-9912, 3877], [-9911, 3881], [-9870, 3880], [-9870, 3876], [-9873, 3866], [-9874, 3856], [-9873, 3851], [-9871, 3841], [-9878, 3836], [-9893, 3836], [-9901, 3839], [-9912, 3840], [-9912, 3877]]]}, "type": "Feature", "properties": {"name": "Meriwether County", "stateAbbrev": "GA", "state": "Georgia", "fips": "199", "incits": "13199", "id": "US.GA.199", "population": 21232}}, {"geometry": {"type": "Polygon", "coordinates": [[[-9873, 3851], [-9869, 3854], [-9843, 3853], [-9826, 3853], [-9826, 3847], [-9826, 3837], [-9835, 3818], [-9837, 3822], [-9845, 3825], [-9856, 3829], [-9861, 3836], [-9865, 3835], [-9871, 3841], [-9873, 3851]]]}, "type": "Feature", "properties": {"name": "Upson County", "stateAbbrev": "GA", "state": "Georgia", "fips": "293", "incits": "13293", "id": "US.GA.293", "population": 26566}}, {"geometry": {"type": "Polygon", "coordinates": [[[-9758, 3875], [-9757, 3905], [-9727, 3911], [-9725, 3906], [-9714, 3896], [-9712, 3891], [-9721, 3887], [-9727, 3876], [-9733, 3874], [-9745, 3876], [-9758, 3875]]]}, "type": "Feature", "properties": {"name": "Putnam County", "stateAbbrev": "GA", "state": "Georgia", "fips": "237", "incits": "13237", "id": "US.GA.237", "population": 21371}}, {"geometry": {"type": "Polygon", "coordinates": [[[-9919, 3981], [-9898, 3981], [-9898, 3965], [-9896, 3965], [-9896, 3949], [-9896, 3946], [-9917, 3946], [-9933, 3949], [-9934, 3961], [-9934, 3966], [-9926, 3966], [-9919, 3981]]]}, "type": "Feature", "properties": {"name": "Paulding County", "stateAbbrev": "GA", "state": "Georgia", "fips": "223", "incits": "13223", "id": "US.GA.223", "population": 146950}}, {"geometry": {"type": "Polygon", "coordinates": [[[-9742, 3936], [-9729, 3940], [-9727, 3944], [-9709, 3936], [-9700, 3938], [-9694, 3936], [-9689, 3931], [-9695, 3927], [-9696, 3922], [-9693, 3915], [-9696, 3909], [-9714, 3896], [-9725, 3906], [-9727, 3911], [-9728, 3918], [-9735, 3925], [-9742, 3936]]]}, "type": "Feature", "properties": {"name": "Greene County", "stateAbbrev": "GA", "state": "Georgia", "fips": "133", "incits": "13133", "id": "US.GA.133", "population": 16321}}, {"geometry": {"type": "Polygon", "coordinates": [[[-9790, 3870], [-9758, 3875], [-9745, 3876], [-9736, 3846], [-9742, 3843], [-9755, 3836], [-9765, 3841], [-9772, 3841], [-9778, 3849], [-9779, 3857], [-9790, 3870]]]}, "type": "Feature", "properties": {"name": "Jones County", "stateAbbrev": "GA", "state": "Georgia", "fips": "169", "incits": "13169", "id": "US.GA.169", "population": 28569}}, {"geometry": {"type": "Polygon", "coordinates": [[[-9978, 3981], [-9959, 3980], [-9959, 3983], [-9934, 3982], [-9919, 3981], [-9926, 3966], [-9934, 3966], [-9934, 3961], [-9953, 3960], [-9973, 3959], [-9978, 3981]]]}, "type": "Feature", "properties": {"name": "Polk County", "stateAbbrev": "GA", "state": "Georgia", "fips": "233", "incits": "13233", "id": "US.GA.233", "population": 41183}}, {"geometry": {"type": "Polygon", "coordinates": [[[-9727, 3954], [-9723, 3960], [-9727, 3965], [-9725, 3971], [-9717, 3973], [-9710, 3977], [-9700, 3973], [-9692, 3976], [-9679, 3970], [-9669, 3968], [-9680, 3962], [-9693, 3946], [-9689, 3940], [-9694, 3936], [-9700, 3938], [-9709, 3936], [-9727, 3944], [-9730, 3950], [-9727, 3954]]]}, "type": "Feature", "properties": {"name": "Oglethorpe County", "stateAbbrev": "GA", "state": "Georgia", "fips": "221", "incits": "13221", "id": "US.GA.221", "population": 14548}}, {"geometry": {"type": "Polygon", "coordinates": [[[-9694, 3936], [-9689, 3940], [-9682, 3929], [-9673, 3931], [-9665, 3926], [-9657, 3925], [-9666, 3914], [-9674, 3913], [-9677, 3906], [-9693, 3907], [-9696, 3909], [-9693, 3915], [-9696, 3922], [-9695, 3927], [-9689, 3931], [-9694, 3936]]]}, "type": "Feature", "properties": {"name": "Taliaferro County", "stateAbbrev": "GA", "state": "Georgia", "fips": "265", "incits": "13265", "id": "US.GA.265", "population": 1703}}, {"geometry": {"type": "Polygon", "coordinates": [[[-9973, 3959], [-9953, 3960], [-9934, 3961], [-9933, 3949], [-9934, 3938], [-9945, 3936], [-9962, 3931], [-9968, 3931], [-9973, 3959]]]}, "type": "Feature", "properties": {"name": "Haralson County", "stateAbbrev": "GA", "state": "Georgia", "fips": "143", "incits": "13143", "id": "US.GA.143", "population": 28495}}, {"geometry": {"type": "Polygon", "coordinates": [[[-9968, 3931], [-9962, 3931], [-9945, 3936], [-9934, 3938], [-9933, 3949], [-9917, 3946], [-9917, 3921], [-9906, 3922], [-9911, 3914], [-9919, 3907], [-9930, 3904], [-9963, 3905], [-9968, 3931]]]}, "type": "Feature", "properties": {"name": "Carroll County", "stateAbbrev": "GA", "state": "Georgia", "fips": "045", "incits": "13045", "id": "US.GA.045", "population": 112355}}, {"geometry": {"type": "Polygon", "coordinates": [[[-9691, 3606], [-9691, 3642], [-9656, 3642], [-9647, 3623], [-9635, 3617], [-9635, 3601], [-9629, 3600], [-9628, 3576], [-9627, 3572], [-9646, 3573], [-9646, 3585], [-9651, 3588], [-9668, 3590], [-9675, 3596], [-9677, 3602], [-9691, 3606]]]}, "type": "Feature", "properties": {"name": "Clinch County", "stateAbbrev": "GA", "state": "Georgia", "fips": "065", "incits": "13065", "id": "US.GA.065", "population": 6795}}, {"geometry": {"type": "Polygon", "coordinates": [[[-9883, 3913], [-9881, 3915], [-9865, 3919], [-9856, 3909], [-9857, 3896], [-9857, 3891], [-9862, 3885], [-9870, 3885], [-9872, 3892], [-9883, 3900], [-9885, 3910], [-9883, 3913]]]}, "type": "Feature", "properties": {"name": "Fayette County", "stateAbbrev": "GA", "state": "Georgia", "fips": "113", "incits": "13113", "id": "US.GA.113", "population": 108365}}, {"geometry": {"type": "Polygon", "coordinates": [[[-9990, 4040], [-9941, 4040], [-9949, 4022], [-9967, 4014], [-9974, 4005], [-9982, 4005], [-9990, 4040]]]}, "type": "Feature", "properties": {"name": "Chattooga County", "stateAbbrev": "GA", "state": "Georgia", "fips": "055", "incits": "13055", "id": "US.GA.055", "population": 25138}}, {"geometry": {"type": "Polygon", "coordinates": [[[-9886, 3800], [-9870, 3801], [-9863, 3803], [-9863, 3798], [-9856, 3787], [-9857, 3772], [-9862, 3765], [-9862, 3757], [-9862, 3753], [-9873, 3753], [-9877, 3760], [-9882, 3760], [-9884, 3765], [-9887, 3765], [-9888, 3765], [-9888, 3796], [-9886, 3800]]]}, "type": "Feature", "properties": {"name": "Marion County", "stateAbbrev": "GA", "state": "Georgia", "fips": "197", "incits": "13197", "id": "US.GA.197", "population": 8640}}, {"geometry": {"type": "Polygon", "coordinates": [[[-9581, 3801], [-9575, 3798], [-9575, 3793], [-9568, 3786], [-9574, 3769], [-9581, 3770], [-9605, 3775], [-9608, 3779], [-9600, 3788], [-9595, 3799], [-9588, 3803], [-9581, 3801]]]}, "type": "Feature", "properties": {"name": "Candler County", "stateAbbrev": "GA", "state": "Georgia", "fips": "043", "incits": "13043", "id": "US.GA.043", "population": 10937}}, {"geometry": {"type": "Polygon", "coordinates": [[[-9919, 3765], [-9888, 3765], [-9887, 3765], [-9886, 3764], [-9887, 3741], [-9888, 3729], [-9917, 3729], [-9936, 3737], [-9934, 3748], [-9936, 3753], [-9929, 3759], [-9919, 3765]]]}, "type": "Feature", "properties": {"name": "Stewart County", "stateAbbrev": "GA", "state": "Georgia", "fips": "259", "incits": "13259", "id": "US.GA.259", "population": 5868}}, {"geometry": {"type": "Polygon", "coordinates": [[[-9930, 3904], [-9919, 3907], [-9911, 3914], [-9884, 3914], [-9883, 3913], [-9885, 3910], [-9883, 3900], [-9872, 3892], [-9870, 3885], [-9870, 3880], [-9911, 3881], [-9912, 3877], [-9912, 3881], [-9921, 3881], [-9930, 3904]]]}, "type": "Feature", "properties": {"name": "Coweta County", "stateAbbrev": "GA", "state": "Georgia", "fips": "077", "incits": "13077", "id": "US.GA.077", "population": 133180}}, {"geometry": {"type": "Polygon", "coordinates": [[[-9925, 3782], [-9913, 3786], [-9904, 3786], [-9900, 3789], [-9896, 3797], [-9893, 3798], [-9886, 3800], [-9888, 3796], [-9888, 3765], [-9919, 3765], [-9917, 3768], [-9921, 3773], [-9929, 3775], [-9925, 3782]]]}, "type": "Feature", "properties": {"name": "Chattahoochee County", "stateAbbrev": "GA", "state": "Georgia", "fips": "053", "incits": "13053", "id": "US.GA.053", "population": 12842}}, {"geometry": {"type": "Polygon", "coordinates": [[[-9917, 3946], [-9896, 3946], [-9896, 3949], [-9884, 3949], [-9879, 3941], [-9888, 3934], [-9889, 3931], [-9899, 3928], [-9906, 3922], [-9917, 3921], [-9917, 3946]]]}, "type": "Feature", "properties": {"name": "Douglas County", "stateAbbrev": "GA", "state": "Georgia", "fips": "097", "incits": "13097", "id": "US.GA.097", "population": 136379}}, {"geometry": {"type": "Polygon", "coordinates": [[[-9886, 3651], [-9874, 3651], [-9875, 3630], [-9897, 3629], [-9919, 3629], [-9919, 3651], [-9893, 3650], [-9886, 3651]]]}, "type": "Feature", "properties": {"name": "Miller County", "stateAbbrev": "GA", "state": "Georgia", "fips": "201", "incits": "13201", "id": "US.GA.201", "population": 5932}}, {"geometry": {"type": "Polygon", "coordinates": [[[-9932, 3630], [-9919, 3629], [-9897, 3629], [-9899, 3626], [-9900, 3608], [-9901, 3602], [-9906, 3596], [-9912, 3593], [-9913, 3587], [-9918, 3592], [-9921, 3600], [-9922, 3608], [-9929, 3619], [-9928, 3623], [-9932, 3630]]]}, "type": "Feature", "properties": {"name": "Seminole County", "stateAbbrev": "GA", "state": "Georgia", "fips": "253", "incits": "13253", "id": "US.GA.253", "population": 8945}}, {"geometry": {"type": "Polygon", "coordinates": [[[-9807, 3741], [-9766, 3741], [-9766, 3721], [-9766, 3715], [-9789, 3715], [-9795, 3719], [-9804, 3720], [-9802, 3727], [-9807, 3741]]]}, "type": "Feature", "properties": {"name": "Crisp County", "stateAbbrev": "GA", "state": "Georgia", "fips": "081", "incits": "13081", "id": "US.GA.081", "population": 23336}}, {"geometry": {"type": "Polygon", "coordinates": [[[-9851, 3723], [-9851, 3728], [-9802, 3727], [-9804, 3720], [-9813, 3714], [-9810, 3710], [-9815, 3704], [-9814, 3697], [-9817, 3694], [-9846, 3694], [-9846, 3709], [-9842, 3718], [-9851, 3723]]]}, "type": "Feature", "properties": {"name": "Lee County", "stateAbbrev": "GA", "state": "Georgia", "fips": "177", "incits": "13177", "id": "US.GA.177", "population": 29071}}, {"geometry": {"type": "Polygon", "coordinates": [[[-9753, 3690], [-9752, 3702], [-9748, 3709], [-9733, 3709], [-9733, 3700], [-9726, 3697], [-9715, 3697], [-9715, 3700], [-9695, 3700], [-9702, 3692], [-9702, 3687], [-9709, 3676], [-9712, 3676], [-9734, 3677], [-9739, 3677], [-9742, 3684], [-9750, 3686], [-9753, 3690]]]}, "type": "Feature", "properties": {"name": "Irwin County", "stateAbbrev": "GA", "state": "Georgia", "fips": "155", "incits": "13155", "id": "US.GA.155", "population": 9427}}, {"geometry": {"type": "Polygon", "coordinates": [[[-9766, 3741], [-9766, 3752], [-9746, 3751], [-9738, 3753], [-9734, 3750], [-9727, 3734], [-9719, 3726], [-9715, 3720], [-9751, 3720], [-9766, 3721], [-9766, 3741]]]}, "type": "Feature", "properties": {"name": "Wilcox County", "stateAbbrev": "GA", "state": "Georgia", "fips": "315", "incits": "13315", "id": "US.GA.315", "population": 8960}}, {"geometry": {"type": "Polygon", "coordinates": [[[-9654, 3798], [-9644, 3800], [-9647, 3805], [-9632, 3813], [-9636, 3818], [-9629, 3827], [-9621, 3833], [-9615, 3835], [-9603, 3832], [-9595, 3833], [-9588, 3815], [-9578, 3809], [-9581, 3801], [-9588, 3803], [-9595, 3799], [-9600, 3788], [-9608, 3779], [-9605, 3775], [-9611, 3772], [-9619, 3772], [-9626, 3779], [-9623, 3789], [-9636, 3796], [-9654, 3798]]]}, "type": "Feature", "properties": {"name": "Emanuel County", "stateAbbrev": "GA", "state": "Georgia", "fips": "107", "incits": "13107", "id": "US.GA.107", "population": 22867}}, {"geometry": {"type": "Polygon", "coordinates": [[[-9719, 3726], [-9686, 3754], [-9682, 3747], [-9663, 3739], [-9653, 3728], [-9658, 3728], [-9666, 3721], [-9676, 3716], [-9679, 3712], [-9694, 3712], [-9698, 3712], [-9715, 3720], [-9719, 3726]]]}, "type": "Feature", "properties": {"name": "Telfair County", "stateAbbrev": "GA", "state": "Georgia", "fips": "271", "incits": "13271", "id": "US.GA.271", "population": 16591}}, {"geometry": {"type": "Polygon", "coordinates": [[[-9735, 3769], [-9728, 3776], [-9730, 3778], [-9715, 3791], [-9711, 3787], [-9694, 3755], [-9681, 3761], [-9686, 3754], [-9719, 3726], [-9727, 3734], [-9734, 3750], [-9729, 3759], [-9738, 3767], [-9735, 3769]]]}, "type": "Feature", "properties": {"name": "Dodge County", "stateAbbrev": "GA", "state": "Georgia", "fips": "091", "incits": "13091", "id": "US.GA.091", "population": 21221}}, {"geometry": {"type": "Polygon", "coordinates": [[[-9841, 3781], [-9835, 3785], [-9825, 3798], [-9814, 3797], [-9803, 3797], [-9794, 3792], [-9792, 3789], [-9794, 3772], [-9807, 3767], [-9815, 3758], [-9822, 3760], [-9827, 3764], [-9833, 3764], [-9837, 3765], [-9837, 3772], [-9841, 3772], [-9841, 3781]]]}, "type": "Feature", "properties": {"name": "Macon County", "stateAbbrev": "GA", "state": "Georgia", "fips": "193", "incits": "13193", "id": "US.GA.193", "population": 14009}}, {"geometry": {"type": "Polygon", "coordinates": [[[-9767, 3771], [-9756, 3785], [-9753, 3785], [-9735, 3769], [-9738, 3767], [-9729, 3759], [-9734, 3750], [-9738, 3753], [-9746, 3751], [-9766, 3752], [-9767, 3771]]]}, "type": "Feature", "properties": {"name": "Pulaski County", "stateAbbrev": "GA", "state": "Georgia", "fips": "235", "incits": "13235", "id": "US.GA.235", "population": 11542}}, {"geometry": {"type": "Polygon", "coordinates": [[[-9755, 3659], [-9745, 3662], [-9746, 3656], [-9740, 3651], [-9734, 3649], [-9734, 3643], [-9730, 3639], [-9732, 3632], [-9727, 3628], [-9729, 3624], [-9750, 3625], [-9759, 3627], [-9762, 3630], [-9758, 3642], [-9754, 3645], [-9755, 3659]]]}, "type": "Feature", "properties": {"name": "Cook County", "stateAbbrev": "GA", "state": "Georgia", "fips": "075", "incits": "13075", "id": "US.GA.075", "population": 17066}}, {"geometry": {"type": "Polygon", "coordinates": [[[-9551, 3844], [-9563, 3817], [-9560, 3814], [-9578, 3809], [-9588, 3815], [-9595, 3833], [-9592, 3841], [-9587, 3845], [-9573, 3846], [-9561, 3849], [-9551, 3844]]]}, "type": "Feature", "properties": {"name": "Jenkins County", "stateAbbrev": "GA", "state": "Georgia", "fips": "165", "incits": "13165", "id": "US.GA.165", "population": 9269}}, {"geometry": {"type": "Polygon", "coordinates": [[[-9856, 3585], [-9855, 3630], [-9825, 3630], [-9825, 3618], [-9820, 3611], [-9821, 3583], [-9856, 3585]]]}, "type": "Feature", "properties": {"name": "Grady County", "stateAbbrev": "GA", "state": "Georgia", "fips": "131", "incits": "13131", "id": "US.GA.131", "population": 25278}}, {"geometry": {"type": "Polygon", "coordinates": [[[-9789, 3715], [-9766, 3715], [-9766, 3721], [-9751, 3720], [-9748, 3709], [-9752, 3702], [-9753, 3690], [-9771, 3691], [-9771, 3687], [-9779, 3694], [-9788, 3694], [-9789, 3715]]]}, "type": "Feature", "properties": {"name": "Turner County", "stateAbbrev": "GA", "state": "Georgia", "fips": "287", "incits": "13287", "id": "US.GA.287", "population": 8134}}, {"geometry": {"type": "Polygon", "coordinates": [[[-9698, 3604], [-9691, 3606], [-9677, 3602], [-9675, 3596], [-9668, 3590], [-9651, 3588], [-9646, 3585], [-9646, 3573], [-9711, 3577], [-9709, 3598], [-9705, 3604], [-9698, 3604]]]}, "type": "Feature", "properties": {"name": "Echols County", "stateAbbrev": "GA", "state": "Georgia", "fips": "101", "incits": "13101", "id": "US.GA.101", "population": 4057}}, {"geometry": {"type": "Polygon", "coordinates": [[[-9871, 3630], [-9871, 3635], [-9855, 3649], [-9848, 3659], [-9835, 3663], [-9834, 3667], [-9828, 3672], [-9811, 3673], [-9811, 3660], [-9812, 3630], [-9825, 3630], [-9855, 3630], [-9858, 3630], [-9860, 3630], [-9871, 3630]]]}, "type": "Feature", "properties": {"name": "Mitchell County", "stateAbbrev": "GA", "state": "Georgia", "fips": "205", "incits": "13205", "id": "US.GA.205", "population": 23045}}, {"geometry": {"type": "Polygon", "coordinates": [[[-9863, 3734], [-9862, 3753], [-9862, 3757], [-9833, 3756], [-9833, 3764], [-9827, 3764], [-9822, 3760], [-9815, 3758], [-9807, 3741], [-9802, 3727], [-9851, 3728], [-9851, 3723], [-9863, 3734]]]}, "type": "Feature", "properties": {"name": "Sumter County", "stateAbbrev": "GA", "state": "Georgia", "fips": "261", "incits": "13261", "id": "US.GA.261", "population": 31364}}, {"geometry": {"type": "Polygon", "coordinates": [[[-9750, 3625], [-9729, 3624], [-9718, 3624], [-9716, 3615], [-9700, 3615], [-9697, 3610], [-9698, 3604], [-9705, 3604], [-9709, 3598], [-9711, 3577], [-9736, 3579], [-9746, 3585], [-9751, 3593], [-9746, 3599], [-9735, 3604], [-9738, 3607], [-9744, 3608], [-9745, 3615], [-9750, 3625]]]}, "type": "Feature", "properties": {"name": "Lowndes County", "stateAbbrev": "GA", "state": "Georgia", "fips": "185", "incits": "13185", "id": "US.GA.185", "population": 112916}}, {"geometry": {"type": "Polygon", "coordinates": [[[-9897, 3629], [-9875, 3630], [-9871, 3630], [-9860, 3630], [-9858, 3630], [-9855, 3630], [-9856, 3585], [-9913, 3587], [-9912, 3593], [-9906, 3596], [-9901, 3602], [-9900, 3608], [-9899, 3626], [-9897, 3629]]]}, "type": "Feature", "properties": {"name": "Decatur County", "stateAbbrev": "GA", "state": "Georgia", "fips": "087", "incits": "13087", "id": "US.GA.087", "population": 27359}}, {"geometry": {"type": "Polygon", "coordinates": [[[-9712, 3676], [-9709, 3676], [-9702, 3687], [-9702, 3692], [-9695, 3700], [-9694, 3712], [-9679, 3712], [-9676, 3716], [-9676, 3699], [-9651, 3700], [-9651, 3686], [-9648, 3686], [-9648, 3676], [-9651, 3676], [-9651, 3663], [-9673, 3664], [-9677, 3668], [-9690, 3670], [-9711, 3670], [-9712, 3676]]]}, "type": "Feature", "properties": {"name": "Coffee County", "stateAbbrev": "GA", "state": "Georgia", "fips": "069", "incits": "13069", "id": "US.GA.069", "population": 43220}}, {"geometry": {"type": "Polygon", "coordinates": [[[-9676, 3716], [-9666, 3721], [-9658, 3728], [-9653, 3728], [-9641, 3733], [-9634, 3734], [-9628, 3734], [-9628, 3719], [-9639, 3719], [-9639, 3704], [-9639, 3700], [-9651, 3700], [-9676, 3699], [-9676, 3716]]]}, "type": "Feature", "properties": {"name": "Jeff Davis County", "stateAbbrev": "GA", "state": "Georgia", "fips": "161", "incits": "13161", "id": "US.GA.161", "population": 15004}}, {"geometry": {"type": "Polygon", "coordinates": [[[-9804, 3720], [-9795, 3719], [-9789, 3715], [-9788, 3694], [-9779, 3694], [-9771, 3687], [-9771, 3660], [-9811, 3660], [-9811, 3673], [-9811, 3694], [-9814, 3697], [-9815, 3704], [-9810, 3710], [-9813, 3714], [-9804, 3720]]]}, "type": "Feature", "properties": {"name": "Worth County", "stateAbbrev": "GA", "state": "Georgia", "fips": "321", "incits": "13321", "id": "US.GA.321", "population": 21291}}, {"geometry": {"type": "Polygon", "coordinates": [[[-9982, 4005], [-9974, 4005], [-9967, 4014], [-9949, 4022], [-9941, 4040], [-9937, 4040], [-9939, 4034], [-9939, 4018], [-9929, 4017], [-9931, 4012], [-9931, 3996], [-9934, 3996], [-9934, 3982], [-9959, 3983], [-9959, 3980], [-9978, 3981], [-9982, 4005]]]}, "type": "Feature", "properties": {"name": "Floyd County", "stateAbbrev": "GA", "state": "Georgia", "fips": "115", "incits": "13115", "id": "US.GA.115", "population": 95821}}, {"geometry": {"type": "Polygon", "coordinates": [[[-9771, 3687], [-9771, 3691], [-9753, 3690], [-9750, 3686], [-9742, 3684], [-9739, 3677], [-9734, 3677], [-9738, 3675], [-9738, 3668], [-9745, 3662], [-9755, 3659], [-9771, 3660], [-9771, 3687]]]}, "type": "Feature", "properties": {"name": "Tift County", "stateAbbrev": "GA", "state": "Georgia", "fips": "277", "incits": "13277", "id": "US.GA.277", "population": 40286}}, {"geometry": {"type": "Polygon", "coordinates": [[[-9815, 3758], [-9807, 3767], [-9794, 3772], [-9767, 3771], [-9766, 3752], [-9766, 3741], [-9807, 3741], [-9815, 3758]]]}, "type": "Feature", "properties": {"name": "Dooly County", "stateAbbrev": "GA", "state": "Georgia", "fips": "093", "incits": "13093", "id": "US.GA.093", "population": 14304}}, {"geometry": {"type": "Polygon", "coordinates": [[[-9557, 3739], [-9554, 3735], [-9549, 3735], [-9551, 3723], [-9536, 3710], [-9519, 3703], [-9527, 3688], [-9539, 3684], [-9543, 3689], [-9557, 3697], [-9567, 3706], [-9568, 3709], [-9574, 3713], [-9564, 3728], [-9565, 3732], [-9557, 3739]]]}, "type": "Feature", "properties": {"name": "Long County", "stateAbbrev": "GA", "state": "Georgia", "fips": "183", "incits": "13183", "id": "US.GA.183", "population": 16624}}, {"geometry": {"type": "Polygon", "coordinates": [[[-9690, 3820], [-9689, 3826], [-9672, 3832], [-9668, 3828], [-9657, 3831], [-9655, 3830], [-9639, 3834], [-9629, 3827], [-9636, 3818], [-9632, 3813], [-9647, 3805], [-9644, 3800], [-9654, 3798], [-9657, 3799], [-9656, 3809], [-9671, 3815], [-9670, 3818], [-9679, 3821], [-9690, 3820]]]}, "type": "Feature", "properties": {"name": "Johnson County", "stateAbbrev": "GA", "state": "Georgia", "fips": "167", "incits": "13167", "id": "US.GA.167", "population": 9767}}, {"geometry": {"type": "Polygon", "coordinates": [[[-9950, 3839], [-9912, 3840], [-9901, 3839], [-9893, 3836], [-9892, 3835], [-9893, 3806], [-9918, 3806], [-9918, 3809], [-9938, 3809], [-9941, 3818], [-9944, 3829], [-9948, 3833], [-9950, 3839]]]}, "type": "Feature", "properties": {"name": "Harris County", "stateAbbrev": "GA", "state": "Georgia", "fips": "145", "incits": "13145", "id": "US.GA.145", "population": 32663}}, {"geometry": {"type": "Polygon", "coordinates": [[[-9884, 4071], [-9861, 4071], [-9848, 4066], [-9841, 4056], [-9841, 4051], [-9835, 4043], [-9841, 4038], [-9850, 4039], [-9852, 4037], [-9855, 4035], [-9888, 4035], [-9888, 4040], [-9888, 4056], [-9886, 4062], [-9880, 4067], [-9884, 4071]]]}, "type": "Feature", "properties": {"name": "Gilmer County", "stateAbbrev": "GA", "state": "Georgia", "fips": "123", "incits": "13123", "id": "US.GA.123", "population": 28579}}, {"geometry": {"type": "Polygon", "coordinates": [[[-9655, 3869], [-9645, 3869], [-9646, 3875], [-9628, 3887], [-9623, 3891], [-9619, 3891], [-9609, 3886], [-9605, 3882], [-9612, 3862], [-9610, 3847], [-9615, 3835], [-9621, 3833], [-9629, 3827], [-9639, 3834], [-9638, 3845], [-9641, 3848], [-9642, 3857], [-9648, 3858], [-9655, 3869]]]}, "type": "Feature", "properties": {"name": "Jefferson County", "stateAbbrev": "GA", "state": "Georgia", "fips": "163", "incits": "13163", "id": "US.GA.163", "population": 16320}}, {"geometry": {"type": "Polygon", "coordinates": [[[-9714, 3896], [-9696, 3909], [-9693, 3907], [-9677, 3906], [-9674, 3904], [-9669, 3886], [-9666, 3884], [-9665, 3882], [-9678, 3877], [-9682, 3871], [-9696, 3864], [-9701, 3864], [-9709, 3864], [-9706, 3872], [-9727, 3876], [-9721, 3887], [-9712, 3891], [-9714, 3896]]]}, "type": "Feature", "properties": {"name": "Hancock County", "stateAbbrev": "GA", "state": "Georgia", "fips": "141", "incits": "13141", "id": "US.GA.141", "population": 8879}}, {"geometry": {"type": "Polygon", "coordinates": [[[-9833, 4042], [-9830, 4047], [-9826, 4049], [-9816, 4046], [-9810, 4055], [-9804, 4058], [-9795, 4056], [-9797, 4051], [-9796, 4036], [-9793, 4030], [-9809, 4020], [-9824, 4026], [-9834, 4034], [-9833, 4042]]]}, "type": "Feature", "properties": {"name": "Lumpkin County", "stateAbbrev": "GA", "state": "Georgia", "fips": "187", "incits": "13187", "id": "US.GA.187", "population": 30918}}, {"geometry": {"type": "Polygon", "coordinates": [[[-9557, 3739], [-9550, 3743], [-9545, 3748], [-9537, 3745], [-9527, 3733], [-9520, 3733], [-9508, 3728], [-9502, 3717], [-9494, 3714], [-9491, 3709], [-9479, 3704], [-9467, 3703], [-9472, 3682], [-9482, 3684], [-9483, 3691], [-9492, 3697], [-9503, 3697], [-9512, 3696], [-9519, 3703], [-9536, 3710], [-9551, 3723], [-9549, 3735], [-9554, 3735], [-9557, 3739]]]}, "type": "Feature", "properties": {"name": "Liberty County", "stateAbbrev": "GA", "state": "Georgia", "fips": "179", "incits": "13179", "id": "US.GA.179", "population": 64135}}, {"geometry": {"type": "Polygon", "coordinates": [[[-9963, 3905], [-9930, 3904], [-9921, 3881], [-9939, 3875], [-9956, 3870], [-9963, 3905]]]}, "type": "Feature", "properties": {"name": "Heard County", "stateAbbrev": "GA", "state": "Georgia", "fips": "149", "incits": "13149", "id": "US.GA.149", "population": 11558}}, {"geometry": {"type": "Polygon", "coordinates": [[[-9666, 3884], [-9657, 3887], [-9653, 3890], [-9643, 3893], [-9628, 3887], [-9646, 3875], [-9645, 3869], [-9655, 3869], [-9664, 3875], [-9665, 3882], [-9666, 3884]]]}, "type": "Feature", "properties": {"name": "Glascock County", "stateAbbrev": "GA", "state": "Georgia", "fips": "125", "incits": "13125", "id": "US.GA.125", "population": 3102}}, {"geometry": {"type": "Polygon", "coordinates": [[[-9627, 3670], [-9618, 3671], [-9608, 3681], [-9604, 3683], [-9597, 3676], [-9593, 3676], [-9584, 3674], [-9583, 3665], [-9578, 3655], [-9589, 3653], [-9600, 3645], [-9611, 3647], [-9614, 3647], [-9623, 3656], [-9623, 3663], [-9627, 3670]]]}, "type": "Feature", "properties": {"name": "Pierce County", "stateAbbrev": "GA", "state": "Georgia", "fips": "229", "incits": "13229", "id": "US.GA.229", "population": 18938}}, {"geometry": {"type": "Polygon", "coordinates": [[[-9539, 3684], [-9527, 3688], [-9519, 3703], [-9512, 3696], [-9503, 3697], [-9492, 3697], [-9483, 3691], [-9482, 3684], [-9472, 3682], [-9483, 3668], [-9481, 3665], [-9483, 3655], [-9496, 3655], [-9504, 3658], [-9512, 3658], [-9529, 3668], [-9534, 3674], [-9539, 3684]]]}, "type": "Feature", "properties": {"name": "McIntosh County", "stateAbbrev": "GA", "state": "Georgia", "fips": "191", "incits": "13191", "id": "US.GA.191", "population": 14007}}, {"geometry": {"type": "Polygon", "coordinates": [[[-9856, 3787], [-9849, 3781], [-9841, 3781], [-9841, 3772], [-9837, 3772], [-9837, 3765], [-9833, 3764], [-9833, 3756], [-9862, 3757], [-9862, 3765], [-9857, 3772], [-9856, 3787]]]}, "type": "Feature", "properties": {"name": "Schley County", "stateAbbrev": "GA", "state": "Georgia", "fips": "249", "incits": "13249", "id": "US.GA.249", "population": 5089}}, {"geometry": {"type": "Polygon", "coordinates": [[[-9938, 3809], [-9918, 3809], [-9918, 3806], [-9893, 3806], [-9889, 3804], [-9893, 3798], [-9896, 3797], [-9900, 3789], [-9904, 3786], [-9913, 3786], [-9925, 3782], [-9925, 3789], [-9928, 3798], [-9938, 3809]]]}, "type": "Feature", "properties": {"name": "Muscogee County", "stateAbbrev": "GA", "state": "Georgia", "fips": "215", "incits": "13215", "id": "US.GA.215", "population": 202824}}, {"geometry": {"type": "Polygon", "coordinates": [[[-9654, 3926], [-9646, 3930], [-9634, 3930], [-9628, 3931], [-9626, 3923], [-9629, 3919], [-9623, 3909], [-9612, 3896], [-9619, 3891], [-9623, 3891], [-9631, 3894], [-9636, 3894], [-9641, 3898], [-9646, 3907], [-9654, 3926]]]}, "type": "Feature", "properties": {"name": "McDuffie County", "stateAbbrev": "GA", "state": "Georgia", "fips": "189", "incits": "13189", "id": "US.GA.189", "population": 21565}}, {"geometry": {"type": "Polygon", "coordinates": [[[-9605, 3775], [-9581, 3770], [-9576, 3747], [-9565, 3744], [-9550, 3743], [-9557, 3739], [-9565, 3732], [-9564, 3728], [-9574, 3713], [-9585, 3718], [-9597, 3727], [-9605, 3728], [-9599, 3759], [-9603, 3764], [-9605, 3775]]]}, "type": "Feature", "properties": {"name": "Tattnall County", "stateAbbrev": "GA", "state": "Georgia", "fips": "267", "incits": "13267", "id": "US.GA.267", "population": 25526}}, {"geometry": {"type": "Polygon", "coordinates": [[[-9936, 3737], [-9917, 3729], [-9918, 3712], [-9923, 3712], [-9945, 3712], [-9945, 3721], [-9936, 3734], [-9936, 3737]]]}, "type": "Feature", "properties": {"name": "Quitman County", "stateAbbrev": "GA", "state": "Georgia", "fips": "239", "incits": "13239", "id": "US.GA.239", "population": 2367}}, {"geometry": {"type": "Polygon", "coordinates": [[[-9893, 3836], [-9878, 3836], [-9871, 3841], [-9865, 3835], [-9861, 3836], [-9856, 3829], [-9845, 3825], [-9851, 3822], [-9856, 3811], [-9863, 3803], [-9870, 3801], [-9886, 3800], [-9893, 3798], [-9889, 3804], [-9893, 3806], [-9892, 3835], [-9893, 3836]]]}, "type": "Feature", "properties": {"name": "Talbot County", "stateAbbrev": "GA", "state": "Georgia", "fips": "263", "incits": "13263", "id": "US.GA.263", "population": 6456}}, {"geometry": {"type": "Polygon", "coordinates": [[[-9626, 3779], [-9629, 3772], [-9629, 3763], [-9634, 3734], [-9641, 3733], [-9648, 3740], [-9650, 3755], [-9654, 3772], [-9654, 3774], [-9626, 3779]]]}, "type": "Feature", "properties": {"name": "Montgomery County", "stateAbbrev": "GA", "state": "Georgia", "fips": "209", "incits": "13209", "id": "US.GA.209", "population": 9021}}, {"geometry": {"type": "Polygon", "coordinates": [[[-9742, 3994], [-9736, 3997], [-9728, 4001], [-9715, 3999], [-9708, 4003], [-9704, 3997], [-9707, 3991], [-9703, 3989], [-9698, 3983], [-9692, 3976], [-9700, 3973], [-9710, 3977], [-9717, 3973], [-9725, 3971], [-9737, 3976], [-9740, 3977], [-9736, 3985], [-9737, 3991], [-9742, 3994]]]}, "type": "Feature", "properties": {"name": "Madison County", "stateAbbrev": "GA", "state": "Georgia", "fips": "195", "incits": "13195", "id": "US.GA.195", "population": 28057}}, {"geometry": {"type": "Polygon", "coordinates": [[[-9703, 3848], [-9700, 3853], [-9703, 3858], [-9701, 3864], [-9696, 3864], [-9682, 3871], [-9678, 3877], [-9665, 3882], [-9664, 3875], [-9655, 3869], [-9648, 3858], [-9642, 3857], [-9641, 3848], [-9638, 3845], [-9639, 3834], [-9655, 3830], [-9657, 3831], [-9668, 3828], [-9672, 3832], [-9689, 3826], [-9693, 3837], [-9698, 3838], [-9703, 3848]]]}, "type": "Feature", "properties": {"name": "Washington County", "stateAbbrev": "GA", "state": "Georgia", "fips": "303", "incits": "13303", "id": "US.GA.303", "population": 20676}}, {"geometry": {"type": "Polygon", "coordinates": [[[-9654, 3798], [-9636, 3796], [-9623, 3789], [-9626, 3779], [-9654, 3774], [-9654, 3772], [-9662, 3774], [-9664, 3777], [-9660, 3788], [-9652, 3795], [-9654, 3798]]]}, "type": "Feature", "properties": {"name": "Treutlen County", "stateAbbrev": "GA", "state": "Georgia", "fips": "283", "incits": "13283", "id": "US.GA.283", "population": 6712}}, {"geometry": {"type": "Polygon", "coordinates": [[[-9863, 3803], [-9856, 3811], [-9851, 3822], [-9845, 3825], [-9837, 3822], [-9835, 3818], [-9824, 3817], [-9820, 3807], [-9812, 3800], [-9814, 3797], [-9825, 3798], [-9835, 3785], [-9841, 3781], [-9849, 3781], [-9856, 3787], [-9863, 3798], [-9863, 3803]]]}, "type": "Feature", "properties": {"name": "Taylor County", "stateAbbrev": "GA", "state": "Georgia", "fips": "269", "incits": "13269", "id": "US.GA.269", "population": 8464}}, {"geometry": {"type": "Polygon", "coordinates": [[[-9686, 3754], [-9681, 3761], [-9678, 3760], [-9662, 3774], [-9654, 3772], [-9650, 3755], [-9648, 3740], [-9641, 3733], [-9653, 3728], [-9663, 3739], [-9682, 3747], [-9686, 3754]]]}, "type": "Feature", "properties": {"name": "Wheeler County", "stateAbbrev": "GA", "state": "Georgia", "fips": "309", "incits": "13309", "id": "US.GA.309", "population": 7909}}, {"geometry": {"type": "Polygon", "coordinates": [[[-9657, 3925], [-9654, 3926], [-9646, 3907], [-9641, 3898], [-9636, 3894], [-9631, 3894], [-9623, 3891], [-9628, 3887], [-9643, 3893], [-9653, 3890], [-9657, 3887], [-9666, 3884], [-9669, 3886], [-9674, 3904], [-9677, 3906], [-9674, 3913], [-9666, 3914], [-9657, 3925]]]}, "type": "Feature", "properties": {"name": "Warren County", "stateAbbrev": "GA", "state": "Georgia", "fips": "301", "incits": "13301", "id": "US.GA.301", "population": 5558}}, {"geometry": {"type": "Polygon", "coordinates": [[[-9626, 3779], [-9619, 3772], [-9611, 3772], [-9605, 3775], [-9603, 3764], [-9599, 3759], [-9605, 3728], [-9611, 3731], [-9615, 3730], [-9628, 3734], [-9634, 3734], [-9629, 3763], [-9629, 3772], [-9626, 3779]]]}, "type": "Feature", "properties": {"name": "Toombs County", "stateAbbrev": "GA", "state": "Georgia", "fips": "279", "incits": "13279", "id": "US.GA.279", "population": 27273}}, {"geometry": {"type": "Polygon", "coordinates": [[[-9669, 3968], [-9653, 3970], [-9645, 3947], [-9634, 3930], [-9646, 3930], [-9654, 3926], [-9657, 3925], [-9665, 3926], [-9673, 3931], [-9682, 3929], [-9689, 3940], [-9693, 3946], [-9680, 3962], [-9669, 3968]]]}, "type": "Feature", "properties": {"name": "Wilkes County", "stateAbbrev": "GA", "state": "Georgia", "fips": "317", "incits": "13317", "id": "US.GA.317", "population": 10010}}, {"geometry": {"type": "Polygon", "coordinates": [[[-9888, 3729], [-9887, 3741], [-9886, 3764], [-9887, 3765], [-9884, 3765], [-9882, 3760], [-9877, 3760], [-9873, 3753], [-9862, 3753], [-9863, 3734], [-9864, 3728], [-9882, 3729], [-9888, 3729]]]}, "type": "Feature", "properties": {"name": "Webster County", "stateAbbrev": "GA", "state": "Georgia", "fips": "307", "incits": "13307", "id": "US.GA.307", "population": 2719}}, {"geometry": {"type": "Polygon", "coordinates": [[[-9956, 3870], [-9939, 3875], [-9921, 3881], [-9912, 3881], [-9912, 3877], [-9912, 3840], [-9950, 3839], [-9956, 3870]]]}, "type": "Feature", "properties": {"name": "Troup County", "stateAbbrev": "GA", "state": "Georgia", "fips": "285", "incits": "13285", "id": "US.GA.285", "population": 69053}}, {"geometry": {"type": "Polygon", "coordinates": [[[-9882, 3729], [-9864, 3728], [-9863, 3734], [-9851, 3723], [-9842, 3718], [-9846, 3709], [-9846, 3694], [-9864, 3693], [-9875, 3693], [-9874, 3700], [-9878, 3710], [-9882, 3711], [-9882, 3729]]]}, "type": "Feature", "properties": {"name": "Terrell County", "stateAbbrev": "GA", "state": "Georgia", "fips": "273", "incits": "13273", "id": "US.GA.273", "population": 9022}}, {"geometry": {"type": "Polygon", "coordinates": [[[-9795, 4056], [-9791, 4063], [-9786, 4064], [-9774, 4065], [-9768, 4060], [-9770, 4049], [-9769, 4039], [-9767, 4035], [-9773, 4030], [-9793, 4030], [-9796, 4036], [-9797, 4051], [-9795, 4056]]]}, "type": "Feature", "properties": {"name": "White County", "stateAbbrev": "GA", "state": "Georgia", "fips": "311", "incits": "13311", "id": "US.GA.311", "population": 27797}}, {"geometry": {"type": "Polygon", "coordinates": [[[-9794, 3792], [-9782, 3797], [-9779, 3800], [-9779, 3812], [-9777, 3819], [-9764, 3815], [-9760, 3814], [-9758, 3799], [-9752, 3795], [-9753, 3791], [-9753, 3785], [-9756, 3785], [-9767, 3771], [-9794, 3772], [-9792, 3789], [-9794, 3792]]]}, "type": "Feature", "properties": {"name": "Houston County", "stateAbbrev": "GA", "state": "Georgia", "fips": "153", "incits": "13153", "id": "US.GA.153", "population": 147658}}, {"geometry": {"type": "Polygon", "coordinates": [[[-9814, 3797], [-9812, 3800], [-9784, 3819], [-9778, 3819], [-9777, 3819], [-9779, 3812], [-9779, 3800], [-9782, 3797], [-9794, 3792], [-9803, 3797], [-9814, 3797]]]}, "type": "Feature", "properties": {"name": "Peach County", "stateAbbrev": "GA", "state": "Georgia", "fips": "225", "incits": "13225", "id": "US.GA.225", "population": 27014}}], "ac-tx": {"default": {"crs": "wsg84", "scale": 116.80376127035392, "xoffset": 0, "yoffset": 0}}}