{"type":"Topology","arcs":[[[234,706],[0,127],[57,16]],[[291,849],[83,-39],[76,0]],[[450,810],[50,-48],[32,-95]],[[532,667],[-120,-72],[-26,-71],[-57,8]],[[329,532],[-31,119],[-64,55]],[[329,516],[45,-64]],[[374,452],[-95,-31]],[[279,421],[-38,0]],[[241,421],[-19,-8]],[[222,413],[-95,-8]],[[127,405],[12,39],[133,88],[57,-16]],[[298,190],[44,-7]],[[342,183],[82,47],[19,72]],[[443,302],[19,111]],[[462,413],[127,71],[13,16],[6,16]],[[608,516],[114,-48],[-139,-95],[25,-95],[-13,-48],[-82,-32],[-32,-87],[13,-71],[-82,0],[-64,-40],[-114,40]],[[234,40],[-6,71],[70,79]],[[374,452],[88,-39]],[[443,302],[-133,47]],[[310,349],[-12,0]],[[298,349],[-7,56]],[[291,405],[-12,16]],[[291,405],[-25,-24]],[[266,381],[-6,8]],[[260,389],[0,8]],[[260,397],[-19,24]],[[298,349],[-26,24]],[[272,373],[-6,8]],[[247,365],[13,24]],[[272,373],[-25,-8]],[[310,349],[-38,-24]],[[272,325],[-19,16]],[[253,341],[-6,24]],[[222,397],[0,16]],[[260,397],[-38,0]],[[291,849],[-57,80],[13,79],[89,48],[44,79],[70,-8],[50,-95],[83,-64],[-133,-16],[-26,-47],[26,-95]],[[89,341],[133,-63],[76,-88]],[[234,40],[-57,55],[-88,-16],[-64,40],[-25,127],[25,71],[64,24]],[[342,183],[-70,142]],[[253,341],[-31,56]],[[532,667],[120,16],[-44,-167]],[[329,516],[0,16]],[[127,405],[-13,-16]],[[114,389],[-38,190],[-25,24],[0,103],[44,56],[139,-56]],[[89,341],[25,48]]],"transform":{"scale":[0.15789473684210528,0.12599118942731277],"translate":[9885,3266.0000000000005]},"objects":{"tianjin":{"type":"GeometryCollection","geometries":[{"arcs":[[0,1,2,3,4]],"type":"Polygon","properties":{"name":"Baodi District","admin_leve":"6","wikipedia":"en:Baodi District","localname":"宝坻区 (Baodi)","boundary":"administrative","id":"CN.tianjin.3286885"}},{"arcs":[[5,6,7,8,9,10]],"type":"Polygon","properties":{"name":"Beichen District","admin_leve":"6","wikipedia":"en:Beichen District","localname":"北辰区 (Beichen)","boundary":"administrative","id":"CN.tianjin.3286886"}},{"arcs":[[11,12,13,14,15,16]],"type":"Polygon","properties":{"name":"Binhai New Area","admin_leve":"6","wikidata":"Q708605","localname":"滨海新区 (Binhai)","boundary":"administrative","id":"CN.tianjin.3286887"}},{"arcs":[[-7,17,-14,18,19,20,21]],"type":"Polygon","properties":{"name":"Dongli District","admin_leve":"6","wikidata":"Q708282","localname":"东丽区 (Dongli)","boundary":"administrative","id":"CN.tianjin.3286888"}},{"arcs":[[-8,-22,22,23,24,25]],"type":"Polygon","properties":{"name":"Hebei District","admin_leve":"6","wikipedia":"en:Hebei District","localname":"河北区 (Hebei)","boundary":"administrative","id":"CN.tianjin.3286889"}},{"arcs":[[-21,26,27,-23]],"type":"Polygon","properties":{"name":"Hedong District","admin_leve":"6","wikipedia":"en:Hedong District, Tianjin","localname":"河东区 (Hedong)","boundary":"administrative","id":"CN.tianjin.3286890"}},{"arcs":[[28,-24,-28,29]],"type":"Polygon","properties":{"name":"Heping District","admin_leve":"6","wikipedia":"en:Heping District, Tianjin","localname":"和平区 (Heping)","boundary":"administrative","id":"CN.tianjin.3286891"}},{"arcs":[[-30,-27,-20,30,31,32]],"type":"Polygon","properties":{"name":"Hexi District","admin_leve":"6","wikipedia":"en:Hexi District, Tianjin","localname":"河西区 (Hexi)","boundary":"administrative","id":"CN.tianjin.3286892"}},{"arcs":[[33,-9,-26,34]],"type":"Polygon","properties":{"name":"Hongqiao District","admin_leve":"6","wikipedia":"en:Hongqiao District","localname":"红桥区 (Hongqiao)","boundary":"administrative","id":"CN.tianjin.3286893"}},{"arcs":[[-2,35]],"type":"Polygon","properties":{"name":"Ji County","admin_leve":"6","wikipedia":"en:Ji County, Tianjin","localname":"蓟县 (Ji)","boundary":"administrative","id":"CN.tianjin.3286894"}},{"arcs":[[36,-17,37]],"type":"Polygon","properties":{"name":"Jinghai County","admin_leve":"6","wikipedia":"en:Jinghai County","localname":"静海县 (Jinghai)","boundary":"administrative","id":"CN.tianjin.3286895"}},{"arcs":[[-31,-19,-13,38]],"type":"Polygon","properties":{"name":"Jinnan District","admin_leve":"6","wikipedia":"en:Jinnan District","localname":"津南区 (Jinnan)","boundary":"administrative","id":"CN.tianjin.3286896"}},{"arcs":[[-35,-25,-29,-33,39]],"type":"Polygon","properties":{"name":"Nankai District","admin_leve":"6","wikipedia":"en:Nankai District","localname":"南开区 (Nankai)","boundary":"administrative","id":"CN.tianjin.3286897"}},{"arcs":[[-4,40,-15,-18,-6,41]],"type":"Polygon","properties":{"name":"Ninghe County","admin_leve":"6","wikipedia":"en:Ninghe County","localname":"宁河区","boundary":"administrative","id":"CN.tianjin.3286898"}},{"arcs":[[-5,-42,-11,42,43]],"type":"Polygon","properties":{"name":"Wuqing District","admin_leve":"6","wikipedia":"en:Wuqing District","localname":"武清区","boundary":"administrative","id":"CN.tianjin.3286899"}},{"arcs":[[44,-43,-10,-34,-40,-32,-39,-12,-37]],"type":"Polygon","properties":{"name":"Xiqing District","admin_leve":"6","wikipedia":"en:Xiqing District","localname":"西青区 (Xiqing)","boundary":"administrative","id":"CN.tianjin.3286900"}}]}},"crs":{"type":"name","properties":{"name":"urn:ogc:def:crs:EPSG:4326"}},"ac-tx":{"default":{"crs":"wsg84","scale":84.69771678808802,"xoffset":0,"yoffset":0}}}