{"crs": {"type": "name", "properties": {"name": "urn:ogc:def:crs:EPSG:4326"}}, "type": "FeatureCollection", "features": [{"geometry": {"type": "Polygon", "coordinates": [[[-9819, 5964], [-9818, 5965], [-9807, 5975], [-9812, 5997], [-9808, 6000], [-9800, 5996], [-9780, 6001], [-9783, 5982], [-9782, 5976], [-9776, 5973], [-9760, 5956], [-9760, 5943], [-9768, 5937], [-9776, 5939], [-9795, 5937], [-9789, 5945], [-9819, 5964]]]}, "type": "Feature", "properties": {"name": "Strafford County", "stateAbbrev": "NH", "state": "New Hampshire", "fips": "017", "incits": "33017", "id": "US.NH.017", "population": 124593}}, {"geometry": {"type": "Polygon", "coordinates": [[[-9839, 5927], [-9839, 5931], [-9819, 5964], [-9789, 5945], [-9795, 5937], [-9776, 5939], [-9768, 5937], [-9760, 5943], [-9731, 5923], [-9725, 5915], [-9737, 5915], [-9743, 5919], [-9748, 5909], [-9760, 5908], [-9775, 5910], [-9789, 5907], [-9794, 5899], [-9803, 5902], [-9811, 5897], [-9810, 5890], [-9819, 5891], [-9833, 5895], [-9838, 5902], [-9844, 5902], [-9847, 5917], [-9837, 5918], [-9839, 5927]]]}, "type": "Feature", "properties": {"name": "Rockingham County", "stateAbbrev": "NH", "state": "New Hampshire", "fips": "015", "incits": "33015", "id": "US.NH.015", "population": 299134}}, {"geometry": {"type": "Polygon", "coordinates": [[[-9928, 5944], [-9924, 5952], [-9911, 5955], [-9903, 5942], [-9877, 5947], [-9873, 5934], [-9856, 5936], [-9847, 5929], [-9839, 5927], [-9837, 5918], [-9847, 5917], [-9844, 5902], [-9838, 5902], [-9833, 5895], [-9819, 5891], [-9826, 5884], [-9913, 5886], [-9915, 5897], [-9919, 5897], [-9924, 5918], [-9931, 5919], [-9928, 5944]]]}, "type": "Feature", "properties": {"name": "Hillsborough County", "stateAbbrev": "NH", "state": "New Hampshire", "fips": "011", "incits": "33011", "id": "US.NH.011", "population": 403985}}, {"geometry": {"type": "Polygon", "coordinates": [[[-9914, 5999], [-9902, 6010], [-9898, 6001], [-9885, 6004], [-9869, 5986], [-9860, 5989], [-9818, 5965], [-9819, 5964], [-9839, 5931], [-9839, 5927], [-9847, 5929], [-9856, 5936], [-9873, 5934], [-9877, 5947], [-9903, 5942], [-9911, 5955], [-9924, 5952], [-9932, 5961], [-9935, 5971], [-9930, 5979], [-9930, 5987], [-9924, 5986], [-9914, 5999]]]}, "type": "Feature", "properties": {"name": "Merrimack County", "stateAbbrev": "NH", "state": "New Hampshire", "fips": "013", "incits": "33013", "id": "US.NH.013", "population": 146849}}, {"geometry": {"type": "Polygon", "coordinates": [[[-9858, 6032], [-9821, 6005], [-9808, 6000], [-9812, 5997], [-9807, 5975], [-9818, 5965], [-9860, 5989], [-9869, 5986], [-9885, 6004], [-9875, 6012], [-9874, 6021], [-9857, 6022], [-9858, 6032]]]}, "type": "Feature", "properties": {"name": "Belknap County", "stateAbbrev": "NH", "state": "New Hampshire", "fips": "001", "incits": "33001", "id": "US.NH.001", "population": 60179}}, {"geometry": {"type": "Polygon", "coordinates": [[[-9985, 5948], [-9975, 5948], [-9944, 5951], [-9947, 5944], [-9928, 5944], [-9931, 5919], [-9924, 5918], [-9919, 5897], [-9915, 5897], [-9913, 5886], [-9986, 5889], [-9997, 5900], [-9999, 5910], [-9996, 5920], [-9988, 5922], [-9987, 5934], [-9983, 5938], [-9985, 5948]]]}, "type": "Feature", "properties": {"name": "Cheshire County", "stateAbbrev": "NH", "state": "New Hampshire", "fips": "005", "incits": "33005", "id": "US.NH.005", "population": 76610}}, {"geometry": {"type": "Polygon", "coordinates": [[[-9968, 6009], [-9952, 6007], [-9932, 6001], [-9914, 5999], [-9924, 5986], [-9930, 5987], [-9930, 5979], [-9935, 5971], [-9932, 5961], [-9924, 5952], [-9928, 5944], [-9947, 5944], [-9944, 5951], [-9975, 5948], [-9985, 5948], [-9983, 5961], [-9977, 5969], [-9980, 5977], [-9977, 5990], [-9978, 5997], [-9974, 6006], [-9968, 6009]]]}, "type": "Feature", "properties": {"name": "Sullivan County", "stateAbbrev": "NH", "state": "New Hampshire", "fips": "019", "incits": "33019", "id": "US.NH.019", "population": 42984}}, {"geometry": {"type": "Polygon", "coordinates": [[[-9842, 6093], [-9827, 6083], [-9820, 6098], [-9791, 6097], [-9786, 6103], [-9784, 6035], [-9781, 6005], [-9780, 6001], [-9800, 5996], [-9808, 6000], [-9821, 6005], [-9858, 6032], [-9863, 6049], [-9835, 6052], [-9838, 6067], [-9836, 6073], [-9842, 6093]]]}, "type": "Feature", "properties": {"name": "Carroll County", "stateAbbrev": "NH", "state": "New Hampshire", "fips": "003", "incits": "33003", "id": "US.NH.003", "population": 47499}}, {"geometry": {"type": "Polygon", "coordinates": [[[-9890, 6120], [-9881, 6110], [-9866, 6106], [-9864, 6099], [-9855, 6100], [-9846, 6098], [-9842, 6093], [-9836, 6073], [-9838, 6067], [-9835, 6052], [-9863, 6049], [-9858, 6032], [-9857, 6022], [-9874, 6021], [-9875, 6012], [-9885, 6004], [-9898, 6001], [-9902, 6010], [-9914, 5999], [-9932, 6001], [-9952, 6007], [-9968, 6009], [-9965, 6022], [-9955, 6029], [-9948, 6038], [-9946, 6048], [-9939, 6053], [-9939, 6063], [-9927, 6075], [-9932, 6090], [-9929, 6097], [-9932, 6101], [-9921, 6110], [-9905, 6110], [-9897, 6113], [-9890, 6120]]]}, "type": "Feature", "properties": {"name": "Grafton County", "stateAbbrev": "NH", "state": "New Hampshire", "fips": "009", "incits": "33009", "id": "US.NH.009", "population": 89629}}, {"geometry": {"type": "Polygon", "coordinates": [[[-9890, 6120], [-9883, 6121], [-9874, 6129], [-9868, 6131], [-9859, 6145], [-9871, 6164], [-9863, 6175], [-9860, 6183], [-9853, 6189], [-9859, 6201], [-9855, 6203], [-9853, 6211], [-9844, 6219], [-9840, 6230], [-9834, 6237], [-9825, 6243], [-9817, 6236], [-9796, 6236], [-9790, 6162], [-9786, 6103], [-9791, 6097], [-9820, 6098], [-9827, 6083], [-9842, 6093], [-9846, 6098], [-9855, 6100], [-9864, 6099], [-9866, 6106], [-9881, 6110], [-9890, 6120]]]}, "type": "Feature", "properties": {"name": "Coos County", "stateAbbrev": "NH", "state": "New Hampshire", "fips": "007", "incits": "33007", "id": "US.NH.007", "population": 31997}}], "ac-tx": {"default": {"crs": "wsg84", "scale": 137.81721155614315, "xoffset": 0, "yoffset": 0}}}