{"crs": {"type": "name", "properties": {"name": "urn:ogc:def:crs:EPSG:4326"}}, "type": "FeatureCollection", "features": [{"geometry": {"type": "Polygon", "coordinates": [[[-9669, 4424], [-9662, 4465], [-9634, 4464], [-9634, 4442], [-9640, 4433], [-9669, 4424]]]}, "type": "Feature", "properties": {"name": "Dearborn County", "stateAbbrev": "IN", "state": "Indiana", "fips": "029", "incits": "18029", "id": "US.IN.029", "population": 49904}}, {"geometry": {"type": "Polygon", "coordinates": [[[-9907, 4729], [-9906, 4684], [-9913, 4682], [-9929, 4675], [-9941, 4676], [-9941, 4738], [-9929, 4731], [-9907, 4729]]]}, "type": "Feature", "properties": {"name": "Lake County", "stateAbbrev": "IN", "state": "Indiana", "fips": "089", "incits": "18089", "id": "US.IN.089", "population": 491456}}, {"geometry": {"type": "Polygon", "coordinates": [[[-9941, 4676], [-9929, 4675], [-9913, 4682], [-9912, 4627], [-9941, 4627], [-9941, 4676]]]}, "type": "Feature", "properties": {"name": "Newton County", "stateAbbrev": "IN", "state": "Indiana", "fips": "111", "incits": "18111", "id": "US.IN.111", "population": 14087}}, {"geometry": {"type": "Polygon", "coordinates": [[[-9888, 4449], [-9888, 4469], [-9875, 4469], [-9875, 4483], [-9846, 4483], [-9840, 4469], [-9846, 4468], [-9845, 4449], [-9888, 4449]]]}, "type": "Feature", "properties": {"name": "Owen County", "stateAbbrev": "IN", "state": "Indiana", "fips": "119", "incits": "18119", "id": "US.IN.119", "population": 21201}}, {"geometry": {"type": "Polygon", "coordinates": [[[-9909, 4449], [-9909, 4459], [-9908, 4489], [-9904, 4499], [-9883, 4498], [-9883, 4483], [-9875, 4483], [-9875, 4469], [-9888, 4469], [-9888, 4449], [-9909, 4449]]]}, "type": "Feature", "properties": {"name": "Clay County", "stateAbbrev": "IN", "state": "Indiana", "fips": "021", "incits": "18021", "id": "US.IN.021", "population": 26803}}, {"geometry": {"type": "Polygon", "coordinates": [[[-9909, 4419], [-9909, 4449], [-9888, 4449], [-9845, 4449], [-9846, 4429], [-9846, 4419], [-9871, 4419], [-9893, 4419], [-9909, 4419]]]}, "type": "Feature", "properties": {"name": "Greene County", "stateAbbrev": "IN", "state": "Indiana", "fips": "055", "incits": "18055", "id": "US.IN.055", "population": 32781}}, {"geometry": {"type": "Polygon", "coordinates": [[[-9846, 4429], [-9845, 4449], [-9846, 4468], [-9840, 4469], [-9811, 4468], [-9810, 4435], [-9804, 4435], [-9804, 4429], [-9846, 4429]]]}, "type": "Feature", "properties": {"name": "Monroe County", "stateAbbrev": "IN", "state": "Indiana", "fips": "105", "incits": "18105", "id": "US.IN.105", "population": 141888}}, {"geometry": {"type": "Polygon", "coordinates": [[[-9950, 4459], [-9909, 4459], [-9909, 4449], [-9909, 4419], [-9942, 4419], [-9947, 4436], [-9954, 4449], [-9950, 4459]]]}, "type": "Feature", "properties": {"name": "Sullivan County", "stateAbbrev": "IN", "state": "Indiana", "fips": "153", "incits": "18153", "id": "US.IN.153", "population": 21223}}, {"geometry": {"type": "Polygon", "coordinates": [[[-9811, 4468], [-9796, 4468], [-9778, 4469], [-9777, 4435], [-9804, 4435], [-9810, 4435], [-9811, 4468]]]}, "type": "Feature", "properties": {"name": "Brown County", "stateAbbrev": "IN", "state": "Indiana", "fips": "013", "incits": "18013", "id": "US.IN.013", "population": 15023}}, {"geometry": {"type": "Polygon", "coordinates": [[[-9778, 4469], [-9762, 4469], [-9732, 4469], [-9732, 4444], [-9745, 4437], [-9752, 4434], [-9777, 4435], [-9778, 4469]]]}, "type": "Feature", "properties": {"name": "Bartholomew County", "stateAbbrev": "IN", "state": "Indiana", "fips": "005", "incits": "18005", "id": "US.IN.005", "population": 79587}}, {"geometry": {"type": "Polygon", "coordinates": [[[-9804, 4435], [-9777, 4435], [-9752, 4434], [-9745, 4437], [-9745, 4408], [-9755, 4399], [-9760, 4402], [-9799, 4403], [-9800, 4429], [-9804, 4429], [-9804, 4435]]]}, "type": "Feature", "properties": {"name": "Jackson County", "stateAbbrev": "IN", "state": "Indiana", "fips": "071", "incits": "18071", "id": "US.IN.071", "population": 43466}}, {"geometry": {"type": "Polygon", "coordinates": [[[-9732, 4444], [-9719, 4445], [-9704, 4452], [-9705, 4420], [-9732, 4409], [-9745, 4408], [-9745, 4437], [-9732, 4444]]]}, "type": "Feature", "properties": {"name": "Jennings County", "stateAbbrev": "IN", "state": "Indiana", "fips": "079", "incits": "18079", "id": "US.IN.079", "population": 28241}}, {"geometry": {"type": "Polygon", "coordinates": [[[-9732, 4469], [-9726, 4481], [-9688, 4481], [-9688, 4460], [-9704, 4452], [-9719, 4445], [-9732, 4444], [-9732, 4469]]]}, "type": "Feature", "properties": {"name": "Decatur County", "stateAbbrev": "IN", "state": "Indiana", "fips": "031", "incits": "18031", "id": "US.IN.031", "population": 26277}}, {"geometry": {"type": "Polygon", "coordinates": [[[-9762, 4509], [-9726, 4509], [-9726, 4481], [-9732, 4469], [-9762, 4469], [-9762, 4502], [-9762, 4509]]]}, "type": "Feature", "properties": {"name": "Shelby County", "stateAbbrev": "IN", "state": "Indiana", "fips": "145", "incits": "18145", "id": "US.IN.145", "population": 44729}}, {"geometry": {"type": "Polygon", "coordinates": [[[-9883, 4498], [-9882, 4528], [-9847, 4528], [-9846, 4501], [-9842, 4498], [-9846, 4483], [-9875, 4483], [-9883, 4483], [-9883, 4498]]]}, "type": "Feature", "properties": {"name": "Putnam County", "stateAbbrev": "IN", "state": "Indiana", "fips": "133", "incits": "18133", "id": "US.IN.133", "population": 37505}}, {"geometry": {"type": "Polygon", "coordinates": [[[-9842, 4498], [-9821, 4498], [-9805, 4501], [-9796, 4502], [-9796, 4468], [-9811, 4468], [-9840, 4469], [-9846, 4483], [-9842, 4498]]]}, "type": "Feature", "properties": {"name": "Morgan County", "stateAbbrev": "IN", "state": "Indiana", "fips": "109", "incits": "18109", "id": "US.IN.109", "population": 69782}}, {"geometry": {"type": "Polygon", "coordinates": [[[-9796, 4502], [-9762, 4502], [-9762, 4469], [-9778, 4469], [-9796, 4468], [-9796, 4502]]]}, "type": "Feature", "properties": {"name": "Johnson County", "stateAbbrev": "IN", "state": "Indiana", "fips": "081", "incits": "18081", "id": "US.IN.081", "population": 145535}}, {"geometry": {"type": "Polygon", "coordinates": [[[-9705, 4420], [-9704, 4452], [-9688, 4460], [-9679, 4465], [-9662, 4465], [-9669, 4424], [-9670, 4422], [-9677, 4420], [-9705, 4420]]]}, "type": "Feature", "properties": {"name": "Ripley County", "stateAbbrev": "IN", "state": "Indiana", "fips": "137", "incits": "18137", "id": "US.IN.137", "population": 28419}}, {"geometry": {"type": "Polygon", "coordinates": [[[-9893, 4419], [-9871, 4419], [-9873, 4373], [-9890, 4375], [-9909, 4378], [-9909, 4409], [-9893, 4419]]]}, "type": "Feature", "properties": {"name": "Daviess County", "stateAbbrev": "IN", "state": "Indiana", "fips": "027", "incits": "18027", "id": "US.IN.027", "population": 32407}}, {"geometry": {"type": "Polygon", "coordinates": [[[-9873, 4373], [-9871, 4419], [-9846, 4419], [-9846, 4394], [-9845, 4376], [-9873, 4373]]]}, "type": "Feature", "properties": {"name": "Martin County", "stateAbbrev": "IN", "state": "Indiana", "fips": "101", "incits": "18101", "id": "US.IN.101", "population": 10160}}, {"geometry": {"type": "Polygon", "coordinates": [[[-9846, 4429], [-9804, 4429], [-9800, 4429], [-9799, 4403], [-9803, 4394], [-9846, 4394], [-9846, 4419], [-9846, 4429]]]}, "type": "Feature", "properties": {"name": "Lawrence County", "stateAbbrev": "IN", "state": "Indiana", "fips": "093", "incits": "18093", "id": "US.IN.093", "population": 45844}}, {"geometry": {"type": "Polygon", "coordinates": [[[-9846, 4394], [-9803, 4394], [-9803, 4364], [-9845, 4361], [-9845, 4376], [-9846, 4394]]]}, "type": "Feature", "properties": {"name": "Orange County", "stateAbbrev": "IN", "state": "Indiana", "fips": "117", "incits": "18117", "id": "US.IN.117", "population": 19773}}, {"geometry": {"type": "Polygon", "coordinates": [[[-9890, 4342], [-9890, 4375], [-9873, 4373], [-9845, 4376], [-9845, 4361], [-9845, 4346], [-9858, 4340], [-9883, 4339], [-9890, 4342]]]}, "type": "Feature", "properties": {"name": "Dubois County", "stateAbbrev": "IN", "state": "Indiana", "fips": "037", "incits": "18037", "id": "US.IN.037", "population": 42361}}, {"geometry": {"type": "Polygon", "coordinates": [[[-9799, 4403], [-9760, 4402], [-9755, 4399], [-9751, 4380], [-9767, 4372], [-9767, 4364], [-9772, 4363], [-9797, 4364], [-9803, 4364], [-9803, 4394], [-9799, 4403]]]}, "type": "Feature", "properties": {"name": "Washington County", "stateAbbrev": "IN", "state": "Indiana", "fips": "175", "incits": "18175", "id": "US.IN.175", "population": 27780}}, {"geometry": {"type": "Polygon", "coordinates": [[[-9934, 4377], [-9909, 4378], [-9890, 4375], [-9890, 4342], [-9917, 4344], [-9917, 4359], [-9928, 4359], [-9934, 4377]]]}, "type": "Feature", "properties": {"name": "Pike County", "stateAbbrev": "IN", "state": "Indiana", "fips": "125", "incits": "18125", "id": "US.IN.125", "population": 12683}}, {"geometry": {"type": "Polygon", "coordinates": [[[-9755, 4399], [-9745, 4408], [-9732, 4409], [-9732, 4400], [-9719, 4393], [-9719, 4385], [-9745, 4385], [-9751, 4380], [-9755, 4399]]]}, "type": "Feature", "properties": {"name": "Scott County", "stateAbbrev": "IN", "state": "Indiana", "fips": "143", "incits": "18143", "id": "US.IN.143", "population": 23972}}, {"geometry": {"type": "Polygon", "coordinates": [[[-9966, 4363], [-9949, 4392], [-9938, 4400], [-9942, 4419], [-9909, 4419], [-9893, 4419], [-9909, 4409], [-9909, 4378], [-9934, 4377], [-9951, 4367], [-9966, 4363]]]}, "type": "Feature", "properties": {"name": "Knox County", "stateAbbrev": "IN", "state": "Indiana", "fips": "083", "incits": "18083", "id": "US.IN.083", "population": 37954}}, {"geometry": {"type": "Polygon", "coordinates": [[[-9689, 4687], [-9676, 4687], [-9632, 4688], [-9632, 4648], [-9663, 4647], [-9692, 4647], [-9692, 4657], [-9689, 4687]]]}, "type": "Feature", "properties": {"name": "Allen County", "stateAbbrev": "IN", "state": "Indiana", "fips": "003", "incits": "18003", "id": "US.IN.003", "population": 363014}}, {"geometry": {"type": "Polygon", "coordinates": [[[-9663, 4647], [-9632, 4648], [-9632, 4608], [-9662, 4608], [-9663, 4647]]]}, "type": "Feature", "properties": {"name": "Adams County", "stateAbbrev": "IN", "state": "Indiana", "fips": "001", "incits": "18001", "id": "US.IN.001", "population": 34614}}, {"geometry": {"type": "Polygon", "coordinates": [[[-9705, 4618], [-9692, 4618], [-9692, 4647], [-9663, 4647], [-9662, 4608], [-9677, 4608], [-9705, 4608], [-9705, 4618]]]}, "type": "Feature", "properties": {"name": "Wells County", "stateAbbrev": "IN", "state": "Indiana", "fips": "179", "incits": "18179", "id": "US.IN.179", "population": 27814}}, {"geometry": {"type": "Polygon", "coordinates": [[[-9728, 4690], [-9716, 4687], [-9689, 4687], [-9692, 4657], [-9727, 4657], [-9732, 4662], [-9728, 4690]]]}, "type": "Feature", "properties": {"name": "Whitley County", "stateAbbrev": "IN", "state": "Indiana", "fips": "183", "incits": "18183", "id": "US.IN.183", "population": 33294}}, {"geometry": {"type": "Polygon", "coordinates": [[[-9727, 4657], [-9692, 4657], [-9692, 4647], [-9692, 4618], [-9705, 4618], [-9727, 4618], [-9727, 4657]]]}, "type": "Feature", "properties": {"name": "Huntington County", "stateAbbrev": "IN", "state": "Indiana", "fips": "069", "incits": "18069", "id": "US.IN.069", "population": 36791}}, {"geometry": {"type": "Polygon", "coordinates": [[[-9729, 4716], [-9676, 4717], [-9676, 4687], [-9689, 4687], [-9716, 4687], [-9728, 4690], [-9729, 4707], [-9729, 4716]]]}, "type": "Feature", "properties": {"name": "Noble County", "stateAbbrev": "IN", "state": "Indiana", "fips": "113", "incits": "18113", "id": "US.IN.113", "population": 47570}}, {"geometry": {"type": "Polygon", "coordinates": [[[-9676, 4717], [-9632, 4717], [-9632, 4688], [-9676, 4687], [-9676, 4717]]]}, "type": "Feature", "properties": {"name": "DeKalb County", "stateAbbrev": "IN", "state": "Indiana", "fips": "033", "incits": "18033", "id": "US.IN.033", "population": 42307}}, {"geometry": {"type": "Polygon", "coordinates": [[[-9941, 4598], [-9941, 4627], [-9912, 4627], [-9892, 4627], [-9892, 4607], [-9892, 4597], [-9941, 4598]]]}, "type": "Feature", "properties": {"name": "Benton County", "stateAbbrev": "IN", "state": "Indiana", "fips": "007", "incits": "18007", "id": "US.IN.007", "population": 8767}}, {"geometry": {"type": "Polygon", "coordinates": [[[-9775, 4743], [-9729, 4743], [-9729, 4716], [-9729, 4707], [-9775, 4706], [-9775, 4711], [-9775, 4743]]]}, "type": "Feature", "properties": {"name": "Elkhart County", "stateAbbrev": "IN", "state": "Indiana", "fips": "039", "incits": "18039", "id": "US.IN.039", "population": 200563}}, {"geometry": {"type": "Polygon", "coordinates": [[[-9913, 4682], [-9906, 4684], [-9896, 4689], [-9874, 4684], [-9874, 4676], [-9873, 4647], [-9880, 4639], [-9893, 4639], [-9892, 4627], [-9912, 4627], [-9913, 4682]]]}, "type": "Feature", "properties": {"name": "Jasper County", "stateAbbrev": "IN", "state": "Indiana", "fips": "073", "incits": "18073", "id": "US.IN.073", "population": 33389}}, {"geometry": {"type": "Polygon", "coordinates": [[[-9777, 4677], [-9775, 4706], [-9729, 4707], [-9728, 4690], [-9732, 4662], [-9762, 4662], [-9777, 4666], [-9777, 4677]]]}, "type": "Feature", "properties": {"name": "Kosciusko County", "stateAbbrev": "IN", "state": "Indiana", "fips": "085", "incits": "18085", "id": "US.IN.085", "population": 77963}}, {"geometry": {"type": "Polygon", "coordinates": [[[-9729, 4743], [-9677, 4743], [-9676, 4717], [-9729, 4716], [-9729, 4743]]]}, "type": "Feature", "properties": {"name": "LaGrange County", "stateAbbrev": "IN", "state": "Indiana", "fips": "087", "incits": "18087", "id": "US.IN.087", "population": 37996}}, {"geometry": {"type": "Polygon", "coordinates": [[[-9874, 4738], [-9862, 4743], [-9827, 4743], [-9823, 4722], [-9827, 4706], [-9848, 4702], [-9857, 4689], [-9874, 4684], [-9874, 4738]]]}, "type": "Feature", "properties": {"name": "LaPorte County", "stateAbbrev": "IN", "state": "Indiana", "fips": "091", "incits": "18091", "id": "US.IN.091", "population": 111281}}, {"geometry": {"type": "Polygon", "coordinates": [[[-9907, 4729], [-9874, 4738], [-9874, 4684], [-9896, 4689], [-9906, 4684], [-9907, 4729]]]}, "type": "Feature", "properties": {"name": "Porter County", "stateAbbrev": "IN", "state": "Indiana", "fips": "127", "incits": "18127", "id": "US.IN.127", "population": 166557}}, {"geometry": {"type": "Polygon", "coordinates": [[[-9874, 4676], [-9821, 4676], [-9821, 4646], [-9834, 4647], [-9873, 4647], [-9874, 4676]]]}, "type": "Feature", "properties": {"name": "Pulaski County", "stateAbbrev": "IN", "state": "Indiana", "fips": "131", "incits": "18131", "id": "US.IN.131", "population": 13007}}, {"geometry": {"type": "Polygon", "coordinates": [[[-9827, 4743], [-9775, 4743], [-9775, 4711], [-9821, 4711], [-9821, 4706], [-9827, 4706], [-9823, 4722], [-9827, 4743]]]}, "type": "Feature", "properties": {"name": "St. Joseph County", "stateAbbrev": "IN", "state": "Indiana", "fips": "141", "incits": "18141", "id": "US.IN.141", "population": 266709}}, {"geometry": {"type": "Polygon", "coordinates": [[[-9874, 4676], [-9874, 4684], [-9857, 4689], [-9848, 4702], [-9827, 4706], [-9821, 4706], [-9821, 4676], [-9874, 4676]]]}, "type": "Feature", "properties": {"name": "Starke County", "stateAbbrev": "IN", "state": "Indiana", "fips": "149", "incits": "18149", "id": "US.IN.149", "population": 23197}}, {"geometry": {"type": "Polygon", "coordinates": [[[-9677, 4743], [-9632, 4743], [-9632, 4717], [-9676, 4717], [-9677, 4743]]]}, "type": "Feature", "properties": {"name": "Steuben County", "stateAbbrev": "IN", "state": "Indiana", "fips": "151", "incits": "18151", "id": "US.IN.151", "population": 34358}}, {"geometry": {"type": "Polygon", "coordinates": [[[-9762, 4657], [-9762, 4662], [-9732, 4662], [-9727, 4657], [-9727, 4618], [-9753, 4617], [-9761, 4617], [-9762, 4657]]]}, "type": "Feature", "properties": {"name": "Wabash County", "stateAbbrev": "IN", "state": "Indiana", "fips": "169", "incits": "18169", "id": "US.IN.169", "population": 32358}}, {"geometry": {"type": "Polygon", "coordinates": [[[-9873, 4647], [-9834, 4647], [-9834, 4627], [-9853, 4627], [-9855, 4607], [-9892, 4607], [-9892, 4627], [-9893, 4639], [-9880, 4639], [-9873, 4647]]]}, "type": "Feature", "properties": {"name": "White County", "stateAbbrev": "IN", "state": "Indiana", "fips": "181", "incits": "18181", "id": "US.IN.181", "population": 24466}}, {"geometry": {"type": "Polygon", "coordinates": [[[-9821, 4676], [-9777, 4677], [-9777, 4666], [-9762, 4662], [-9762, 4657], [-9787, 4656], [-9787, 4647], [-9821, 4646], [-9821, 4676]]]}, "type": "Feature", "properties": {"name": "Fulton County", "stateAbbrev": "IN", "state": "Indiana", "fips": "049", "incits": "18049", "id": "US.IN.049", "population": 20449}}, {"geometry": {"type": "Polygon", "coordinates": [[[-9821, 4676], [-9821, 4706], [-9821, 4711], [-9775, 4711], [-9775, 4706], [-9777, 4677], [-9821, 4676]]]}, "type": "Feature", "properties": {"name": "Marshall County", "stateAbbrev": "IN", "state": "Indiana", "fips": "099", "incits": "18099", "id": "US.IN.099", "population": 47109}}, {"geometry": {"type": "Polygon", "coordinates": [[[-9705, 4608], [-9677, 4608], [-9679, 4586], [-9705, 4586], [-9705, 4608]]]}, "type": "Feature", "properties": {"name": "Blackford County", "stateAbbrev": "IN", "state": "Indiana", "fips": "009", "incits": "18009", "id": "US.IN.009", "population": 12481}}, {"geometry": {"type": "Polygon", "coordinates": [[[-9834, 4627], [-9828, 4622], [-9810, 4622], [-9810, 4607], [-9811, 4592], [-9847, 4592], [-9847, 4607], [-9855, 4607], [-9853, 4627], [-9834, 4627]]]}, "type": "Feature", "properties": {"name": "Carroll County", "stateAbbrev": "IN", "state": "Indiana", "fips": "015", "incits": "18015", "id": "US.IN.015", "population": 20086}}, {"geometry": {"type": "Polygon", "coordinates": [[[-9834, 4627], [-9834, 4647], [-9821, 4646], [-9787, 4647], [-9787, 4607], [-9810, 4607], [-9810, 4622], [-9828, 4622], [-9834, 4627]]]}, "type": "Feature", "properties": {"name": "Cass County", "stateAbbrev": "IN", "state": "Indiana", "fips": "017", "incits": "18017", "id": "US.IN.017", "population": 38463}}, {"geometry": {"type": "Polygon", "coordinates": [[[-9682, 4519], [-9679, 4519], [-9675, 4511], [-9658, 4511], [-9658, 4490], [-9688, 4489], [-9689, 4519], [-9682, 4519]]]}, "type": "Feature", "properties": {"name": "Fayette County", "stateAbbrev": "IN", "state": "Indiana", "fips": "041", "incits": "18041", "id": "US.IN.041", "population": 23861}}, {"geometry": {"type": "Polygon", "coordinates": [[[-9928, 4558], [-9908, 4579], [-9892, 4585], [-9892, 4568], [-9892, 4538], [-9929, 4538], [-9928, 4558]]]}, "type": "Feature", "properties": {"name": "Fountain County", "stateAbbrev": "IN", "state": "Indiana", "fips": "045", "incits": "18045", "id": "US.IN.045", "population": 16880}}, {"geometry": {"type": "Polygon", "coordinates": [[[-9753, 4617], [-9727, 4618], [-9705, 4618], [-9705, 4608], [-9705, 4586], [-9720, 4586], [-9752, 4586], [-9752, 4589], [-9752, 4608], [-9753, 4617]]]}, "type": "Feature", "properties": {"name": "Grant County", "stateAbbrev": "IN", "state": "Indiana", "fips": "053", "incits": "18053", "id": "US.IN.053", "population": 69126}}, {"geometry": {"type": "Polygon", "coordinates": [[[-9679, 4586], [-9677, 4608], [-9662, 4608], [-9632, 4608], [-9632, 4578], [-9679, 4578], [-9679, 4586]]]}, "type": "Feature", "properties": {"name": "Jay County", "stateAbbrev": "IN", "state": "Indiana", "fips": "075", "incits": "18075", "id": "US.IN.075", "population": 21330}}, {"geometry": {"type": "Polygon", "coordinates": [[[-9787, 4647], [-9787, 4656], [-9762, 4657], [-9761, 4617], [-9753, 4617], [-9752, 4608], [-9787, 4607], [-9787, 4647]]]}, "type": "Feature", "properties": {"name": "Miami County", "stateAbbrev": "IN", "state": "Indiana", "fips": "103", "incits": "18103", "id": "US.IN.103", "population": 36140}}, {"geometry": {"type": "Polygon", "coordinates": [[[-9892, 4568], [-9847, 4568], [-9847, 4563], [-9847, 4534], [-9847, 4528], [-9882, 4528], [-9892, 4538], [-9892, 4568]]]}, "type": "Feature", "properties": {"name": "Montgomery County", "stateAbbrev": "IN", "state": "Indiana", "fips": "107", "incits": "18107", "id": "US.IN.107", "population": 38177}}, {"geometry": {"type": "Polygon", "coordinates": [[[-9679, 4578], [-9632, 4578], [-9633, 4544], [-9677, 4544], [-9679, 4544], [-9679, 4552], [-9679, 4578]]]}, "type": "Feature", "properties": {"name": "Randolph County", "stateAbbrev": "IN", "state": "Indiana", "fips": "135", "incits": "18135", "id": "US.IN.135", "population": 25627}}, {"geometry": {"type": "Polygon", "coordinates": [[[-9892, 4607], [-9855, 4607], [-9847, 4607], [-9847, 4592], [-9847, 4568], [-9892, 4568], [-9892, 4585], [-9892, 4597], [-9892, 4607]]]}, "type": "Feature", "properties": {"name": "Tippecanoe County", "stateAbbrev": "IN", "state": "Indiana", "fips": "157", "incits": "18157", "id": "US.IN.157", "population": 180174}}, {"geometry": {"type": "Polygon", "coordinates": [[[-9942, 4560], [-9941, 4598], [-9892, 4597], [-9892, 4585], [-9908, 4579], [-9928, 4558], [-9942, 4560]]]}, "type": "Feature", "properties": {"name": "Warren County", "stateAbbrev": "IN", "state": "Indiana", "fips": "171", "incits": "18171", "id": "US.IN.171", "population": 8415}}, {"geometry": {"type": "Polygon", "coordinates": [[[-9679, 4519], [-9677, 4529], [-9677, 4544], [-9633, 4544], [-9633, 4512], [-9658, 4511], [-9675, 4511], [-9679, 4519]]]}, "type": "Feature", "properties": {"name": "Wayne County", "stateAbbrev": "IN", "state": "Indiana", "fips": "177", "incits": "18177", "id": "US.IN.177", "population": 67893}}, {"geometry": {"type": "Polygon", "coordinates": [[[-9688, 4489], [-9658, 4490], [-9633, 4489], [-9634, 4464], [-9662, 4465], [-9679, 4465], [-9688, 4460], [-9688, 4481], [-9688, 4489]]]}, "type": "Feature", "properties": {"name": "Franklin County", "stateAbbrev": "IN", "state": "Indiana", "fips": "047", "incits": "18047", "id": "US.IN.047", "population": 22951}}, {"geometry": {"type": "Polygon", "coordinates": [[[-9658, 4490], [-9658, 4511], [-9633, 4512], [-9633, 4489], [-9658, 4490]]]}, "type": "Feature", "properties": {"name": "Union County", "stateAbbrev": "IN", "state": "Indiana", "fips": "161", "incits": "18161", "id": "US.IN.161", "population": 7277}}, {"geometry": {"type": "Polygon", "coordinates": [[[-9767, 4364], [-9767, 4372], [-9751, 4380], [-9745, 4385], [-9719, 4385], [-9703, 4383], [-9711, 4369], [-9725, 4364], [-9729, 4353], [-9744, 4349], [-9746, 4362], [-9767, 4364]]]}, "type": "Feature", "properties": {"name": "Clark County", "stateAbbrev": "IN", "state": "Indiana", "fips": "019", "incits": "18019", "id": "US.IN.019", "population": 112938}}, {"geometry": {"type": "Polygon", "coordinates": [[[-9772, 4363], [-9767, 4364], [-9746, 4362], [-9744, 4349], [-9757, 4336], [-9772, 4354], [-9772, 4363]]]}, "type": "Feature", "properties": {"name": "Floyd County", "stateAbbrev": "IN", "state": "Indiana", "fips": "043", "incits": "18043", "id": "US.IN.043", "population": 76244}}, {"geometry": {"type": "Polygon", "coordinates": [[[-9806, 4337], [-9799, 4342], [-9797, 4364], [-9772, 4363], [-9772, 4354], [-9757, 4336], [-9761, 4317], [-9788, 4317], [-9798, 4323], [-9806, 4337]]]}, "type": "Feature", "properties": {"name": "Harrison County", "stateAbbrev": "IN", "state": "Indiana", "fips": "061", "incits": "18061", "id": "US.IN.061", "population": 39163}}, {"geometry": {"type": "Polygon", "coordinates": [[[-9732, 4409], [-9705, 4420], [-9677, 4420], [-9677, 4395], [-9687, 4400], [-9704, 4399], [-9703, 4383], [-9719, 4385], [-9719, 4393], [-9732, 4400], [-9732, 4409]]]}, "type": "Feature", "properties": {"name": "Jefferson County", "stateAbbrev": "IN", "state": "Indiana", "fips": "077", "incits": "18077", "id": "US.IN.077", "population": 32458}}, {"geometry": {"type": "Polygon", "coordinates": [[[-9670, 4422], [-9669, 4424], [-9640, 4433], [-9640, 4418], [-9670, 4422]]]}, "type": "Feature", "properties": {"name": "Ohio County", "stateAbbrev": "IN", "state": "Indiana", "fips": "115", "incits": "18115", "id": "US.IN.115", "population": 5994}}, {"geometry": {"type": "Polygon", "coordinates": [[[-9670, 4422], [-9640, 4418], [-9633, 4405], [-9653, 4404], [-9677, 4395], [-9677, 4420], [-9670, 4422]]]}, "type": "Feature", "properties": {"name": "Switzerland County", "stateAbbrev": "IN", "state": "Indiana", "fips": "155", "incits": "18155", "id": "US.IN.155", "population": 10526}}, {"geometry": {"type": "Polygon", "coordinates": [[[-9845, 4361], [-9803, 4364], [-9797, 4364], [-9799, 4342], [-9806, 4337], [-9820, 4330], [-9820, 4340], [-9833, 4340], [-9845, 4346], [-9845, 4361]]]}, "type": "Feature", "properties": {"name": "Crawford County", "stateAbbrev": "IN", "state": "Indiana", "fips": "025", "incits": "18025", "id": "US.IN.025", "population": 10621}}, {"geometry": {"type": "Polygon", "coordinates": [[[-9966, 4363], [-9951, 4367], [-9934, 4377], [-9928, 4359], [-9917, 4359], [-9917, 4344], [-9935, 4335], [-9960, 4335], [-9972, 4342], [-9993, 4342], [-9986, 4350], [-9966, 4363]]]}, "type": "Feature", "properties": {"name": "Gibson County", "stateAbbrev": "IN", "state": "Indiana", "fips": "051", "incits": "18051", "id": "US.IN.051", "population": 33612}}, {"geometry": {"type": "Polygon", "coordinates": [[[-9929, 4538], [-9892, 4538], [-9882, 4528], [-9883, 4498], [-9904, 4499], [-9925, 4499], [-9922, 4527], [-9929, 4538]]]}, "type": "Feature", "properties": {"name": "Parke County", "stateAbbrev": "IN", "state": "Indiana", "fips": "121", "incits": "18121", "id": "US.IN.121", "population": 17202}}, {"geometry": {"type": "Polygon", "coordinates": [[[-9861, 4316], [-9856, 4323], [-9858, 4340], [-9845, 4346], [-9833, 4340], [-9820, 4340], [-9820, 4330], [-9827, 4321], [-9829, 4307], [-9837, 4300], [-9853, 4306], [-9861, 4316]]]}, "type": "Feature", "properties": {"name": "Perry County", "stateAbbrev": "IN", "state": "Indiana", "fips": "123", "incits": "18123", "id": "US.IN.123", "population": 19558}}, {"geometry": {"type": "Polygon", "coordinates": [[[-9993, 4342], [-9972, 4342], [-9960, 4335], [-9961, 4304], [-9976, 4302], [-9991, 4290], [-9999, 4296], [-9999, 4320], [-9985, 4334], [-9993, 4342]]]}, "type": "Feature", "properties": {"name": "Posey County", "stateAbbrev": "IN", "state": "Indiana", "fips": "129", "incits": "18129", "id": "US.IN.129", "population": 25486}}, {"geometry": {"type": "Polygon", "coordinates": [[[-9912, 4302], [-9908, 4312], [-9883, 4330], [-9883, 4339], [-9858, 4340], [-9856, 4323], [-9861, 4316], [-9885, 4305], [-9890, 4293], [-9912, 4302]]]}, "type": "Feature", "properties": {"name": "Spencer County", "stateAbbrev": "IN", "state": "Indiana", "fips": "147", "incits": "18147", "id": "US.IN.147", "population": 20944}}, {"geometry": {"type": "Polygon", "coordinates": [[[-9961, 4304], [-9960, 4335], [-9935, 4335], [-9933, 4309], [-9945, 4308], [-9951, 4297], [-9961, 4304]]]}, "type": "Feature", "properties": {"name": "Vanderburgh County", "stateAbbrev": "IN", "state": "Indiana", "fips": "163", "incits": "18163", "id": "US.IN.163", "population": 181398}}, {"geometry": {"type": "Polygon", "coordinates": [[[-9942, 4560], [-9928, 4558], [-9929, 4538], [-9922, 4527], [-9925, 4499], [-9942, 4499], [-9942, 4560]]]}, "type": "Feature", "properties": {"name": "Vermillion County", "stateAbbrev": "IN", "state": "Indiana", "fips": "165", "incits": "18165", "id": "US.IN.165", "population": 15878}}, {"geometry": {"type": "Polygon", "coordinates": [[[-9942, 4499], [-9925, 4499], [-9904, 4499], [-9908, 4489], [-9909, 4459], [-9950, 4459], [-9942, 4469], [-9942, 4499]]]}, "type": "Feature", "properties": {"name": "Vigo County", "stateAbbrev": "IN", "state": "Indiana", "fips": "167", "incits": "18167", "id": "US.IN.167", "population": 108291}}, {"geometry": {"type": "Polygon", "coordinates": [[[-9935, 4335], [-9917, 4344], [-9890, 4342], [-9883, 4339], [-9883, 4330], [-9908, 4312], [-9912, 4302], [-9933, 4309], [-9935, 4335]]]}, "type": "Feature", "properties": {"name": "Warrick County", "stateAbbrev": "IN", "state": "Indiana", "fips": "173", "incits": "18173", "id": "US.IN.173", "population": 61049}}, {"geometry": {"type": "Polygon", "coordinates": [[[-9847, 4563], [-9795, 4564], [-9795, 4535], [-9805, 4535], [-9847, 4534], [-9847, 4563]]]}, "type": "Feature", "properties": {"name": "Boone County", "stateAbbrev": "IN", "state": "Indiana", "fips": "011", "incits": "18011", "id": "US.IN.011", "population": 60477}}, {"geometry": {"type": "Polygon", "coordinates": [[[-9847, 4563], [-9847, 4568], [-9847, 4592], [-9811, 4592], [-9795, 4586], [-9796, 4568], [-9795, 4564], [-9847, 4563]]]}, "type": "Feature", "properties": {"name": "Clinton County", "stateAbbrev": "IN", "state": "Indiana", "fips": "023", "incits": "18023", "id": "US.IN.023", "population": 32916}}, {"geometry": {"type": "Polygon", "coordinates": [[[-9720, 4586], [-9705, 4586], [-9679, 4586], [-9679, 4578], [-9679, 4552], [-9720, 4552], [-9720, 4586]]]}, "type": "Feature", "properties": {"name": "Delaware County", "stateAbbrev": "IN", "state": "Indiana", "fips": "035", "incits": "18035", "id": "US.IN.035", "population": 117484}}, {"geometry": {"type": "Polygon", "coordinates": [[[-9796, 4568], [-9752, 4568], [-9752, 4537], [-9761, 4535], [-9778, 4535], [-9779, 4535], [-9795, 4535], [-9795, 4564], [-9796, 4568]]]}, "type": "Feature", "properties": {"name": "Hamilton County", "stateAbbrev": "IN", "state": "Indiana", "fips": "057", "incits": "18057", "id": "US.IN.057", "population": 296693}}, {"geometry": {"type": "Polygon", "coordinates": [[[-9761, 4535], [-9752, 4537], [-9720, 4537], [-9722, 4519], [-9726, 4509], [-9762, 4509], [-9761, 4535]]]}, "type": "Feature", "properties": {"name": "Hancock County", "stateAbbrev": "IN", "state": "Indiana", "fips": "059", "incits": "18059", "id": "US.IN.059", "population": 71575}}, {"geometry": {"type": "Polygon", "coordinates": [[[-9847, 4534], [-9805, 4535], [-9805, 4501], [-9821, 4498], [-9842, 4498], [-9846, 4501], [-9847, 4528], [-9847, 4534]]]}, "type": "Feature", "properties": {"name": "Hendricks County", "stateAbbrev": "IN", "state": "Indiana", "fips": "063", "incits": "18063", "id": "US.IN.063", "population": 153879}}, {"geometry": {"type": "Polygon", "coordinates": [[[-9720, 4537], [-9720, 4552], [-9679, 4552], [-9679, 4544], [-9677, 4529], [-9679, 4519], [-9682, 4519], [-9689, 4519], [-9722, 4519], [-9720, 4537]]]}, "type": "Feature", "properties": {"name": "Henry County", "stateAbbrev": "IN", "state": "Indiana", "fips": "065", "incits": "18065", "id": "US.IN.065", "population": 49044}}, {"geometry": {"type": "Polygon", "coordinates": [[[-9811, 4592], [-9810, 4607], [-9787, 4607], [-9752, 4608], [-9752, 4589], [-9795, 4589], [-9795, 4586], [-9811, 4592]]]}, "type": "Feature", "properties": {"name": "Howard County", "stateAbbrev": "IN", "state": "Indiana", "fips": "067", "incits": "18067", "id": "US.IN.067", "population": 82760}}, {"geometry": {"type": "Polygon", "coordinates": [[[-9752, 4568], [-9752, 4586], [-9720, 4586], [-9720, 4552], [-9720, 4537], [-9752, 4537], [-9752, 4568]]]}, "type": "Feature", "properties": {"name": "Madison County", "stateAbbrev": "IN", "state": "Indiana", "fips": "095", "incits": "18095", "id": "US.IN.095", "population": 130482}}, {"geometry": {"type": "Polygon", "coordinates": [[[-9805, 4535], [-9795, 4535], [-9779, 4535], [-9778, 4535], [-9761, 4535], [-9762, 4509], [-9762, 4502], [-9796, 4502], [-9805, 4501], [-9805, 4535]]]}, "type": "Feature", "properties": {"name": "Marion County", "stateAbbrev": "IN", "state": "Indiana", "fips": "097", "incits": "18097", "id": "US.IN.097", "population": 928281}}, {"geometry": {"type": "Polygon", "coordinates": [[[-9726, 4509], [-9722, 4519], [-9689, 4519], [-9688, 4489], [-9688, 4481], [-9726, 4481], [-9726, 4509]]]}, "type": "Feature", "properties": {"name": "Rush County", "stateAbbrev": "IN", "state": "Indiana", "fips": "139", "incits": "18139", "id": "US.IN.139", "population": 17004}}, {"geometry": {"type": "Polygon", "coordinates": [[[-9796, 4568], [-9795, 4586], [-9795, 4589], [-9752, 4589], [-9752, 4586], [-9752, 4568], [-9796, 4568]]]}, "type": "Feature", "properties": {"name": "Tipton County", "stateAbbrev": "IN", "state": "Indiana", "fips": "159", "incits": "18159", "id": "US.IN.159", "population": 15650}}], "ac-tx": {"default": {"crs": "wsg84", "scale": 113.5804338772574, "xoffset": 0, "yoffset": 0}}}