{"crs": {"type": "name", "properties": {"name": "urn:ogc:def:crs:EPSG:4326"}}, "type": "FeatureCollection", "features": [{"geometry": {"type": "Polygon", "coordinates": [[[-9696, 3660], [-9675, 3667], [-9655, 3656], [-9661, 3646], [-9667, 3628], [-9660, 3622], [-9662, 3615], [-9704, 3625], [-9692, 3640], [-9689, 3650], [-9696, 3660]]]}, "type": "Feature", "properties": {"name": "Sherman County", "stateAbbrev": "OR", "state": "Oregon", "fips": "055", "incits": "41055", "id": "US.OR.055", "population": 1731}}, {"geometry": {"type": "Polygon", "coordinates": [[[-9675, 3667], [-9663, 3664], [-9639, 3667], [-9622, 3674], [-9623, 3629], [-9613, 3629], [-9603, 3622], [-9605, 3614], [-9662, 3614], [-9662, 3615], [-9660, 3622], [-9667, 3628], [-9661, 3646], [-9655, 3656], [-9675, 3667]]]}, "type": "Feature", "properties": {"name": "Gilliam County", "stateAbbrev": "OR", "state": "Oregon", "fips": "021", "incits": "41021", "id": "US.OR.021", "population": 1947}}, {"geometry": {"type": "Polygon", "coordinates": [[[-9480, 3549], [-9474, 3550], [-9459, 3564], [-9429, 3564], [-9421, 3552], [-9399, 3552], [-9373, 3541], [-9376, 3527], [-9384, 3515], [-9384, 3450], [-9384, 3368], [-9478, 3367], [-9480, 3441], [-9480, 3531], [-9480, 3549]]]}, "type": "Feature", "properties": {"name": "Malheur County", "stateAbbrev": "OR", "state": "Oregon", "fips": "045", "incits": "41045", "id": "US.OR.045", "population": 30479}}, {"geometry": {"type": "Polygon", "coordinates": [[[-9481, 3605], [-9472, 3612], [-9459, 3608], [-9427, 3608], [-9427, 3615], [-9403, 3615], [-9364, 3615], [-9376, 3591], [-9385, 3588], [-9393, 3572], [-9400, 3567], [-9399, 3552], [-9421, 3552], [-9429, 3564], [-9459, 3564], [-9474, 3550], [-9480, 3549], [-9502, 3549], [-9495, 3565], [-9486, 3575], [-9492, 3580], [-9481, 3605]]]}, "type": "Feature", "properties": {"name": "Baker County", "stateAbbrev": "OR", "state": "Oregon", "fips": "001", "incits": "41001", "id": "US.OR.001", "population": 16018}}, {"geometry": {"type": "Polygon", "coordinates": [[[-9911, 3586], [-9875, 3586], [-9884, 3573], [-9877, 3551], [-9925, 3551], [-9920, 3563], [-9911, 3563], [-9911, 3586]]]}, "type": "Feature", "properties": {"name": "Benton County", "stateAbbrev": "OR", "state": "Oregon", "fips": "003", "incits": "41003", "id": "US.OR.003", "population": 86591}}, {"geometry": {"type": "Polygon", "coordinates": [[[-9852, 3634], [-9842, 3635], [-9842, 3643], [-9834, 3645], [-9768, 3645], [-9758, 3638], [-9758, 3629], [-9758, 3627], [-9758, 3626], [-9755, 3614], [-9767, 3609], [-9761, 3599], [-9815, 3599], [-9846, 3619], [-9851, 3629], [-9852, 3634]]]}, "type": "Feature", "properties": {"name": "Clackamas County", "stateAbbrev": "OR", "state": "Oregon", "fips": "005", "incits": "41005", "id": "US.OR.005", "population": 388263}}, {"geometry": {"type": "Polygon", "coordinates": [[[-9892, 3700], [-9892, 3671], [-9948, 3671], [-9944, 3695], [-9955, 3709], [-9933, 3707], [-9901, 3710], [-9892, 3700]]]}, "type": "Feature", "properties": {"name": "Clatsop County", "stateAbbrev": "OR", "state": "Oregon", "fips": "007", "incits": "41007", "id": "US.OR.007", "population": 37244}}, {"geometry": {"type": "Polygon", "coordinates": [[[-9892, 3700], [-9872, 3703], [-9855, 3695], [-9845, 3678], [-9844, 3667], [-9857, 3666], [-9862, 3667], [-9862, 3668], [-9865, 3671], [-9892, 3671], [-9892, 3700]]]}, "type": "Feature", "properties": {"name": "Columbia County", "stateAbbrev": "OR", "state": "Oregon", "fips": "009", "incits": "41009", "id": "US.OR.009", "population": 49344}}, {"geometry": {"type": "Polygon", "coordinates": [[[-9987, 3444], [-9980, 3464], [-9981, 3474], [-9973, 3480], [-9966, 3497], [-9933, 3497], [-9924, 3483], [-9919, 3469], [-9919, 3455], [-9928, 3448], [-9928, 3431], [-9943, 3423], [-9954, 3422], [-9955, 3437], [-9963, 3444], [-9987, 3444]]]}, "type": "Feature", "properties": {"name": "Coos County", "stateAbbrev": "OR", "state": "Oregon", "fips": "011", "incits": "41011", "id": "US.OR.011", "population": 62282}}, {"geometry": {"type": "Polygon", "coordinates": [[[-9711, 3559], [-9701, 3566], [-9688, 3566], [-9688, 3573], [-9653, 3573], [-9653, 3563], [-9624, 3563], [-9614, 3559], [-9614, 3553], [-9594, 3553], [-9595, 3525], [-9604, 3525], [-9604, 3504], [-9614, 3504], [-9643, 3504], [-9652, 3511], [-9652, 3518], [-9682, 3518], [-9682, 3525], [-9701, 3525], [-9701, 3539], [-9711, 3539], [-9711, 3559]]]}, "type": "Feature", "properties": {"name": "Crook County", "stateAbbrev": "OR", "state": "Oregon", "fips": "013", "incits": "41013", "id": "US.OR.013", "population": 20815}}, {"geometry": {"type": "Polygon", "coordinates": [[[-9987, 3444], [-9963, 3444], [-9955, 3437], [-9954, 3422], [-9943, 3423], [-9928, 3431], [-9920, 3431], [-9934, 3408], [-9943, 3408], [-9945, 3397], [-9934, 3396], [-9928, 3388], [-9929, 3367], [-9969, 3368], [-9981, 3384], [-9982, 3399], [-9988, 3406], [-9981, 3417], [-9999, 3431], [-9987, 3444]]]}, "type": "Feature", "properties": {"name": "Curry County", "stateAbbrev": "OR", "state": "Oregon", "fips": "015", "incits": "41015", "id": "US.OR.015", "population": 22339}}, {"geometry": {"type": "Polygon", "coordinates": [[[-9783, 3497], [-9781, 3517], [-9771, 3525], [-9764, 3537], [-9766, 3549], [-9770, 3560], [-9711, 3559], [-9711, 3539], [-9701, 3539], [-9701, 3525], [-9682, 3525], [-9682, 3518], [-9652, 3518], [-9652, 3511], [-9643, 3504], [-9614, 3504], [-9614, 3497], [-9729, 3497], [-9783, 3497]]]}, "type": "Feature", "properties": {"name": "Deschutes County", "stateAbbrev": "OR", "state": "Oregon", "fips": "017", "incits": "41017", "id": "US.OR.017", "population": 165954}}, {"geometry": {"type": "Polygon", "coordinates": [[[-9966, 3497], [-9961, 3517], [-9938, 3517], [-9929, 3524], [-9912, 3522], [-9905, 3514], [-9891, 3510], [-9874, 3510], [-9871, 3491], [-9842, 3492], [-9842, 3483], [-9793, 3483], [-9781, 3469], [-9790, 3454], [-9805, 3453], [-9805, 3448], [-9827, 3443], [-9846, 3430], [-9875, 3428], [-9881, 3424], [-9898, 3424], [-9920, 3431], [-9928, 3431], [-9928, 3448], [-9919, 3455], [-9919, 3469], [-9924, 3483], [-9933, 3497], [-9966, 3497]]]}, "type": "Feature", "properties": {"name": "Douglas County", "stateAbbrev": "OR", "state": "Oregon", "fips": "019", "incits": "41019", "id": "US.OR.019", "population": 106940}}, {"geometry": {"type": "Polygon", "coordinates": [[[-9596, 3608], [-9555, 3608], [-9503, 3608], [-9481, 3605], [-9492, 3580], [-9486, 3575], [-9495, 3565], [-9502, 3549], [-9480, 3549], [-9480, 3531], [-9527, 3532], [-9527, 3525], [-9595, 3525], [-9594, 3553], [-9594, 3594], [-9596, 3608]]]}, "type": "Feature", "properties": {"name": "Grant County", "stateAbbrev": "OR", "state": "Oregon", "fips": "023", "incits": "41023", "id": "US.OR.023", "population": 7283}}, {"geometry": {"type": "Polygon", "coordinates": [[[-9614, 3497], [-9614, 3504], [-9604, 3504], [-9604, 3525], [-9595, 3525], [-9527, 3525], [-9527, 3532], [-9480, 3531], [-9480, 3441], [-9478, 3367], [-9571, 3367], [-9571, 3428], [-9618, 3428], [-9617, 3462], [-9614, 3462], [-9614, 3497]]]}, "type": "Feature", "properties": {"name": "Harney County", "stateAbbrev": "OR", "state": "Oregon", "fips": "025", "incits": "41025", "id": "US.OR.025", "population": 7146}}, {"geometry": {"type": "Polygon", "coordinates": [[[-9776, 3660], [-9772, 3664], [-9745, 3667], [-9738, 3664], [-9741, 3650], [-9741, 3629], [-9758, 3629], [-9758, 3638], [-9768, 3645], [-9776, 3652], [-9776, 3660]]]}, "type": "Feature", "properties": {"name": "Hood River County", "stateAbbrev": "OR", "state": "Oregon", "fips": "027", "incits": "41027", "id": "US.OR.027", "population": 22675}}, {"geometry": {"type": "Polygon", "coordinates": [[[-9881, 3424], [-9875, 3428], [-9846, 3430], [-9827, 3443], [-9805, 3448], [-9806, 3368], [-9881, 3368], [-9881, 3424]]]}, "type": "Feature", "properties": {"name": "Jackson County", "stateAbbrev": "OR", "state": "Oregon", "fips": "029", "incits": "41029", "id": "US.OR.029", "population": 208545}}, {"geometry": {"type": "Polygon", "coordinates": [[[-9767, 3577], [-9767, 3577], [-9766, 3583], [-9763, 3594], [-9652, 3594], [-9653, 3573], [-9688, 3573], [-9688, 3566], [-9701, 3566], [-9711, 3559], [-9770, 3560], [-9767, 3577]]]}, "type": "Feature", "properties": {"name": "Jefferson County", "stateAbbrev": "OR", "state": "Oregon", "fips": "031", "incits": "41031", "id": "US.OR.031", "population": 21145}}, {"geometry": {"type": "Polygon", "coordinates": [[[-9920, 3431], [-9898, 3424], [-9881, 3424], [-9881, 3368], [-9929, 3367], [-9928, 3388], [-9934, 3396], [-9945, 3397], [-9943, 3408], [-9934, 3408], [-9920, 3431]]]}, "type": "Feature", "properties": {"name": "Josephine County", "stateAbbrev": "OR", "state": "Oregon", "fips": "033", "incits": "41033", "id": "US.OR.033", "population": 83306}}, {"geometry": {"type": "Polygon", "coordinates": [[[-9805, 3448], [-9805, 3453], [-9790, 3454], [-9781, 3469], [-9793, 3483], [-9793, 3493], [-9783, 3497], [-9729, 3497], [-9730, 3477], [-9730, 3428], [-9693, 3427], [-9693, 3367], [-9806, 3368], [-9805, 3448]]]}, "type": "Feature", "properties": {"name": "Klamath County", "stateAbbrev": "OR", "state": "Oregon", "fips": "035", "incits": "41035", "id": "US.OR.035", "population": 65910}}, {"geometry": {"type": "Polygon", "coordinates": [[[-9729, 3497], [-9614, 3497], [-9614, 3462], [-9617, 3462], [-9618, 3428], [-9571, 3428], [-9571, 3367], [-9693, 3367], [-9693, 3427], [-9730, 3428], [-9730, 3477], [-9729, 3497]]]}, "type": "Feature", "properties": {"name": "Lake County", "stateAbbrev": "OR", "state": "Oregon", "fips": "037", "incits": "41037", "id": "US.OR.037", "population": 7820}}, {"geometry": {"type": "Polygon", "coordinates": [[[-9961, 3517], [-9958, 3550], [-9925, 3551], [-9877, 3551], [-9877, 3551], [-9877, 3550], [-9876, 3544], [-9855, 3544], [-9852, 3551], [-9812, 3545], [-9809, 3548], [-9766, 3549], [-9764, 3537], [-9771, 3525], [-9781, 3517], [-9783, 3497], [-9793, 3493], [-9793, 3483], [-9842, 3483], [-9842, 3492], [-9871, 3491], [-9874, 3510], [-9891, 3510], [-9905, 3514], [-9912, 3522], [-9929, 3524], [-9938, 3517], [-9961, 3517]]]}, "type": "Feature", "properties": {"name": "Lane County", "stateAbbrev": "OR", "state": "Oregon", "fips": "039", "incits": "41039", "id": "US.OR.039", "population": 356212}}, {"geometry": {"type": "Polygon", "coordinates": [[[-9951, 3612], [-9921, 3612], [-9921, 3587], [-9911, 3586], [-9911, 3563], [-9920, 3563], [-9925, 3551], [-9958, 3550], [-9955, 3565], [-9955, 3590], [-9951, 3612]]]}, "type": "Feature", "properties": {"name": "Lincoln County", "stateAbbrev": "OR", "state": "Oregon", "fips": "041", "incits": "41041", "id": "US.OR.041", "population": 46350}}, {"geometry": {"type": "Polygon", "coordinates": [[[-9875, 3586], [-9874, 3588], [-9863, 3583], [-9846, 3592], [-9832, 3591], [-9794, 3586], [-9785, 3583], [-9766, 3583], [-9767, 3577], [-9767, 3577], [-9770, 3560], [-9766, 3549], [-9809, 3548], [-9812, 3545], [-9852, 3551], [-9855, 3544], [-9876, 3544], [-9877, 3550], [-9877, 3551], [-9877, 3551], [-9884, 3573], [-9875, 3586]]]}, "type": "Feature", "properties": {"name": "Linn County", "stateAbbrev": "OR", "state": "Oregon", "fips": "043", "incits": "41043", "id": "US.OR.043", "population": 118765}}, {"geometry": {"type": "Polygon", "coordinates": [[[-9868, 3614], [-9866, 3626], [-9851, 3629], [-9846, 3619], [-9815, 3599], [-9761, 3599], [-9763, 3594], [-9766, 3583], [-9785, 3583], [-9794, 3586], [-9832, 3591], [-9846, 3592], [-9863, 3583], [-9874, 3588], [-9873, 3601], [-9866, 3604], [-9868, 3614]]]}, "type": "Feature", "properties": {"name": "Marion County", "stateAbbrev": "OR", "state": "Oregon", "fips": "047", "incits": "41047", "id": "US.OR.047", "population": 323614}}, {"geometry": {"type": "Polygon", "coordinates": [[[-9622, 3674], [-9596, 3677], [-9588, 3682], [-9577, 3682], [-9577, 3657], [-9562, 3657], [-9554, 3650], [-9555, 3608], [-9596, 3608], [-9605, 3614], [-9603, 3622], [-9613, 3629], [-9623, 3629], [-9622, 3674]]]}, "type": "Feature", "properties": {"name": "Morrow County", "stateAbbrev": "OR", "state": "Oregon", "fips": "049", "incits": "41049", "id": "US.OR.049", "population": 11336}}, {"geometry": {"type": "Polygon", "coordinates": [[[-9857, 3666], [-9844, 3667], [-9837, 3658], [-9804, 3652], [-9776, 3660], [-9776, 3652], [-9768, 3645], [-9834, 3645], [-9842, 3643], [-9842, 3650], [-9857, 3659], [-9857, 3666]]]}, "type": "Feature", "properties": {"name": "Multnomah County", "stateAbbrev": "OR", "state": "Oregon", "fips": "051", "incits": "41051", "id": "US.OR.051", "population": 766135}}, {"geometry": {"type": "Polygon", "coordinates": [[[-9921, 3612], [-9921, 3614], [-9868, 3614], [-9866, 3604], [-9873, 3601], [-9874, 3588], [-9875, 3586], [-9911, 3586], [-9921, 3587], [-9921, 3612]]]}, "type": "Feature", "properties": {"name": "Polk County", "stateAbbrev": "OR", "state": "Oregon", "fips": "053", "incits": "41053", "id": "US.OR.053", "population": 76794}}, {"geometry": {"type": "Polygon", "coordinates": [[[-9951, 3612], [-9946, 3630], [-9949, 3636], [-9944, 3665], [-9948, 3671], [-9892, 3671], [-9902, 3665], [-9892, 3655], [-9900, 3643], [-9900, 3626], [-9926, 3626], [-9921, 3614], [-9921, 3612], [-9951, 3612]]]}, "type": "Feature", "properties": {"name": "Tillamook County", "stateAbbrev": "OR", "state": "Oregon", "fips": "057", "incits": "41057", "id": "US.OR.057", "population": 25317}}, {"geometry": {"type": "Polygon", "coordinates": [[[-9577, 3682], [-9552, 3683], [-9541, 3688], [-9460, 3689], [-9460, 3677], [-9471, 3663], [-9471, 3646], [-9478, 3643], [-9496, 3643], [-9496, 3637], [-9518, 3636], [-9514, 3624], [-9506, 3624], [-9503, 3608], [-9555, 3608], [-9554, 3650], [-9562, 3657], [-9577, 3657], [-9577, 3682]]]}, "type": "Feature", "properties": {"name": "Umatilla County", "stateAbbrev": "OR", "state": "Oregon", "fips": "059", "incits": "41059", "id": "US.OR.059", "population": 76720}}, {"geometry": {"type": "Polygon", "coordinates": [[[-9460, 3677], [-9441, 3677], [-9445, 3664], [-9433, 3635], [-9423, 3630], [-9420, 3622], [-9403, 3622], [-9403, 3615], [-9427, 3615], [-9427, 3608], [-9459, 3608], [-9472, 3612], [-9481, 3605], [-9503, 3608], [-9506, 3624], [-9514, 3624], [-9518, 3636], [-9496, 3637], [-9496, 3643], [-9478, 3643], [-9471, 3646], [-9471, 3663], [-9460, 3677]]]}, "type": "Feature", "properties": {"name": "Union County", "stateAbbrev": "OR", "state": "Oregon", "fips": "061", "incits": "41061", "id": "US.OR.061", "population": 25652}}, {"geometry": {"type": "Polygon", "coordinates": [[[-9460, 3689], [-9375, 3688], [-9364, 3674], [-9349, 3671], [-9339, 3657], [-9355, 3634], [-9364, 3615], [-9403, 3615], [-9403, 3622], [-9420, 3622], [-9423, 3630], [-9433, 3635], [-9445, 3664], [-9441, 3677], [-9460, 3677], [-9460, 3689]]]}, "type": "Feature", "properties": {"name": "Wallowa County", "stateAbbrev": "OR", "state": "Oregon", "fips": "063", "incits": "41063", "id": "US.OR.063", "population": 6814}}, {"geometry": {"type": "Polygon", "coordinates": [[[-9758, 3626], [-9758, 3627], [-9758, 3629], [-9741, 3629], [-9741, 3650], [-9738, 3664], [-9696, 3660], [-9689, 3650], [-9692, 3640], [-9704, 3625], [-9662, 3615], [-9662, 3614], [-9659, 3598], [-9652, 3594], [-9763, 3594], [-9761, 3599], [-9767, 3609], [-9755, 3614], [-9758, 3626]]]}, "type": "Feature", "properties": {"name": "Wasco County", "stateAbbrev": "OR", "state": "Oregon", "fips": "065", "incits": "41065", "id": "US.OR.065", "population": 25477}}, {"geometry": {"type": "Polygon", "coordinates": [[[-9892, 3671], [-9865, 3671], [-9862, 3668], [-9862, 3667], [-9857, 3666], [-9857, 3659], [-9842, 3650], [-9842, 3643], [-9842, 3635], [-9852, 3634], [-9874, 3643], [-9900, 3643], [-9892, 3655], [-9902, 3665], [-9892, 3671]]]}, "type": "Feature", "properties": {"name": "Washington County", "stateAbbrev": "OR", "state": "Oregon", "fips": "067", "incits": "41067", "id": "US.OR.067", "population": 554996}}, {"geometry": {"type": "Polygon", "coordinates": [[[-9662, 3614], [-9605, 3614], [-9596, 3608], [-9594, 3594], [-9594, 3553], [-9614, 3553], [-9614, 3559], [-9624, 3563], [-9653, 3563], [-9653, 3573], [-9652, 3594], [-9659, 3598], [-9662, 3614]]]}, "type": "Feature", "properties": {"name": "Wheeler County", "stateAbbrev": "OR", "state": "Oregon", "fips": "069", "incits": "41069", "id": "US.OR.069", "population": 1381}}, {"geometry": {"type": "Polygon", "coordinates": [[[-9900, 3643], [-9874, 3643], [-9852, 3634], [-9851, 3629], [-9866, 3626], [-9868, 3614], [-9921, 3614], [-9926, 3626], [-9900, 3626], [-9900, 3643]]]}, "type": "Feature", "properties": {"name": "Yamhill County", "stateAbbrev": "OR", "state": "Oregon", "fips": "071", "incits": "41071", "id": "US.OR.071", "population": 100725}}], "ac-tx": {"default": {"crs": "wsg84", "scale": 80.18426075278775, "xoffset": 0, "yoffset": 0}}}