{"crs": {"type": "name", "properties": {"name": "urn:ogc:def:crs:EPSG:4326"}}, "type": "FeatureCollection", "features": [{"geometry": {"type": "Polygon", "coordinates": [[[-9768, 3244], [-9753, 3246], [-9746, 3253], [-9730, 3254], [-9722, 3261], [-9720, 3269], [-9708, 3274], [-9707, 3286], [-9700, 3291], [-9687, 3303], [-9679, 3321], [-9663, 3322], [-9656, 3332], [-9650, 3332], [-9645, 3341], [-9637, 3345], [-9636, 3355], [-9647, 3365], [-9646, 3375], [-9561, 3375], [-9560, 3346], [-9560, 3293], [-9560, 3244], [-9611, 3244], [-9685, 3244], [-9688, 3244], [-9768, 3244]]]}, "type": "Feature", "properties": {"name": "San Juan County", "stateAbbrev": "UT", "state": "Utah", "fips": "037", "incits": "49037", "id": "US.UT.037", "population": 14973}}, {"geometry": {"type": "Polygon", "coordinates": [[[-9799, 3375], [-9758, 3376], [-9758, 3375], [-9646, 3375], [-9647, 3365], [-9636, 3355], [-9637, 3345], [-9704, 3345], [-9805, 3345], [-9806, 3369], [-9799, 3375]]]}, "type": "Feature", "properties": {"name": "Wayne County", "stateAbbrev": "UT", "state": "Utah", "fips": "055", "incits": "49055", "id": "US.UT.055", "population": 2747}}, {"geometry": {"type": "Polygon", "coordinates": [[[-9646, 3460], [-9565, 3460], [-9561, 3463], [-9561, 3375], [-9646, 3375], [-9643, 3381], [-9653, 3392], [-9652, 3399], [-9658, 3407], [-9656, 3413], [-9656, 3427], [-9650, 3443], [-9646, 3450], [-9646, 3460]]]}, "type": "Feature", "properties": {"name": "Grand County", "stateAbbrev": "UT", "state": "Utah", "fips": "019", "incits": "49019", "id": "US.UT.019", "population": 9360}}, {"geometry": {"type": "Polygon", "coordinates": [[[-9644, 3578], [-9644, 3594], [-9560, 3595], [-9560, 3564], [-9570, 3567], [-9574, 3582], [-9591, 3582], [-9591, 3576], [-9598, 3572], [-9603, 3579], [-9632, 3574], [-9642, 3578], [-9644, 3578]]]}, "type": "Feature", "properties": {"name": "Daggett County", "stateAbbrev": "UT", "state": "Utah", "fips": "009", "incits": "49009", "id": "US.UT.009", "population": 1127}}, {"geometry": {"type": "Polygon", "coordinates": [[[-9641, 3490], [-9642, 3578], [-9632, 3574], [-9603, 3579], [-9598, 3572], [-9591, 3576], [-9591, 3582], [-9574, 3582], [-9570, 3567], [-9560, 3564], [-9561, 3508], [-9561, 3463], [-9565, 3460], [-9646, 3460], [-9646, 3460], [-9647, 3469], [-9641, 3481], [-9641, 3490]]]}, "type": "Feature", "properties": {"name": "Uintah County", "stateAbbrev": "UT", "state": "Utah", "fips": "047", "incits": "49047", "id": "US.UT.047", "population": 35555}}, {"geometry": {"type": "Polygon", "coordinates": [[[-9776, 3632], [-9770, 3641], [-9769, 3654], [-9773, 3676], [-9776, 3682], [-9735, 3682], [-9736, 3617], [-9755, 3607], [-9751, 3611], [-9761, 3626], [-9768, 3626], [-9776, 3632]]]}, "type": "Feature", "properties": {"name": "Rich County", "stateAbbrev": "UT", "state": "Utah", "fips": "033", "incits": "49033", "id": "US.UT.033", "population": 2288}}, {"geometry": {"type": "Polygon", "coordinates": [[[-9788, 3577], [-9777, 3576], [-9774, 3582], [-9778, 3599], [-9765, 3602], [-9755, 3607], [-9736, 3617], [-9736, 3594], [-9644, 3594], [-9644, 3578], [-9667, 3580], [-9677, 3576], [-9701, 3572], [-9710, 3572], [-9723, 3566], [-9729, 3559], [-9742, 3559], [-9744, 3555], [-9764, 3562], [-9780, 3560], [-9788, 3577]]]}, "type": "Feature", "properties": {"name": "Summit County", "stateAbbrev": "UT", "state": "Utah", "fips": "043", "incits": "49043", "id": "US.UT.043", "population": 38486}}, {"geometry": {"type": "Polygon", "coordinates": [[[-9833, 3682], [-9824, 3670], [-9823, 3659], [-9819, 3643], [-9812, 3642], [-9809, 3632], [-9822, 3624], [-9840, 3624], [-9862, 3601], [-9889, 3595], [-9998, 3594], [-9998, 3682], [-9985, 3681], [-9896, 3682], [-9833, 3682]]]}, "type": "Feature", "properties": {"name": "Box Elder County", "stateAbbrev": "UT", "state": "Utah", "fips": "003", "incits": "49003", "id": "US.UT.003", "population": 50794}}, {"geometry": {"type": "Polygon", "coordinates": [[[-9833, 3682], [-9776, 3682], [-9773, 3676], [-9769, 3654], [-9770, 3641], [-9776, 3632], [-9790, 3632], [-9795, 3627], [-9809, 3632], [-9812, 3642], [-9819, 3643], [-9823, 3659], [-9824, 3670], [-9833, 3682]]]}, "type": "Feature", "properties": {"name": "Cache County", "stateAbbrev": "UT", "state": "Utah", "fips": "005", "incits": "49005", "id": "US.UT.005", "population": 116909}}, {"geometry": {"type": "Polygon", "coordinates": [[[-9999, 3382], [-9950, 3382], [-9864, 3382], [-9864, 3376], [-9863, 3372], [-9849, 3361], [-9857, 3345], [-9861, 3344], [-9931, 3345], [-9999, 3345], [-9999, 3382]]]}, "type": "Feature", "properties": {"name": "Beaver County", "stateAbbrev": "UT", "state": "Utah", "fips": "001", "incits": "49001", "id": "US.UT.001", "population": 6459}}, {"geometry": {"type": "Polygon", "coordinates": [[[-9753, 3481], [-9753, 3491], [-9719, 3490], [-9641, 3490], [-9641, 3481], [-9647, 3469], [-9646, 3460], [-9738, 3460], [-9743, 3473], [-9753, 3481]]]}, "type": "Feature", "properties": {"name": "Carbon County", "stateAbbrev": "UT", "state": "Utah", "fips": "007", "incits": "49007", "id": "US.UT.007", "population": 20988}}, {"geometry": {"type": "Polygon", "coordinates": [[[-9862, 3601], [-9836, 3608], [-9806, 3607], [-9805, 3597], [-9796, 3582], [-9808, 3579], [-9816, 3582], [-9820, 3588], [-9842, 3574], [-9862, 3601]]]}, "type": "Feature", "properties": {"name": "Davis County", "stateAbbrev": "UT", "state": "Utah", "fips": "011", "incits": "49011", "id": "US.UT.011", "population": 322094}}, {"geometry": {"type": "Polygon", "coordinates": [[[-9644, 3578], [-9642, 3578], [-9641, 3490], [-9719, 3490], [-9722, 3498], [-9723, 3566], [-9710, 3572], [-9701, 3572], [-9677, 3576], [-9667, 3580], [-9644, 3578]]]}, "type": "Feature", "properties": {"name": "Duchesne County", "stateAbbrev": "UT", "state": "Utah", "fips": "013", "incits": "49013", "id": "US.UT.013", "population": 20308}}, {"geometry": {"type": "Polygon", "coordinates": [[[-9758, 3422], [-9758, 3460], [-9753, 3460], [-9753, 3481], [-9743, 3473], [-9738, 3460], [-9646, 3460], [-9646, 3460], [-9646, 3450], [-9650, 3443], [-9656, 3427], [-9656, 3413], [-9658, 3407], [-9652, 3399], [-9653, 3392], [-9643, 3381], [-9646, 3375], [-9758, 3375], [-9758, 3376], [-9758, 3422]]]}, "type": "Feature", "properties": {"name": "Emery County", "stateAbbrev": "UT", "state": "Utah", "fips": "015", "incits": "49015", "id": "US.UT.015", "population": 10749}}, {"geometry": {"type": "Polygon", "coordinates": [[[-9861, 3344], [-9857, 3345], [-9805, 3345], [-9704, 3345], [-9637, 3345], [-9645, 3341], [-9650, 3332], [-9656, 3332], [-9663, 3322], [-9679, 3321], [-9687, 3303], [-9700, 3291], [-9794, 3291], [-9851, 3291], [-9879, 3291], [-9880, 3315], [-9870, 3315], [-9870, 3321], [-9860, 3323], [-9861, 3344]]]}, "type": "Feature", "properties": {"name": "Garfield County", "stateAbbrev": "UT", "state": "Utah", "fips": "017", "incits": "49017", "id": "US.UT.017", "population": 5083}}, {"geometry": {"type": "Polygon", "coordinates": [[[-9999, 3345], [-9931, 3345], [-9861, 3344], [-9860, 3323], [-9870, 3321], [-9870, 3315], [-9880, 3315], [-9879, 3291], [-9898, 3292], [-9898, 3288], [-9910, 3285], [-9929, 3286], [-9929, 3290], [-9949, 3290], [-9949, 3298], [-9959, 3297], [-9999, 3297], [-9999, 3345]]]}, "type": "Feature", "properties": {"name": "Iron County", "stateAbbrev": "UT", "state": "Utah", "fips": "021", "incits": "49021", "id": "US.UT.021", "population": 46780}}, {"geometry": {"type": "Polygon", "coordinates": [[[-9999, 3499], [-9889, 3498], [-9849, 3499], [-9835, 3508], [-9827, 3503], [-9823, 3487], [-9817, 3490], [-9811, 3498], [-9804, 3501], [-9788, 3490], [-9783, 3488], [-9794, 3480], [-9794, 3459], [-9797, 3453], [-9812, 3453], [-9821, 3447], [-9836, 3449], [-9838, 3468], [-9871, 3468], [-9978, 3468], [-9999, 3467], [-9999, 3499]]]}, "type": "Feature", "properties": {"name": "Juab County", "stateAbbrev": "UT", "state": "Utah", "fips": "023", "incits": "49023", "id": "US.UT.023", "population": 10348}}, {"geometry": {"type": "Polygon", "coordinates": [[[-9879, 3291], [-9851, 3291], [-9794, 3291], [-9700, 3291], [-9707, 3286], [-9708, 3274], [-9720, 3269], [-9722, 3261], [-9730, 3254], [-9746, 3253], [-9753, 3246], [-9768, 3244], [-9819, 3244], [-9898, 3244], [-9898, 3288], [-9898, 3292], [-9879, 3291]]]}, "type": "Feature", "properties": {"name": "Kane County", "stateAbbrev": "UT", "state": "Utah", "fips": "025", "incits": "49025", "id": "US.UT.025", "population": 7260}}, {"geometry": {"type": "Polygon", "coordinates": [[[-9999, 3382], [-9999, 3467], [-9978, 3468], [-9871, 3468], [-9838, 3468], [-9836, 3449], [-9821, 3447], [-9820, 3423], [-9825, 3416], [-9831, 3415], [-9839, 3407], [-9840, 3395], [-9846, 3391], [-9858, 3391], [-9864, 3382], [-9950, 3382], [-9999, 3382]]]}, "type": "Feature", "properties": {"name": "Millard County", "stateAbbrev": "UT", "state": "Utah", "fips": "027", "incits": "49027", "id": "US.UT.027", "population": 12662}}, {"geometry": {"type": "Polygon", "coordinates": [[[-9768, 3626], [-9761, 3626], [-9751, 3611], [-9755, 3607], [-9765, 3602], [-9778, 3599], [-9774, 3582], [-9777, 3576], [-9788, 3577], [-9796, 3582], [-9805, 3597], [-9806, 3607], [-9799, 3614], [-9789, 3611], [-9784, 3615], [-9775, 3614], [-9768, 3626]]]}, "type": "Feature", "properties": {"name": "Morgan County", "stateAbbrev": "UT", "state": "Utah", "fips": "029", "incits": "49029", "id": "US.UT.029", "population": 10173}}, {"geometry": {"type": "Polygon", "coordinates": [[[-9864, 3376], [-9825, 3376], [-9799, 3375], [-9806, 3369], [-9805, 3345], [-9857, 3345], [-9849, 3361], [-9863, 3372], [-9864, 3376]]]}, "type": "Feature", "properties": {"name": "Piute County", "stateAbbrev": "UT", "state": "Utah", "fips": "031", "incits": "49031", "id": "US.UT.031", "population": 1510}}, {"geometry": {"type": "Polygon", "coordinates": [[[-9842, 3574], [-9820, 3588], [-9816, 3582], [-9808, 3579], [-9796, 3582], [-9788, 3577], [-9780, 3560], [-9784, 3558], [-9798, 3553], [-9817, 3543], [-9834, 3548], [-9836, 3568], [-9842, 3574]]]}, "type": "Feature", "properties": {"name": "Salt Lake County", "stateAbbrev": "UT", "state": "Utah", "fips": "035", "incits": "49035", "id": "US.UT.035", "population": 1079721}}, {"geometry": {"type": "Polygon", "coordinates": [[[-9821, 3447], [-9812, 3453], [-9797, 3453], [-9794, 3459], [-9794, 3480], [-9783, 3488], [-9788, 3490], [-9753, 3491], [-9753, 3481], [-9753, 3460], [-9758, 3460], [-9758, 3422], [-9806, 3422], [-9820, 3423], [-9821, 3447]]]}, "type": "Feature", "properties": {"name": "Sanpete County", "stateAbbrev": "UT", "state": "Utah", "fips": "039", "incits": "49039", "id": "US.UT.039", "population": 28237}}, {"geometry": {"type": "Polygon", "coordinates": [[[-9864, 3382], [-9858, 3391], [-9846, 3391], [-9840, 3395], [-9839, 3407], [-9831, 3415], [-9825, 3416], [-9820, 3423], [-9806, 3422], [-9758, 3422], [-9758, 3376], [-9799, 3375], [-9825, 3376], [-9864, 3376], [-9864, 3382]]]}, "type": "Feature", "properties": {"name": "Sevier County", "stateAbbrev": "UT", "state": "Utah", "fips": "041", "incits": "49041", "id": "US.UT.041", "population": 20852}}, {"geometry": {"type": "Polygon", "coordinates": [[[-9998, 3594], [-9889, 3595], [-9862, 3601], [-9842, 3574], [-9836, 3568], [-9834, 3548], [-9836, 3530], [-9832, 3522], [-9835, 3508], [-9849, 3499], [-9889, 3498], [-9999, 3499], [-9998, 3542], [-9998, 3594]]]}, "type": "Feature", "properties": {"name": "Tooele County", "stateAbbrev": "UT", "state": "Utah", "fips": "045", "incits": "49045", "id": "US.UT.045", "population": 60762}}, {"geometry": {"type": "Polygon", "coordinates": [[[-9834, 3548], [-9817, 3543], [-9798, 3553], [-9784, 3558], [-9783, 3545], [-9758, 3531], [-9751, 3522], [-9753, 3512], [-9739, 3502], [-9739, 3498], [-9722, 3498], [-9719, 3490], [-9753, 3491], [-9788, 3490], [-9804, 3501], [-9811, 3498], [-9817, 3490], [-9823, 3487], [-9827, 3503], [-9835, 3508], [-9832, 3522], [-9836, 3530], [-9834, 3548]]]}, "type": "Feature", "properties": {"name": "Utah County", "stateAbbrev": "UT", "state": "Utah", "fips": "049", "incits": "49049", "id": "US.UT.049", "population": 551891}}, {"geometry": {"type": "Polygon", "coordinates": [[[-9784, 3558], [-9780, 3560], [-9764, 3562], [-9744, 3555], [-9742, 3559], [-9729, 3559], [-9723, 3566], [-9722, 3498], [-9739, 3498], [-9739, 3502], [-9753, 3512], [-9751, 3522], [-9758, 3531], [-9783, 3545], [-9784, 3558]]]}, "type": "Feature", "properties": {"name": "Wasatch County", "stateAbbrev": "UT", "state": "Utah", "fips": "051", "incits": "49051", "id": "US.UT.051", "population": 26437}}, {"geometry": {"type": "Polygon", "coordinates": [[[-9999, 3297], [-9959, 3297], [-9949, 3298], [-9949, 3290], [-9929, 3290], [-9929, 3286], [-9910, 3285], [-9898, 3288], [-9898, 3244], [-9999, 3244], [-9999, 3297]]]}, "type": "Feature", "properties": {"name": "Washington County", "stateAbbrev": "UT", "state": "Utah", "fips": "053", "incits": "49053", "id": "US.UT.053", "population": 147800}}, {"geometry": {"type": "Polygon", "coordinates": [[[-9862, 3601], [-9840, 3624], [-9822, 3624], [-9809, 3632], [-9795, 3627], [-9790, 3632], [-9776, 3632], [-9768, 3626], [-9775, 3614], [-9784, 3615], [-9789, 3611], [-9799, 3614], [-9806, 3607], [-9836, 3608], [-9862, 3601]]]}, "type": "Feature", "properties": {"name": "Weber County", "stateAbbrev": "UT", "state": "Utah", "fips": "057", "incits": "49057", "id": "US.UT.057", "population": 238519}}], "ac-tx": {"default": {"crs": "wsg84", "scale": 87.67032893164773, "xoffset": 0, "yoffset": 0}}}