{"type":"Topology","arcs":[[[2608,2521],[-2,0],[-81,-10],[-34,-13],[-25,-24],[-27,-51],[-8,-29],[10,-26],[14,-11],[24,-13],[0,-27],[-4,-22],[-88,-134]],[[2387,2161],[-143,58],[-93,77],[-41,44],[-123,27],[-45,-1],[-151,-38],[-42,10],[-40,17],[-65,39],[-52,10],[-44,-1],[-75,-32],[-42,-45],[-10,-25],[-11,-42],[-47,-55],[-22,-44],[-56,-56],[-10,-36],[-3,-88],[-16,-67],[-6,-68],[1,-65],[-156,-45],[-113,-49],[-69,-16],[-194,-6],[-89,-25]],[[630,1639],[-1,14],[-26,37],[-30,2],[-29,-9],[-25,5],[-27,13],[-62,17],[-29,21],[2,15],[-10,86],[-6,29],[-105,188],[-30,39],[-57,32],[-48,7],[-46,20],[-47,71],[-27,78],[-6,74],[21,59],[53,32],[-43,36],[8,22],[9,14],[6,19],[0,36],[118,-12],[-41,57],[-99,68],[-53,23],[18,59],[157,239],[19,39],[11,32],[17,32],[35,41],[32,19],[66,14],[37,30],[50,85],[-18,35],[-31,34],[5,86],[28,33],[91,35],[33,31],[11,49],[0,58],[-5,71],[27,39],[66,50],[27,35],[12,42],[9,101],[16,39],[74,60],[167,72],[67,62],[36,89],[18,84],[38,57],[95,9],[69,49],[29,-28],[14,-59],[28,-46],[39,-17],[20,-8],[50,-7],[101,14],[39,22],[29,27],[35,4],[57,-49],[20,-57],[-6,-59],[10,-49],[67,-26],[-31,-90],[-22,-85],[-28,-174],[8,-4],[26,2],[11,-2],[-17,-20],[-42,-72],[49,-25],[29,-51],[28,-129],[-13,-69],[19,-50],[78,-105],[68,-174],[35,-54],[49,85],[77,-111],[147,-317],[71,-63],[152,-60],[65,-38],[22,-34],[18,-43]],[[2411,297],[-18,103],[-56,210],[-4,84],[31,52],[145,126],[35,16],[82,17],[11,37],[-8,30],[-23,24],[-25,20],[-17,22],[9,22],[18,20],[95,70],[-78,129],[-43,163],[-33,36],[-61,38],[-61,15],[-345,7],[205,291],[36,31],[58,32],[31,-5],[67,3],[53,145],[-10,18],[-25,25],[-21,12],[-72,71]],[[2608,2521],[27,-64],[5,-21],[36,-2],[67,36],[40,-1],[76,-42],[130,-110],[76,-43],[79,-19],[215,1],[139,-36],[18,-1],[24,-23],[-1,1],[-10,-9],[0,-52],[-7,-4],[-21,-135],[0,-44],[12,-27],[-1,-24],[-44,-35],[-3,-55],[11,-50],[21,-45],[33,-38],[-40,14],[-21,-10],[-15,-30],[31,-31],[9,-14],[-330,-192],[-70,-88],[8,-20],[29,-18],[27,-24],[5,-41],[-12,-28],[-34,-44],[-46,-84],[-117,-130],[-68,-95],[-25,-69],[0,-196],[-8,-59],[-29,-200],[14,-188],[0,-45],[-90,8],[-121,59],[-216,143]],[[2411,297],[-8,5],[-124,44],[-129,12],[-260,-25],[30,-57],[-128,-11],[-32,-11],[-24,-38],[0,-39],[-10,-34],[-55,-18],[-44,-60],[-66,-22],[-387,-20],[-79,-23],[-61,177],[-85,77],[0,0],[-287,62],[-114,48],[-79,66],[-141,170],[108,45],[104,98],[44,97],[-77,38],[51,42],[37,62],[58,143],[36,37],[45,37],[26,54],[-25,88],[-33,25],[-90,9],[-31,21],[-15,46],[6,22],[14,20],[2,40],[8,34],[22,22],[16,26],[-4,33]]],"transform":{"scale":[16.00427879586817,17.96490689469282],"translate":[47531.41568937181,56418.79858428145]},"objects":{"luxembourg":{"type":"GeometryCollection","geometries":[{"arcs":[[0,1,2]],"type":"Polygon","properties":{"labelrank":9,"code_hasc":"LU.DI","name":"Diekirch","admin":"Luxembourg","type_en":"District","region":"","woe_id":20070542,"longitude":6,"woe_name":"Diekirch","fips":"LU01","woe_label":"Diekirch, LU, Luxembourg","latitude":49,"iso_a2":"LU","postal":"DI","type":"District","id":"LU.DI"}},{"arcs":[[3,-1,4]],"type":"Polygon","properties":{"labelrank":9,"code_hasc":"LU.GR","name":"Grevenmacher","admin":"Luxembourg","type_en":"District","region":"","woe_id":20070559,"longitude":6,"woe_name":"Grevenmacher","fips":"LU02","woe_label":"Grevenmacher, LU, Luxembourg","latitude":49,"iso_a2":"LU","postal":"GR","type":"District","id":"LU.GR"}},{"arcs":[[-4,5,-2]],"type":"Polygon","properties":{"labelrank":9,"code_hasc":"LU.LU","name":"Luxembourg","admin":"Luxembourg","type_en":"District","region":"","woe_id":20070560,"longitude":6,"woe_name":"Luxembourg","fips":"LU03","woe_label":"Luxemburg, LU, Luxembourg","latitude":49,"iso_a2":"LU","postal":"LU","type":"District","id":"LU.LU"}}]}},"crs":{"type":"name","properties":{"name":"urn:ogc:def:crs:EPSG:2169"}},"ac-tx":{"default":{"crs":"+proj=tmerc +lat_0=49.83333333333334 +lon_0=6.166666666666667 +k=1 +x_0=80000 +y_0=100000 +ellps=intl +towgs84=-189.681,18.3463,-42.7695,-0.33746,-3.09264,2.53861,0.4598 +units=m +no_defs","scale":1}}}