{"type":"Topology","arcs":[[[1901,853],[-129,-178],[7,-56],[-33,10]],[[1746,629],[-30,16],[-61,-57]],[[1655,588],[-151,64],[-73,-17],[-146,29],[56,26]],[[1341,690],[26,12],[45,89],[-35,75],[54,105],[-20,35],[51,52],[109,44]],[[1571,1102],[225,-159],[44,0],[47,47],[40,-18],[-26,-119]],[[950,1121],[-143,-163],[-53,3],[-15,-23],[-10,-100],[46,-48],[-31,-39],[65,-64],[-5,-26],[-44,-24]],[[760,637],[-74,-25],[-145,95],[-30,42],[-37,-15],[-48,105],[-47,12]],[[379,851],[88,129],[-23,73],[-47,6],[-36,42],[21,12],[58,-30],[88,-4],[34,-66],[14,13],[-61,99],[52,56]],[[567,1181],[13,-33],[98,-31],[87,0],[77,59],[46,-10],[4,-38],[58,-7]],[[1341,690],[-40,50],[-116,58],[-35,-4]],[[1150,794],[-77,98],[26,58],[51,25],[19,39]],[[1169,1014],[54,-7],[67,27],[65,174]],[[1355,1208],[14,29],[82,31],[66,-14],[55,-101],[-1,-51]],[[1169,1014],[-79,35],[-69,-1],[-71,73]],[[567,1181],[-24,19],[-5,56],[39,31],[54,-5],[-5,52],[29,56],[-34,42],[29,94],[-47,22],[-61,-23],[-23,58],[-58,20]],[[461,1603],[0,25],[33,21],[11,90],[45,-20],[39,39],[169,-34],[5,-47],[26,-22],[0,-56],[145,-58],[112,-117],[51,3],[34,-37],[40,19],[35,-65],[34,-4],[66,-124],[49,-8]],[[1655,588],[1,-25],[-70,-21],[-46,-56],[-62,4],[-5,-45]],[[1473,445],[-34,-8],[9,-39],[-102,47],[-77,4],[-38,-62],[-59,49],[-145,20],[-31,90]],[[996,546],[16,30],[49,6],[-32,22],[32,35],[57,18],[3,113],[29,24]],[[393,1583],[-31,-44],[18,-80],[-108,-44],[-7,-57],[55,-41],[-130,-152],[-18,-46],[16,-138]],[[188,981],[-18,-52],[-170,124],[38,121],[37,14],[-5,31],[22,26],[-22,75],[63,76],[-6,67],[129,114],[57,83],[52,-5],[28,-72]],[[379,851],[-191,130]],[[393,1583],[50,-8],[18,28]],[[2276,669],[-6,-61],[-68,-89],[-16,-66],[-37,-28],[-73,9]],[[2076,434],[-91,40],[-28,88],[-55,16],[-99,-17],[-51,24],[-6,44]],[[1901,853],[62,-26],[70,15],[65,-18],[33,39],[18,-50],[51,-32],[41,-112],[35,0]],[[2450,714],[32,-100],[-19,-49],[-107,-113],[-10,-68],[73,-26],[-24,-29],[12,-59],[-78,-41],[22,-85],[-18,-50]],[[2333,94],[-52,21],[-68,-42],[-47,37],[-6,65],[-40,23],[-92,-45]],[[2028,153],[19,121],[33,63],[-2,44],[-26,25],[24,28]],[[2276,669],[22,18],[-19,66],[31,37],[26,-71],[80,-35],[34,30]],[[2028,153],[-61,-2],[-14,40],[-55,-4],[-80,71],[-72,9],[9,75],[-31,56],[-112,17],[-73,61],[-34,-35],[-32,4]],[[2627,714],[12,-109],[-30,-129],[23,-50],[-12,-89],[22,-91],[81,1],[-62,-83],[-22,-92]],[[2639,72],[-85,-52],[-161,80],[-60,-6]],[[2450,714],[11,60],[42,4],[31,-37],[93,-27]],[[2895,667],[-21,-56],[-26,-8],[-32,-135],[31,-36],[84,-33],[-93,-110],[75,-94],[2,-158]],[[2915,37],[-23,-17],[-67,19],[-38,-39],[-37,27],[-44,-4],[-29,77],[-38,-28]],[[2627,714],[68,-53],[79,18],[3,-23],[118,11]],[[2895,667],[28,4],[29,42],[127,-22],[-46,-160],[9,-78],[-20,-96],[76,-107],[9,-53],[-53,-171],[-56,39],[-83,-28]],[[996,546],[-103,-10],[-133,101]]],"transform":{"scale":[0.7727711618925008,0.7366325369738339],"translate":[1206,8704]},"objects":{"nepal":{"type":"GeometryCollection","geometries":[{"arcs":[[0,1,2,3,4]],"type":"Polygon","properties":{"labelrank":6,"code_hasc":"NP.PM","name":"Gandaki","admin":"Nepal","type_en":"District","region":"West","woe_id":23706802,"longitude":84,"woe_name":"Gandaki","fips":"NP04","woe_label":"","latitude":28,"iso_a2":"NP","postal":"PM","type":"Vikas Kshetra","id":"NP.PM"}},{"arcs":[[5,6,7,8]],"type":"Polygon","properties":{"labelrank":6,"code_hasc":"NP.MP","name":"Bheri","admin":"Nepal","type_en":"District","region":"Mid-Western","woe_id":23706800,"longitude":81,"woe_name":"Bheri","fips":"NP02","woe_label":"","latitude":28,"iso_a2":"NP","postal":"MP","type":"Vikas Kshetra","id":"NP.MP"}},{"arcs":[[-4,9,10,11,12]],"type":"Polygon","properties":{"labelrank":6,"code_hasc":"NP.PM","name":"Dhawalagiri","admin":"Nepal","type_en":"Administrative Zone","region":"West","woe_id":23706801,"longitude":83,"woe_name":"Dhawalagiri","fips":"NP03","woe_label":"","latitude":28,"iso_a2":"NP","postal":"PM","type":"Anchal","id":"NP.747"}},{"arcs":[[-12,13,-9,14,15]],"type":"Polygon","properties":{"labelrank":6,"code_hasc":"NP.MP","name":"Karnali","admin":"Nepal","type_en":"Administrative Zone","region":"Mid-Western","woe_id":23706804,"longitude":82,"woe_name":"Karnali","fips":"NP06","woe_label":"","latitude":29,"iso_a2":"NP","postal":"MP","type":"Anchal","id":"NP.748"}},{"arcs":[[-3,16,17,18,-10]],"type":"Polygon","properties":{"labelrank":6,"code_hasc":"NP.PM","name":"Lumbini","admin":"Nepal","type_en":"Administrative Zone","region":"West","woe_id":23706806,"longitude":83,"woe_name":"Lumbini","fips":"NP08","woe_label":"","latitude":27,"iso_a2":"NP","postal":"PM","type":"Anchal","id":"NP.749"}},{"arcs":[[19,20]],"type":"Polygon","properties":{"labelrank":6,"code_hasc":"NP.SP","name":"Mahakali","admin":"Nepal","type_en":"Administrative Zone","region":"Far-Western","woe_id":23706807,"longitude":80,"woe_name":"Mahakali","fips":"NP09","woe_label":"","latitude":29,"iso_a2":"NP","postal":"SP","type":"Anchal","id":"NP.SP"}},{"arcs":[[-8,21,-20,22,-15]],"type":"Polygon","properties":{"labelrank":6,"code_hasc":"NP.SP","name":"Seti","admin":"Nepal","type_en":"District","region":"Far-Western","woe_id":23706812,"longitude":81,"woe_name":"Seti","fips":"NP14","woe_label":"","latitude":29,"iso_a2":"NP","postal":"SP","type":"Vikas Kshetra","id":"NP.751"}},{"arcs":[[23,24,-1,25]],"type":"Polygon","properties":{"labelrank":6,"code_hasc":"NP.MM","name":"Bagmati","admin":"Nepal","type_en":"District","region":"Central","woe_id":23706799,"longitude":85,"woe_name":"Bagmati","fips":"NP01","woe_label":"","latitude":27,"iso_a2":"NP","postal":"MM","type":"Vikas Kshetra","id":"NP.MM"}},{"arcs":[[26,27,28,-24,29]],"type":"Polygon","properties":{"labelrank":6,"code_hasc":"NP.MM","name":"Janakpur","admin":"Nepal","type_en":"Administrative Zone","region":"Central","woe_id":23706803,"longitude":85,"woe_name":"Janakpur","fips":"NP05","woe_label":"","latitude":27,"iso_a2":"NP","postal":"MM","type":"Anchal","id":"NP.753"}},{"arcs":[[-25,-29,30,-17,-2]],"type":"Polygon","properties":{"labelrank":6,"code_hasc":"NP.MM","name":"Narayani","admin":"Nepal","type_en":"Administrative Zone","region":"Central","woe_id":23706809,"longitude":84,"woe_name":"Narayani","fips":"NP11","woe_label":"","latitude":27,"iso_a2":"NP","postal":"MM","type":"Anchal","id":"NP.754"}},{"arcs":[[31,32,-27,33]],"type":"Polygon","properties":{"labelrank":6,"code_hasc":"NP.PW","name":"Sagarmatha","admin":"Nepal","type_en":"Administrative Zone","region":"East","woe_id":23706811,"longitude":86,"woe_name":"Sagarmatha","fips":"NP13","woe_label":"","latitude":27,"iso_a2":"NP","postal":"PW","type":"Anchal","id":"NP.PW"}},{"arcs":[[34,35,-32,36]],"type":"Polygon","properties":{"labelrank":6,"code_hasc":"NP.PW","name":"Bhojpur","admin":"Nepal","type_en":"District","region":"East","woe_id":23706805,"longitude":87,"woe_name":"Kosi","fips":"NP07","woe_label":"","latitude":27,"iso_a2":"NP","postal":"PW","type":"Vikas Kshetra","id":"NP.756"}},{"arcs":[[-35,37]],"type":"Polygon","properties":{"labelrank":6,"code_hasc":"NP.PW","name":"Mechi","admin":"Nepal","type_en":"Administrative Zone","region":"East","woe_id":23706808,"longitude":87,"woe_name":"Mechi","fips":"NP10","woe_label":"","latitude":27,"iso_a2":"NP","postal":"PW","type":"Anchal","id":"NP.757"}},{"arcs":[[-11,-19,38,-6,-14]],"type":"Polygon","properties":{"labelrank":6,"code_hasc":"NP.MP","name":"Rapti","admin":"Nepal","type_en":"Administrative Zone","region":"Mid-Western","woe_id":23706810,"longitude":82,"woe_name":"Rapti","fips":"NP12","woe_label":"","latitude":28,"iso_a2":"NP","postal":"MP","type":"Anchal","id":"NP.354"}}]}},"crs":{"type":"name","properties":{"name":"urn:ogc:def:crs:EPSG:32644"}},"ac-tx":{"default":{"crs":"+proj=utm +zone=44 +datum=WGS84 +units=m +no_defs","scale":0.0029713446056888297}}}