{"crs": {"type": "name", "properties": {"name": "urn:ogc:def:crs:EPSG:24892"}}, "type": "FeatureCollection", "features": [{"geometry": {"type": "Polygon", "coordinates": [[[2871, 3622], [2869, 3615], [2838, 3620], [2853, 3646], [2855, 3658], [2855, 3659], [2870, 3648], [2873, 3636], [2871, 3622]]]}, "type": "Feature", "properties": {"labelrank": 9, "code_hasc": "PE.", "name": "Callao", "admin": "Peru", "type_en": "Departamento", "region": "", "woe_id": 2346474, "longitude": -77, "woe_name": "Callao", "fips": "", "woe_label": "Provincia Constitucional del Callao, PE, Peru", "latitude": -12, "iso_a2": "PE", "postal": "LR", "type": "Departamento", "id": "PE.3341"}}, {"geometry": {"type": "Polygon", "coordinates": [[[1619, 6837], [1744, 6813], [1702, 6753], [1722, 6704], [1614, 6633], [1624, 6556], [1683, 6484], [1775, 6445], [1694, 6361], [1678, 6296], [1601, 6320], [1496, 6214], [1328, 6436], [994, 6626], [1153, 6850], [1330, 6907], [1349, 6920], [1354, 6924], [1357, 6933], [1359, 6948], [1357, 7004], [1347, 7056], [1350, 7067], [1353, 7070], [1369, 7060], [1393, 7039], [1425, 7015], [1431, 7009], [1460, 6965], [1449, 6931], [1452, 6915], [1493, 6902], [1515, 6870], [1520, 6866], [1525, 6863], [1619, 6837]]]}, "type": "Feature", "properties": {"labelrank": 4, "code_hasc": "PE.LB", "name": "Lambayeque", "admin": "Peru", "type_en": "Department", "region": "", "woe_id": 2346481, "longitude": -79, "woe_name": "Lambayeque", "fips": "PE14", "woe_label": "Lambayeque, PE, Peru", "latitude": -6, "iso_a2": "PE", "postal": "LB", "type": "Departamento", "id": "PE.LB"}}, {"geometry": {"type": "Polygon", "coordinates": [[[1060, 7800], [1071, 7777], [1138, 7785], [1062, 7679], [1072, 7653], [1119, 7637], [1247, 7740], [1412, 7637], [1505, 7659], [1588, 7605], [1574, 7564], [1616, 7463], [1732, 7381], [1710, 7339], [1692, 7331], [1683, 7311], [1677, 7303], [1668, 7295], [1654, 7280], [1650, 7271], [1650, 7264], [1662, 7233], [1665, 7197], [1682, 7181], [1687, 7108], [1685, 7097], [1649, 7097], [1642, 7080], [1640, 7075], [1640, 7073], [1640, 7070], [1641, 7064], [1646, 7054], [1646, 7041], [1643, 7011], [1635, 6976], [1636, 6967], [1637, 6961], [1644, 6946], [1646, 6927], [1650, 6917], [1665, 6902], [1670, 6881], [1664, 6873], [1619, 6837], [1578, 6867], [1542, 6861], [1525, 6863], [1520, 6866], [1515, 6870], [1505, 6890], [1493, 6902], [1452, 6915], [1461, 6960], [1460, 6965], [1431, 7009], [1425, 7015], [1393, 7039], [1369, 7060], [1353, 7070], [1350, 7067], [1347, 7056], [1357, 7004], [1359, 6948], [1357, 6933], [1354, 6924], [1349, 6920], [1330, 6907], [1153, 6850], [994, 6626], [726, 6806], [715, 6886], [755, 6938], [827, 6905], [871, 7012], [830, 7110], [686, 7245], [705, 7317], [748, 7314], [758, 7345], [610, 7526], [614, 7634], [648, 7753], [755, 7844], [755, 7844], [756, 7843], [791, 7811], [801, 7805], [885, 7801], [954, 7777], [961, 7777], [963, 7777], [967, 7779], [982, 7796], [1048, 7855], [1048, 7855], [1060, 7800]]]}, "type": "Feature", "properties": {"labelrank": 7, "code_hasc": "PE.PI", "name": "Piura", "admin": "Peru", "type_en": "Department", "region": "", "woe_id": 2346487, "longitude": -80, "woe_name": "Piura", "fips": "PE20", "woe_label": "Piura, PE, Peru", "latitude": -5, "iso_a2": "PE", "postal": "PI", "type": "Departamento", "id": "PE.PI"}}, {"geometry": {"type": "Polygon", "coordinates": [[[1233, 7954], [1148, 7882], [1073, 7896], [1048, 7855], [1048, 7855], [982, 7796], [971, 7783], [967, 7779], [963, 7777], [961, 7777], [954, 7777], [885, 7801], [801, 7805], [791, 7811], [756, 7843], [755, 7844], [763, 7860], [791, 7903], [858, 7956], [890, 8027], [1034, 8152], [1115, 8167], [1138, 8212], [1178, 8195], [1233, 7954]]]}, "type": "Feature", "properties": {"labelrank": 7, "code_hasc": "PE.TU", "name": "Tumbes", "admin": "Peru", "type_en": "Department", "region": "", "woe_id": 2346491, "longitude": -80, "woe_name": "Tumbes", "fips": "PE24", "woe_label": "Tumbes, PE, Peru", "latitude": -3, "iso_a2": "PE", "postal": "TU", "type": "Departamento", "id": "PE.TU"}}, {"geometry": {"type": "Polygon", "coordinates": [[[4892, 2898], [4956, 2878], [5057, 2910], [5301, 2799], [5445, 2686], [5479, 2616], [5461, 2468], [5373, 2363], [5264, 2306], [5264, 2228], [5113, 2237], [5076, 2201], [4982, 2257], [4880, 2214], [4814, 2221], [4729, 2158], [4702, 2222], [4741, 2277], [4725, 2464], [4618, 2705], [4647, 2735], [4584, 2807], [4577, 2984], [4603, 3014], [4766, 2889], [4876, 2869], [4892, 2898]]]}, "type": "Feature", "properties": {"labelrank": 4, "code_hasc": "PE.AP", "name": "Apurímac", "admin": "Peru", "type_en": "Department", "region": "", "woe_id": 2346470, "longitude": -72, "woe_name": "Apurímac", "fips": "PE03", "woe_label": "ApurÃ­mac, PE, Peru", "latitude": -14, "iso_a2": "PE", "postal": "AP", "type": "Departamento", "id": "PE.AP"}}, {"geometry": {"type": "Polygon", "coordinates": [[[5264, 2228], [5308, 2146], [5431, 2160], [5472, 2114], [5513, 2225], [5613, 2117], [5589, 2020], [5683, 1988], [5762, 2008], [5768, 2037], [5866, 1982], [5916, 2004], [5934, 1927], [6009, 1863], [6014, 1745], [6069, 1678], [6051, 1622], [6093, 1513], [6031, 1263], [5904, 1247], [5850, 1181], [5849, 1122], [5776, 1066], [5832, 957], [5749, 814], [5431, 980], [5269, 1145], [5096, 1193], [4771, 1376], [4628, 1404], [4452, 1556], [3931, 1831], [3984, 1942], [4106, 2021], [4238, 1963], [4330, 1814], [4420, 1828], [4448, 1744], [4535, 1828], [4758, 1869], [4848, 1852], [4849, 1909], [4910, 1905], [4978, 1991], [4986, 2138], [5078, 2163], [5076, 2201], [5113, 2237], [5264, 2228]]]}, "type": "Feature", "properties": {"labelrank": 6, "code_hasc": "PE.AR", "name": "Arequipa", "admin": "Peru", "type_en": "Department", "region": "", "woe_id": 2346471, "longitude": -72, "woe_name": "Arequipa", "fips": "PE04", "woe_label": "Arequipa, PE, Peru", "latitude": -15, "iso_a2": "PE", "postal": "AR", "type": "Departamento", "id": "PE.AR"}}, {"geometry": {"type": "Polygon", "coordinates": [[[5448, 4010], [5357, 3795], [5347, 3654], [5447, 3583], [5480, 3492], [5548, 3461], [5607, 3231], [6040, 3065], [6282, 3037], [6276, 3094], [6387, 3084], [6358, 2917], [6208, 2681], [6137, 2663], [6138, 2520], [6093, 2353], [6046, 2336], [6039, 2267], [5967, 2221], [6036, 2151], [6036, 1887], [6009, 1863], [5934, 1927], [5916, 2004], [5866, 1982], [5768, 2037], [5762, 2008], [5683, 1988], [5589, 2020], [5613, 2117], [5513, 2225], [5472, 2114], [5431, 2160], [5308, 2146], [5264, 2228], [5264, 2306], [5373, 2363], [5461, 2468], [5479, 2616], [5445, 2686], [5301, 2799], [5057, 2910], [4956, 2878], [4892, 2898], [4716, 3075], [4721, 3142], [4663, 3288], [4565, 3387], [4512, 3508], [4681, 3551], [4762, 3782], [4660, 3844], [4733, 3901], [4791, 4011], [4970, 4031], [5024, 4075], [5067, 4006], [5240, 3951], [5388, 4021], [5448, 4010]]]}, "type": "Feature", "properties": {"labelrank": 6, "code_hasc": "PE.CS", "name": "Cusco", "admin": "Peru", "type_en": "Department", "region": "", "woe_id": 2346475, "longitude": -72, "woe_name": "Cusco", "fips": "PE08", "woe_label": "Cusco, PE, Peru", "latitude": -13, "iso_a2": "PE", "postal": "CS", "type": "Departamento", "id": "PE.CS"}}, {"geometry": {"type": "Polygon", "coordinates": [[[7108, 3062], [6766, 2903], [6387, 3084], [6276, 3094], [6282, 3037], [6040, 3065], [5607, 3231], [5548, 3461], [5480, 3492], [5447, 3583], [5347, 3654], [5357, 3795], [5448, 4010], [5501, 4139], [5475, 4208], [5647, 4184], [5964, 4333], [6129, 4474], [6174, 4643], [6269, 4719], [6258, 4158], [6316, 4196], [6365, 4142], [6443, 4126], [6620, 4200], [6819, 4178], [7268, 3340], [7209, 3279], [7222, 3230], [7107, 3149], [7108, 3062]]]}, "type": "Feature", "properties": {"labelrank": 4, "code_hasc": "PE.MD", "name": "Madre de Dios", "admin": "Peru", "type_en": "Department", "region": "", "woe_id": 2346484, "longitude": -70, "woe_name": "Madre de Dios", "fips": "PE17", "woe_label": "Madre de Dios, PE, Peru", "latitude": -11, "iso_a2": "PE", "postal": "MD", "type": "Departamento", "id": "PE.MD"}}, {"geometry": {"type": "Polygon", "coordinates": [[[7108, 3062], [7103, 2811], [7073, 2741], [7032, 2725], [7075, 2678], [7089, 2560], [7147, 2442], [7071, 2415], [7079, 2344], [6986, 2280], [6982, 2241], [6949, 2243], [6929, 2150], [6875, 2124], [6865, 2028], [6983, 1891], [6907, 1830], [6830, 1686], [6947, 1378], [7051, 1367], [7126, 1301], [7023, 1237], [7015, 1122], [6939, 1094], [6818, 920], [6705, 858], [6682, 804], [6504, 890], [6425, 1035], [6432, 1078], [6509, 1128], [6367, 1253], [6321, 1465], [6238, 1498], [6176, 1475], [6093, 1513], [6051, 1622], [6069, 1678], [6014, 1745], [6009, 1863], [6036, 1887], [6036, 2151], [5967, 2221], [6039, 2267], [6046, 2336], [6093, 2353], [6138, 2520], [6137, 2663], [6208, 2681], [6358, 2917], [6387, 3084], [6766, 2903], [7108, 3062]]]}, "type": "Feature", "properties": {"labelrank": 4, "code_hasc": "PE.CL", "name": "Callao", "admin": "Peru", "type_en": "Department", "region": "", "woe_id": 2346488, "longitude": -69, "woe_name": "Callao", "fips": "PE21", "woe_label": "Puno, PE, Peru", "latitude": -15, "iso_a2": "PE", "postal": "CL", "type": "Departamento", "id": "PE.CL"}}, {"geometry": {"type": "Polygon", "coordinates": [[[6425, 1035], [6393, 999], [6347, 1058], [6295, 1057], [6248, 909], [6148, 836], [6033, 649], [5902, 558], [5797, 611], [5793, 770], [5749, 814], [5832, 957], [5776, 1066], [5849, 1122], [5850, 1181], [5904, 1247], [6031, 1263], [6093, 1513], [6176, 1475], [6238, 1498], [6321, 1465], [6367, 1253], [6509, 1128], [6432, 1078], [6425, 1035]]]}, "type": "Feature", "properties": {"labelrank": 7, "code_hasc": "PE.MQ", "name": "Moquegua", "admin": "Peru", "type_en": "Department", "region": "", "woe_id": 2346485, "longitude": -70, "woe_name": "Moquegua", "fips": "PE18", "woe_label": "Moquegua, PE, Peru", "latitude": -16, "iso_a2": "PE", "postal": "MQ", "type": "Departamento", "id": "PE.MQ"}}, {"geometry": {"type": "Polygon", "coordinates": [[[6425, 1035], [6504, 890], [6682, 804], [6753, 758], [6757, 685], [6665, 608], [6580, 592], [6609, 437], [6508, 297], [6424, 263], [6291, 257], [5902, 558], [6033, 649], [6148, 836], [6248, 909], [6295, 1057], [6347, 1058], [6393, 999], [6425, 1035]]]}, "type": "Feature", "properties": {"labelrank": 7, "code_hasc": "PE.TA", "name": "Tacna", "admin": "Peru", "type_en": "Department", "region": "", "woe_id": 2346490, "longitude": -70, "woe_name": "Tacna", "fips": "PE23", "woe_label": "Tacna, PE, Peru", "latitude": -17, "iso_a2": "PE", "postal": "TA", "type": "Departamento", "id": "PE.TA"}}, {"geometry": {"type": "Polygon", "coordinates": [[[2753, 5494], [2822, 5329], [3062, 5157], [2886, 4840], [2931, 4687], [2975, 4656], [2961, 4566], [2847, 4514], [2822, 4443], [2668, 4322], [2618, 4322], [2611, 4409], [2531, 4440], [2571, 4491], [2558, 4523], [2516, 4522], [2499, 4425], [2459, 4397], [2304, 4656], [2279, 4824], [2204, 4918], [2180, 5052], [2120, 5101], [2135, 5143], [2103, 5146], [2106, 5114], [2075, 5150], [2102, 5176], [2055, 5263], [2093, 5358], [2262, 5426], [2332, 5610], [2448, 5742], [2581, 5771], [2595, 5708], [2667, 5645], [2753, 5494]]]}, "type": "Feature", "properties": {"labelrank": 4, "code_hasc": "PE.AN", "name": "Ancash", "admin": "Peru", "type_en": "Department", "region": "", "woe_id": 2346469, "longitude": -77, "woe_name": "Ancash", "fips": "PE02", "woe_label": "Ancash, PE, Peru", "latitude": -9, "iso_a2": "PE", "postal": "AN", "type": "Departamento", "id": "PE.AN"}}, {"geometry": {"type": "Polygon", "coordinates": [[[2396, 6298], [2523, 6058], [2436, 6036], [2424, 5950], [2326, 5951], [2238, 5898], [2189, 5959], [2066, 6003], [1915, 5990], [1858, 5931], [1800, 6056], [1660, 6124], [1678, 6296], [1694, 6361], [1775, 6445], [1683, 6484], [1624, 6556], [1614, 6633], [1722, 6704], [1702, 6753], [1744, 6813], [1619, 6837], [1664, 6873], [1670, 6881], [1665, 6902], [1651, 6915], [1650, 6917], [1648, 6921], [1646, 6927], [1644, 6946], [1637, 6961], [1636, 6967], [1635, 6976], [1643, 7011], [1646, 7041], [1640, 7070], [1640, 7073], [1640, 7075], [1642, 7080], [1649, 7097], [1685, 7097], [1687, 7108], [1682, 7181], [1665, 7197], [1650, 7264], [1650, 7271], [1654, 7280], [1668, 7295], [1677, 7303], [1683, 7311], [1692, 7331], [1710, 7339], [1732, 7381], [1838, 7370], [1909, 7446], [1909, 7525], [2010, 7584], [2081, 7383], [2043, 7286], [2066, 7098], [1992, 6999], [1979, 6922], [2061, 6802], [2151, 6755], [2205, 6649], [2321, 6557], [2383, 6432], [2396, 6298]]]}, "type": "Feature", "properties": {"labelrank": 7, "code_hasc": "PE.CJ", "name": "Cajamarca", "admin": "Peru", "type_en": "Department", "region": "", "woe_id": 2346473, "longitude": -78, "woe_name": "Cajamarca", "fips": "PE06", "woe_label": "Cajamarca, PE, Peru", "latitude": -6, "iso_a2": "PE", "postal": "CJ", "type": "Departamento", "id": "PE.CJ"}}, {"geometry": {"type": "Polygon", "coordinates": [[[3475, 5477], [3464, 5436], [3564, 5125], [3652, 5033], [3821, 5126], [3995, 5368], [4119, 5443], [4216, 5436], [4236, 5386], [4181, 5341], [4124, 5059], [4219, 4903], [4100, 4848], [3906, 4837], [3790, 4784], [3583, 4760], [3539, 4679], [3571, 4544], [3479, 4493], [3326, 4527], [3267, 4577], [3181, 4580], [3057, 4483], [2961, 4566], [2975, 4656], [2931, 4687], [2886, 4840], [3062, 5157], [2822, 5329], [2753, 5494], [2904, 5513], [2926, 5458], [2970, 5454], [2999, 5483], [3245, 5464], [3285, 5577], [3373, 5392], [3475, 5477]]]}, "type": "Feature", "properties": {"labelrank": 7, "code_hasc": "PE.HC", "name": "Huánuco", "admin": "Peru", "type_en": "Department", "region": "", "woe_id": 2346477, "longitude": -75, "woe_name": "Huánuco", "fips": "PE10", "woe_label": "HuÃ¡nuco, PE, Peru", "latitude": -9, "iso_a2": "PE", "postal": "HC", "type": "Departamento", "id": "PE.HC"}}, {"geometry": {"type": "Polygon", "coordinates": [[[1678, 6296], [1660, 6124], [1800, 6056], [1858, 5931], [1915, 5990], [2066, 6003], [2189, 5959], [2238, 5898], [2326, 5951], [2424, 5950], [2436, 6036], [2523, 6058], [2396, 6298], [2528, 6309], [2603, 6203], [2608, 6093], [2684, 6003], [2670, 5924], [2711, 5771], [2739, 5736], [2935, 5687], [2972, 5638], [2999, 5483], [2970, 5454], [2926, 5458], [2904, 5513], [2753, 5494], [2667, 5645], [2595, 5708], [2581, 5771], [2448, 5742], [2332, 5610], [2262, 5426], [2093, 5358], [2055, 5263], [1993, 5362], [1995, 5451], [1899, 5541], [1919, 5573], [1874, 5657], [1618, 5921], [1634, 5943], [1496, 6214], [1601, 6320], [1678, 6296]]]}, "type": "Feature", "properties": {"labelrank": 4, "code_hasc": "PE.LL", "name": "La Libertad", "admin": "Peru", "type_en": "Department", "region": "", "woe_id": 2346480, "longitude": -78, "woe_name": "La Libertad", "fips": "PE13", "woe_label": "La Libertad, PE, Peru", "latitude": -8, "iso_a2": "PE", "postal": "LL", "type": "Departamento", "id": "PE.LL"}}, {"geometry": {"type": "Polygon", "coordinates": [[[4231, 4267], [4089, 4281], [3951, 4356], [3579, 4250], [3426, 4269], [3358, 4231], [3307, 4239], [3304, 4145], [3195, 4137], [3057, 4483], [3181, 4580], [3267, 4577], [3326, 4527], [3479, 4493], [3571, 4544], [3539, 4679], [3583, 4760], [3790, 4784], [3906, 4837], [4100, 4848], [4219, 4903], [4310, 4656], [4304, 4558], [4342, 4453], [4411, 4408], [4231, 4267]]]}, "type": "Feature", "properties": {"labelrank": 7, "code_hasc": "PE.PA", "name": "Pasco", "admin": "Peru", "type_en": "Department", "region": "", "woe_id": 2346486, "longitude": -75, "woe_name": "Pasco", "fips": "PE19", "woe_label": "Pasco, PE, Peru", "latitude": -10, "iso_a2": "PE", "postal": "PA", "type": "Departamento", "id": "PE.PA"}}, {"geometry": {"type": "Polygon", "coordinates": [[[3475, 5477], [3373, 5392], [3285, 5577], [3245, 5464], [2999, 5483], [2972, 5638], [2935, 5687], [2739, 5736], [2711, 5771], [2670, 5924], [2684, 6003], [2608, 6093], [2603, 6203], [2528, 6309], [2507, 6348], [2541, 6524], [2720, 6519], [2834, 6657], [2785, 6772], [2626, 6831], [2540, 6982], [2539, 7107], [2580, 7162], [2811, 7009], [2981, 6981], [3103, 6817], [3283, 6879], [3386, 6781], [3626, 6759], [3727, 6675], [3718, 6471], [3660, 6347], [3624, 6342], [3559, 6416], [3485, 6438], [3444, 6422], [3392, 6311], [3408, 6076], [3568, 5699], [3475, 5477]]]}, "type": "Feature", "properties": {"labelrank": 4, "code_hasc": "PE.SM", "name": "San Martín", "admin": "Peru", "type_en": "Department", "region": "", "woe_id": 2346489, "longitude": -76, "woe_name": "San Martín", "fips": "PE22", "woe_label": "San Martin, PE, Peru", "latitude": -7, "iso_a2": "PE", "postal": "SM", "type": "Departamento", "id": "PE.SM"}}, {"geometry": {"type": "Polygon", "coordinates": [[[4516, 6025], [4502, 6008], [4659, 5887], [4620, 5806], [4682, 5767], [4748, 5584], [4845, 5519], [4847, 5456], [4940, 5391], [5043, 5250], [5045, 5170], [4916, 5026], [5127, 5023], [5390, 4956], [5414, 4834], [5467, 4772], [5449, 4704], [5921, 4705], [6334, 4997], [6312, 4926], [6280, 4927], [6323, 4850], [6276, 4796], [6269, 4719], [6174, 4643], [6129, 4474], [5964, 4333], [5647, 4184], [5475, 4208], [5501, 4139], [5448, 4010], [5388, 4021], [5240, 3951], [5067, 4006], [5024, 4075], [4970, 4031], [4791, 4011], [4751, 4080], [4761, 4185], [4685, 4296], [4624, 4313], [4535, 4201], [4295, 4160], [4249, 4192], [4231, 4267], [4411, 4408], [4342, 4453], [4304, 4558], [4310, 4656], [4219, 4903], [4124, 5059], [4181, 5341], [4236, 5386], [4216, 5436], [4119, 5443], [3995, 5368], [3821, 5126], [3652, 5033], [3564, 5125], [3464, 5436], [3648, 5574], [3758, 5528], [3711, 5644], [3794, 5722], [3906, 5722], [4198, 5825], [4197, 6133], [4516, 6025]]]}, "type": "Feature", "properties": {"labelrank": 4, "code_hasc": "PE.UC", "name": "Ucayali", "admin": "Peru", "type_en": "Department", "region": "", "woe_id": 2346492, "longitude": -73, "woe_name": "Ucayali", "fips": "PE25", "woe_label": "Ucayali, PE, Peru", "latitude": -9, "iso_a2": "PE", "postal": "UC", "type": "Departamento", "id": "PE.UC"}}, {"geometry": {"type": "Polygon", "coordinates": [[[2580, 7162], [2539, 7107], [2540, 6982], [2626, 6831], [2785, 6772], [2834, 6657], [2720, 6519], [2541, 6524], [2507, 6348], [2528, 6309], [2396, 6298], [2383, 6432], [2321, 6557], [2205, 6649], [2151, 6755], [2061, 6802], [1979, 6922], [1992, 6999], [2066, 7098], [2043, 7286], [2081, 7383], [2010, 7584], [2087, 7905], [2166, 8015], [2193, 8208], [2242, 8213], [2265, 8156], [2299, 8172], [2281, 8232], [2486, 8442], [2634, 7884], [2611, 7663], [2506, 7445], [2580, 7162]]]}, "type": "Feature", "properties": {"labelrank": 4, "code_hasc": "PE.AM", "name": "Amazonas", "admin": "Peru", "type_en": "Department", "region": "", "woe_id": 2346468, "longitude": -77, "woe_name": "Amazonas", "fips": "PE01", "woe_label": "Amazonas, PE, Peru", "latitude": -5, "iso_a2": "PE", "postal": "AM", "type": "Departamento", "id": "PE.AM"}}, {"geometry": {"type": "Polygon", "coordinates": [[[4516, 6025], [4197, 6133], [4198, 5825], [3906, 5722], [3794, 5722], [3711, 5644], [3758, 5528], [3648, 5574], [3464, 5436], [3475, 5477], [3568, 5699], [3408, 6076], [3392, 6311], [3444, 6422], [3485, 6438], [3559, 6416], [3624, 6342], [3660, 6347], [3718, 6471], [3727, 6675], [3626, 6759], [3386, 6781], [3283, 6879], [3103, 6817], [2981, 6981], [2811, 7009], [2580, 7162], [2506, 7445], [2611, 7663], [2634, 7884], [2486, 8442], [3086, 8652], [3402, 8887], [3678, 9200], [3767, 9530], [3797, 9498], [3862, 9501], [3825, 9619], [3844, 9727], [3767, 9780], [3725, 9883], [3653, 9919], [3643, 9955], [3800, 9935], [3873, 9999], [4019, 9903], [4077, 9924], [4114, 9867], [4095, 9849], [4174, 9834], [4294, 9727], [4374, 9499], [4475, 9489], [4593, 9373], [4647, 9387], [4710, 9349], [4784, 9231], [4766, 9127], [4862, 9065], [4912, 9091], [4946, 9066], [4990, 8915], [4944, 8841], [5083, 8728], [5191, 8759], [5202, 8730], [5239, 8776], [5381, 8714], [5488, 8735], [5550, 8783], [5610, 8781], [5718, 8882], [5726, 8852], [5829, 8834], [5851, 8785], [5873, 8816], [5892, 8752], [6101, 8811], [6106, 8847], [6168, 8839], [6274, 8776], [6305, 8711], [6342, 8735], [6413, 8685], [6460, 8691], [6456, 8653], [6505, 8659], [6571, 8594], [6600, 8613], [6624, 8569], [6255, 8003], [6385, 7951], [6481, 7977], [6546, 7870], [6650, 7788], [6651, 7717], [6618, 7705], [6572, 7746], [6536, 7703], [6477, 7754], [6470, 7810], [6370, 7790], [6353, 7812], [6333, 7783], [6301, 7825], [6202, 7792], [6128, 7683], [5970, 7690], [5917, 7645], [5627, 7616], [5371, 7471], [5233, 7330], [5087, 7293], [5055, 7017], [4917, 6792], [4962, 6581], [4636, 6364], [4608, 6250], [4660, 6143], [4517, 6116], [4537, 6067], [4516, 6025]]]}, "type": "Feature", "properties": {"labelrank": 4, "code_hasc": "PE.LO", "name": "Loreto", "admin": "Peru", "type_en": "Department", "region": "", "woe_id": 2346483, "longitude": -73, "woe_name": "Loreto", "fips": "PE16", "woe_label": "Loreto, PE, Peru", "latitude": -4, "iso_a2": "PE", "postal": "LO", "type": "Departamento", "id": "PE.LO"}}, {"geometry": {"type": "Polygon", "coordinates": [[[4512, 3508], [4565, 3387], [4663, 3288], [4721, 3142], [4716, 3075], [4892, 2898], [4876, 2869], [4766, 2889], [4603, 3014], [4577, 2984], [4584, 2807], [4647, 2735], [4618, 2705], [4725, 2464], [4741, 2277], [4702, 2222], [4729, 2158], [4814, 2221], [4880, 2214], [4982, 2257], [5076, 2201], [5078, 2163], [4986, 2138], [4978, 1991], [4910, 1905], [4849, 1909], [4848, 1852], [4758, 1869], [4535, 1828], [4448, 1744], [4420, 1828], [4330, 1814], [4238, 1963], [4106, 2021], [4123, 2067], [4124, 2075], [4125, 2093], [4123, 2112], [4094, 2163], [4089, 2179], [4083, 2211], [4049, 2239], [4045, 2247], [4044, 2254], [4048, 2268], [4046, 2273], [4042, 2277], [4038, 2281], [4033, 2286], [4023, 2300], [4018, 2304], [4013, 2306], [4007, 2306], [4002, 2304], [3998, 2301], [3985, 2284], [3982, 2281], [3977, 2278], [3941, 2273], [3939, 2277], [3931, 2313], [3942, 2334], [3942, 2339], [3941, 2346], [3933, 2359], [3929, 2363], [3907, 2378], [3903, 2382], [3899, 2388], [3902, 2398], [3907, 2406], [3913, 2414], [3932, 2451], [3935, 2461], [3933, 2471], [3923, 2492], [3925, 2509], [3927, 2514], [3933, 2523], [4105, 2587], [4073, 2821], [4006, 2893], [4021, 2942], [4083, 2962], [4154, 2921], [4175, 2945], [4135, 2979], [4189, 3027], [4275, 3036], [4285, 3117], [4343, 3104], [4313, 3175], [4317, 3332], [4203, 3450], [4291, 3579], [4379, 3497], [4512, 3508]]]}, "type": "Feature", "properties": {"labelrank": 7, "code_hasc": "PE.AY", "name": "Ayacucho", "admin": "Peru", "type_en": "Department", "region": "", "woe_id": 2346472, "longitude": -73, "woe_name": "Ayacucho", "fips": "PE09", "woe_label": "Ayacucho, PE, Peru", "latitude": -13, "iso_a2": "PE", "postal": "AY", "type": "Departamento", "id": "PE.AY"}}, {"geometry": {"type": "Polygon", "coordinates": [[[3034, 3389], [3038, 3457], [2920, 3539], [2869, 3615], [2871, 3622], [2873, 3636], [2870, 3648], [2855, 3659], [2855, 3659], [2852, 3694], [2831, 3751], [2825, 3827], [2886, 3894], [2940, 3801], [3003, 3800], [2952, 3748], [2964, 3681], [3046, 3733], [3085, 3695], [3058, 3645], [3096, 3615], [3068, 3605], [3114, 3531], [3034, 3389]]]}, "type": "Feature", "properties": {"labelrank": 9, "code_hasc": "PE.LR", "name": "Lima Province", "admin": "Peru", "type_en": "Captial District", "region": "", "woe_id": 28358302, "longitude": -76, "woe_name": "Lima Province", "fips": "", "woe_label": "Lima Metropolitan Area, PE, Peru", "latitude": -12, "iso_a2": "PE", "postal": "", "type": "Distrito Capital", "id": "PE.LR"}}, {"geometry": {"type": "Polygon", "coordinates": [[[4291, 3579], [4203, 3450], [4317, 3332], [4313, 3175], [4343, 3104], [4285, 3117], [4275, 3036], [4189, 3027], [4135, 2979], [4175, 2945], [4154, 2921], [4083, 2962], [4021, 2942], [4006, 2893], [4073, 2821], [4105, 2587], [3933, 2523], [3923, 2537], [3912, 2546], [3903, 2551], [3896, 2553], [3889, 2555], [3859, 2559], [3836, 2584], [3808, 2604], [3799, 2613], [3687, 2664], [3677, 2726], [3685, 2820], [3703, 2845], [3718, 2882], [3715, 2888], [3631, 2913], [3574, 2912], [3559, 2915], [3556, 2919], [3553, 2923], [3604, 3015], [3606, 3026], [3606, 3035], [3599, 3071], [3600, 3079], [3607, 3088], [3626, 3097], [3632, 3101], [3637, 3107], [3642, 3119], [3645, 3125], [3645, 3129], [3645, 3131], [3644, 3134], [3640, 3139], [3727, 3295], [3811, 3406], [3906, 3460], [3885, 3503], [3939, 3558], [3908, 3631], [3940, 3670], [3995, 3634], [4174, 3660], [4291, 3579]]]}, "type": "Feature", "properties": {"labelrank": 7, "code_hasc": "PE.HV", "name": "Huancavelica", "admin": "Peru", "type_en": "Department", "region": "", "woe_id": 2346476, "longitude": -75, "woe_name": "Huancavelica", "fips": "PE09", "woe_label": "Huancavelica, PE, Peru", "latitude": -13, "iso_a2": "PE", "postal": "HV", "type": "Departamento", "id": "PE.HV"}}, {"geometry": {"type": "Polygon", "coordinates": [[[3642, 3119], [3637, 3107], [3632, 3101], [3626, 3097], [3607, 3088], [3600, 3079], [3599, 3071], [3606, 3042], [3606, 3035], [3606, 3026], [3604, 3015], [3578, 2993], [3573, 2968], [3556, 2940], [3553, 2929], [3553, 2923], [3556, 2919], [3559, 2915], [3574, 2912], [3631, 2913], [3715, 2888], [3718, 2882], [3703, 2845], [3685, 2820], [3687, 2664], [3799, 2613], [3808, 2604], [3836, 2584], [3859, 2559], [3874, 2556], [3889, 2555], [3896, 2553], [3903, 2551], [3912, 2546], [3923, 2537], [3933, 2523], [3935, 2461], [3932, 2451], [3913, 2414], [3907, 2406], [3902, 2398], [3899, 2388], [3903, 2382], [3907, 2378], [3929, 2363], [3933, 2359], [3941, 2346], [3942, 2339], [3942, 2334], [3931, 2313], [3937, 2290], [3939, 2277], [3941, 2273], [3945, 2272], [3977, 2278], [3982, 2281], [3985, 2284], [3998, 2301], [4002, 2304], [4007, 2306], [4013, 2306], [4018, 2304], [4023, 2300], [4033, 2286], [4038, 2281], [4042, 2277], [4046, 2273], [4048, 2268], [4045, 2247], [4049, 2239], [4083, 2211], [4088, 2195], [4089, 2179], [4094, 2163], [4123, 2112], [4125, 2093], [4124, 2075], [4123, 2067], [4106, 2021], [3984, 1942], [3925, 1837], [3867, 1873], [3886, 1893], [3829, 1937], [3844, 1955], [3771, 1998], [3704, 2113], [3486, 2256], [3460, 2355], [3381, 2409], [3373, 2481], [3300, 2511], [3299, 2652], [3246, 2648], [3263, 2705], [3319, 2679], [3356, 2844], [3321, 2960], [3345, 2977], [3377, 3031], [3451, 3092], [3460, 3104], [3467, 3121], [3475, 3130], [3556, 3114], [3640, 3139], [3644, 3134], [3645, 3131], [3645, 3129], [3645, 3125], [3642, 3119]]]}, "type": "Feature", "properties": {"labelrank": 7, "code_hasc": "PE.IC", "name": "Ica", "admin": "Peru", "type_en": "Department", "region": "", "woe_id": 2346478, "longitude": -75, "woe_name": "Ica", "fips": "PE11", "woe_label": "Ica, PE, Peru", "latitude": -14, "iso_a2": "PE", "postal": "IC", "type": "Departamento", "id": "PE.IC"}}, {"geometry": {"type": "Polygon", "coordinates": [[[4231, 4267], [4249, 4192], [4295, 4160], [4535, 4201], [4624, 4313], [4685, 4296], [4761, 4185], [4751, 4080], [4791, 4011], [4733, 3901], [4660, 3844], [4762, 3782], [4681, 3551], [4512, 3508], [4379, 3497], [4291, 3579], [4174, 3660], [3995, 3634], [3940, 3670], [3908, 3631], [3939, 3558], [3885, 3503], [3906, 3460], [3811, 3406], [3727, 3295], [3672, 3337], [3691, 3438], [3637, 3597], [3508, 3665], [3431, 3664], [3343, 3791], [3331, 3879], [3266, 3903], [3201, 4023], [3195, 4137], [3304, 4145], [3307, 4239], [3358, 4231], [3426, 4269], [3579, 4250], [3951, 4356], [4089, 4281], [4231, 4267]]]}, "type": "Feature", "properties": {"labelrank": 4, "code_hasc": "PE.JU", "name": "Junín", "admin": "Peru", "type_en": "Department", "region": "", "woe_id": 2346479, "longitude": -74, "woe_name": "Junín", "fips": "PE12", "woe_label": "JunÃ­n, PE, Peru", "latitude": -11, "iso_a2": "PE", "postal": "JU", "type": "Departamento", "id": "PE.JU"}}, {"geometry": {"type": "Polygon", "coordinates": [[[3057, 4483], [3195, 4137], [3201, 4023], [3266, 3903], [3331, 3879], [3343, 3791], [3431, 3664], [3508, 3665], [3637, 3597], [3691, 3438], [3672, 3337], [3727, 3295], [3640, 3139], [3475, 3130], [3467, 3121], [3460, 3104], [3451, 3092], [3377, 3031], [3321, 2960], [3034, 3389], [3114, 3531], [3068, 3605], [3096, 3615], [3058, 3645], [3085, 3695], [3046, 3733], [2964, 3681], [2952, 3748], [3003, 3800], [2940, 3801], [2886, 3894], [2825, 3827], [2760, 3926], [2589, 4032], [2616, 4099], [2579, 4215], [2459, 4397], [2499, 4425], [2516, 4522], [2558, 4523], [2571, 4491], [2531, 4440], [2611, 4409], [2618, 4322], [2668, 4322], [2822, 4443], [2847, 4514], [2961, 4566], [3057, 4483]]]}, "type": "Feature", "properties": {"labelrank": 4, "code_hasc": "PE.LR", "name": "Lima", "admin": "Peru", "type_en": "Department", "region": "", "woe_id": 2346482, "longitude": -77, "woe_name": "Lima", "fips": "PE15", "woe_label": "Lima, PE, Peru", "latitude": -11, "iso_a2": "PE", "postal": "LR", "type": "Departamento", "id": "PE.148"}}], "ac-tx": {"default": {"crs": "+proj=tmerc +lat_0=-9.5 +lon_0=-76 +k=0.99932994 +x_0=720000 +y_0=1039979.159 +ellps=intl +towgs84=-288,175,-376,0,0,0,0 +units=m +no_defs", "scale": 0.004791951667948583}}}