{"crs": {"type": "name", "properties": {"name": "urn:ogc:def:crs:EPSG:4326"}}, "type": "FeatureCollection", "features": [{"geometry": {"type": "Polygon", "coordinates": [[[-9691, 5110], [-9673, 5123], [-9673, 5113], [-9660, 5114], [-9654, 5105], [-9639, 5103], [-9625, 5087], [-9604, 5090], [-9580, 5097], [-9596, 5080], [-9607, 5072], [-9635, 5062], [-9643, 5060], [-9646, 5058], [-9664, 5059], [-9679, 5053], [-9700, 5059], [-9731, 5058], [-9733, 5061], [-9706, 5087], [-9693, 5092], [-9700, 5106], [-9691, 5110]]]}, "type": "Feature", "properties": {"name": "Centre County", "stateAbbrev": "PA", "state": "Pennsylvania", "fips": "027", "incits": "42027", "id": "US.PA.027", "population": 155403}}, {"geometry": {"type": "Polygon", "coordinates": [[[-9697, 5118], [-9685, 5137], [-9684, 5150], [-9636, 5151], [-9629, 5137], [-9617, 5127], [-9602, 5119], [-9582, 5100], [-9579, 5100], [-9580, 5097], [-9604, 5090], [-9625, 5087], [-9639, 5103], [-9654, 5105], [-9660, 5114], [-9673, 5113], [-9673, 5123], [-9691, 5110], [-9697, 5118]]]}, "type": "Feature", "properties": {"name": "Clinton County", "stateAbbrev": "PA", "state": "Pennsylvania", "fips": "035", "incits": "42035", "id": "US.PA.035", "population": 39954}}, {"geometry": {"type": "Polygon", "coordinates": [[[-9607, 5072], [-9596, 5080], [-9580, 5097], [-9579, 5100], [-9559, 5102], [-9549, 5109], [-9544, 5097], [-9547, 5088], [-9539, 5078], [-9544, 5078], [-9569, 5075], [-9606, 5067], [-9607, 5072]]]}, "type": "Feature", "properties": {"name": "Union County", "stateAbbrev": "PA", "state": "Pennsylvania", "fips": "119", "incits": "42119", "id": "US.PA.119", "population": 44867}}, {"geometry": {"type": "Polygon", "coordinates": [[[-9774, 5117], [-9766, 5123], [-9715, 5120], [-9697, 5118], [-9691, 5110], [-9700, 5106], [-9693, 5092], [-9706, 5087], [-9733, 5061], [-9731, 5058], [-9730, 5057], [-9785, 5058], [-9786, 5080], [-9786, 5108], [-9774, 5117]]]}, "type": "Feature", "properties": {"name": "Clearfield County", "stateAbbrev": "PA", "state": "Pennsylvania", "fips": "033", "incits": "42033", "id": "US.PA.033", "population": 81174}}, {"geometry": {"type": "Polygon", "coordinates": [[[-9763, 5008], [-9755, 5013], [-9753, 5030], [-9745, 5036], [-9730, 5057], [-9731, 5058], [-9700, 5059], [-9713, 5052], [-9707, 5044], [-9710, 5037], [-9702, 5026], [-9718, 5004], [-9722, 4998], [-9740, 5005], [-9749, 5003], [-9763, 5008]]]}, "type": "Feature", "properties": {"name": "Blair County", "stateAbbrev": "PA", "state": "Pennsylvania", "fips": "013", "incits": "42013", "id": "US.PA.013", "population": 126314}}, {"geometry": {"type": "Polygon", "coordinates": [[[-9718, 5004], [-9702, 5026], [-9710, 5037], [-9707, 5044], [-9713, 5052], [-9700, 5059], [-9679, 5053], [-9664, 5059], [-9646, 5058], [-9651, 5049], [-9666, 5035], [-9663, 5029], [-9673, 5019], [-9669, 5013], [-9655, 5014], [-9649, 5000], [-9660, 4988], [-9669, 4975], [-9676, 4980], [-9696, 4984], [-9703, 4988], [-9716, 4995], [-9718, 5004]]]}, "type": "Feature", "properties": {"name": "Huntingdon County", "stateAbbrev": "PA", "state": "Pennsylvania", "fips": "061", "incits": "42061", "id": "US.PA.061", "population": 45694}}, {"geometry": {"type": "Polygon", "coordinates": [[[-9646, 5058], [-9643, 5060], [-9635, 5062], [-9607, 5072], [-9606, 5067], [-9606, 5054], [-9598, 5053], [-9624, 5043], [-9623, 5040], [-9655, 5014], [-9669, 5013], [-9673, 5019], [-9663, 5029], [-9666, 5035], [-9651, 5049], [-9646, 5058]]]}, "type": "Feature", "properties": {"name": "Mifflin County", "stateAbbrev": "PA", "state": "Pennsylvania", "fips": "087", "incits": "42087", "id": "US.PA.087", "population": 46616}}, {"geometry": {"type": "Polygon", "coordinates": [[[-9817, 5003], [-9807, 5016], [-9785, 5058], [-9730, 5057], [-9745, 5036], [-9753, 5030], [-9755, 5013], [-9763, 5008], [-9768, 4997], [-9796, 4998], [-9801, 5003], [-9817, 5003]]]}, "type": "Feature", "properties": {"name": "Cambria County", "stateAbbrev": "PA", "state": "Pennsylvania", "fips": "021", "incits": "42021", "id": "US.PA.021", "population": 140499}}, {"geometry": {"type": "Polygon", "coordinates": [[[-9738, 5166], [-9711, 5168], [-9692, 5151], [-9684, 5150], [-9685, 5137], [-9697, 5118], [-9715, 5120], [-9718, 5142], [-9738, 5142], [-9738, 5166]]]}, "type": "Feature", "properties": {"name": "Cameron County", "stateAbbrev": "PA", "state": "Pennsylvania", "fips": "023", "incits": "42023", "id": "US.PA.023", "population": 4886}}, {"geometry": {"type": "Polygon", "coordinates": [[[-9822, 5134], [-9822, 5144], [-9807, 5147], [-9805, 5169], [-9746, 5170], [-9738, 5166], [-9738, 5142], [-9718, 5142], [-9715, 5120], [-9766, 5123], [-9774, 5117], [-9778, 5124], [-9808, 5137], [-9822, 5134]]]}, "type": "Feature", "properties": {"name": "Elk County", "stateAbbrev": "PA", "state": "Pennsylvania", "fips": "047", "incits": "42047", "id": "US.PA.047", "population": 31479}}, {"geometry": {"type": "Polygon", "coordinates": [[[-9606, 5067], [-9569, 5075], [-9544, 5078], [-9539, 5078], [-9546, 5053], [-9554, 5046], [-9568, 5051], [-9598, 5053], [-9606, 5054], [-9606, 5067]]]}, "type": "Feature", "properties": {"name": "Snyder County", "stateAbbrev": "PA", "state": "Pennsylvania", "fips": "109", "incits": "42109", "id": "US.PA.109", "population": 39865}}, {"geometry": {"type": "Polygon", "coordinates": [[[-9636, 5159], [-9557, 5160], [-9547, 5165], [-9540, 5165], [-9539, 5165], [-9531, 5142], [-9512, 5129], [-9493, 5126], [-9511, 5111], [-9517, 5111], [-9529, 5113], [-9549, 5109], [-9559, 5102], [-9579, 5100], [-9582, 5100], [-9602, 5119], [-9617, 5127], [-9629, 5137], [-9636, 5151], [-9636, 5159]]]}, "type": "Feature", "properties": {"name": "Lycoming County", "stateAbbrev": "PA", "state": "Pennsylvania", "fips": "081", "incits": "42081", "id": "US.PA.081", "population": 116754}}, {"geometry": {"type": "Polygon", "coordinates": [[[-9655, 5014], [-9623, 5040], [-9624, 5043], [-9598, 5053], [-9568, 5051], [-9554, 5046], [-9556, 5045], [-9582, 5040], [-9596, 5032], [-9624, 5020], [-9645, 5003], [-9649, 5000], [-9655, 5014]]]}, "type": "Feature", "properties": {"name": "Juniata County", "stateAbbrev": "PA", "state": "Pennsylvania", "fips": "067", "incits": "42067", "id": "US.PA.067", "population": 24768}}, {"geometry": {"type": "Polygon", "coordinates": [[[-9712, 5215], [-9637, 5215], [-9636, 5159], [-9636, 5151], [-9684, 5150], [-9692, 5151], [-9711, 5168], [-9712, 5215]]]}, "type": "Feature", "properties": {"name": "Potter County", "stateAbbrev": "PA", "state": "Pennsylvania", "fips": "105", "incits": "42105", "id": "US.PA.105", "population": 17497}}, {"geometry": {"type": "Polygon", "coordinates": [[[-9637, 5215], [-9553, 5216], [-9546, 5165], [-9547, 5165], [-9557, 5160], [-9636, 5159], [-9637, 5215]]]}, "type": "Feature", "properties": {"name": "Tioga County", "stateAbbrev": "PA", "state": "Pennsylvania", "fips": "117", "incits": "42117", "id": "US.PA.117", "population": 42463}}, {"geometry": {"type": "Polygon", "coordinates": [[[-9805, 5169], [-9804, 5194], [-9800, 5196], [-9800, 5215], [-9712, 5215], [-9711, 5168], [-9738, 5166], [-9746, 5170], [-9805, 5169]]]}, "type": "Feature", "properties": {"name": "McKean County", "stateAbbrev": "PA", "state": "Pennsylvania", "fips": "083", "incits": "42083", "id": "US.PA.083", "population": 42979}}, {"geometry": {"type": "Polygon", "coordinates": [[[-9553, 5216], [-9456, 5215], [-9452, 5172], [-9464, 5166], [-9465, 5159], [-9477, 5160], [-9497, 5161], [-9518, 5163], [-9538, 5165], [-9540, 5165], [-9546, 5165], [-9553, 5216]]]}, "type": "Feature", "properties": {"name": "Bradford County", "stateAbbrev": "PA", "state": "Pennsylvania", "fips": "015", "incits": "42015", "id": "US.PA.015", "population": 62316}}, {"geometry": {"type": "Polygon", "coordinates": [[[-9539, 5165], [-9538, 5165], [-9518, 5163], [-9497, 5161], [-9477, 5160], [-9465, 5159], [-9473, 5138], [-9474, 5135], [-9476, 5130], [-9493, 5126], [-9512, 5129], [-9531, 5142], [-9539, 5165]]]}, "type": "Feature", "properties": {"name": "Sullivan County", "stateAbbrev": "PA", "state": "Pennsylvania", "fips": "113", "incits": "42113", "id": "US.PA.113", "population": 6351}}, {"geometry": {"type": "Polygon", "coordinates": [[[-9886, 5169], [-9886, 5197], [-9886, 5215], [-9800, 5215], [-9800, 5196], [-9804, 5194], [-9805, 5169], [-9874, 5169], [-9886, 5169]]]}, "type": "Feature", "properties": {"name": "Warren County", "stateAbbrev": "PA", "state": "Pennsylvania", "fips": "123", "incits": "42123", "id": "US.PA.123", "population": 40885}}, {"geometry": {"type": "Polygon", "coordinates": [[[-9874, 5169], [-9805, 5169], [-9807, 5147], [-9822, 5144], [-9822, 5134], [-9836, 5133], [-9836, 5145], [-9860, 5145], [-9869, 5139], [-9874, 5149], [-9874, 5169]]]}, "type": "Feature", "properties": {"name": "Forest County", "stateAbbrev": "PA", "state": "Pennsylvania", "fips": "053", "incits": "42053", "id": "US.PA.053", "population": 7631}}, {"geometry": {"type": "Polygon", "coordinates": [[[-9934, 5113], [-9934, 5152], [-9916, 5164], [-9913, 5169], [-9886, 5169], [-9874, 5169], [-9874, 5149], [-9869, 5139], [-9869, 5133], [-9885, 5131], [-9885, 5126], [-9896, 5113], [-9934, 5113]]]}, "type": "Feature", "properties": {"name": "Venango County", "stateAbbrev": "PA", "state": "Pennsylvania", "fips": "121", "incits": "42121", "id": "US.PA.121", "population": 53907}}, {"geometry": {"type": "Polygon", "coordinates": [[[-9999, 5197], [-9886, 5197], [-9886, 5169], [-9913, 5169], [-9916, 5164], [-9934, 5152], [-9950, 5151], [-9999, 5152], [-9999, 5197]]]}, "type": "Feature", "properties": {"name": "Crawford County", "stateAbbrev": "PA", "state": "Pennsylvania", "fips": "039", "incits": "42039", "id": "US.PA.039", "population": 87376}}, {"geometry": {"type": "Polygon", "coordinates": [[[-9886, 5215], [-9886, 5197], [-9999, 5197], [-9999, 5256], [-9944, 5264], [-9905, 5279], [-9905, 5215], [-9886, 5215]]]}, "type": "Feature", "properties": {"name": "Erie County", "stateAbbrev": "PA", "state": "Pennsylvania", "fips": "049", "incits": "42049", "id": "US.PA.049", "population": 280294}}, {"geometry": {"type": "Polygon", "coordinates": [[[-9999, 5152], [-9950, 5151], [-9934, 5152], [-9934, 5113], [-9946, 5100], [-9953, 5106], [-9966, 5107], [-9999, 5107], [-9999, 5152]]]}, "type": "Feature", "properties": {"name": "Mercer County", "stateAbbrev": "PA", "state": "Pennsylvania", "fips": "085", "incits": "42085", "id": "US.PA.085", "population": 115195}}, {"geometry": {"type": "Polygon", "coordinates": [[[-9837, 5098], [-9836, 5133], [-9822, 5134], [-9808, 5137], [-9778, 5124], [-9774, 5117], [-9786, 5108], [-9786, 5080], [-9837, 5080], [-9837, 5098]]]}, "type": "Feature", "properties": {"name": "Jefferson County", "stateAbbrev": "PA", "state": "Pennsylvania", "fips": "065", "incits": "42065", "id": "US.PA.065", "population": 44966}}, {"geometry": {"type": "Polygon", "coordinates": [[[-9869, 5139], [-9860, 5145], [-9836, 5145], [-9836, 5133], [-9837, 5098], [-9846, 5092], [-9875, 5088], [-9887, 5088], [-9893, 5097], [-9896, 5112], [-9896, 5113], [-9885, 5126], [-9885, 5131], [-9869, 5133], [-9869, 5139]]]}, "type": "Feature", "properties": {"name": "Clarion County", "stateAbbrev": "PA", "state": "Pennsylvania", "fips": "031", "incits": "42031", "id": "US.PA.031", "population": 39155}}, {"geometry": {"type": "Polygon", "coordinates": [[[-9866, 5033], [-9837, 5064], [-9837, 5080], [-9786, 5080], [-9785, 5058], [-9807, 5016], [-9826, 5014], [-9829, 5018], [-9847, 5024], [-9859, 5024], [-9866, 5033]]]}, "type": "Feature", "properties": {"name": "Indiana County", "stateAbbrev": "PA", "state": "Pennsylvania", "fips": "063", "incits": "42063", "id": "US.PA.063", "population": 87745}}, {"geometry": {"type": "Polygon", "coordinates": [[[-9999, 5073], [-9999, 5107], [-9966, 5107], [-9953, 5106], [-9946, 5100], [-9955, 5091], [-9954, 5073], [-9999, 5073]]]}, "type": "Feature", "properties": {"name": "Lawrence County", "stateAbbrev": "PA", "state": "Pennsylvania", "fips": "073", "incits": "42073", "id": "US.PA.073", "population": 89333}}, {"geometry": {"type": "Polygon", "coordinates": [[[-9999, 5027], [-9979, 5027], [-9957, 5008], [-9924, 4999], [-9918, 4992], [-9919, 4983], [-9920, 4970], [-9934, 4965], [-9950, 4966], [-9970, 4969], [-9999, 4962], [-9999, 5027]]]}, "type": "Feature", "properties": {"name": "Washington County", "stateAbbrev": "PA", "state": "Pennsylvania", "fips": "125", "incits": "42125", "id": "US.PA.125", "population": 208206}}, {"geometry": {"type": "Polygon", "coordinates": [[[-9918, 4992], [-9910, 4996], [-9906, 5015], [-9898, 5020], [-9897, 5032], [-9905, 5035], [-9896, 5050], [-9886, 5047], [-9875, 5034], [-9866, 5033], [-9859, 5024], [-9847, 5024], [-9829, 5018], [-9826, 5014], [-9807, 5016], [-9817, 5003], [-9833, 4981], [-9847, 4972], [-9871, 4985], [-9892, 4978], [-9903, 4983], [-9919, 4983], [-9918, 4992]]]}, "type": "Feature", "properties": {"name": "Westmoreland County", "stateAbbrev": "PA", "state": "Pennsylvania", "fips": "129", "incits": "42129", "id": "US.PA.129", "population": 362437}}, {"geometry": {"type": "Polygon", "coordinates": [[[-9934, 4965], [-9920, 4970], [-9919, 4983], [-9903, 4983], [-9892, 4978], [-9871, 4985], [-9847, 4972], [-9862, 4949], [-9855, 4945], [-9859, 4933], [-9924, 4932], [-9925, 4958], [-9934, 4965]]]}, "type": "Feature", "properties": {"name": "Fayette County", "stateAbbrev": "PA", "state": "Pennsylvania", "fips": "051", "incits": "42051", "id": "US.PA.051", "population": 134999}}, {"geometry": {"type": "Polygon", "coordinates": [[[-9999, 4962], [-9970, 4969], [-9950, 4966], [-9934, 4965], [-9925, 4958], [-9924, 4932], [-9999, 4933], [-9999, 4962]]]}, "type": "Feature", "properties": {"name": "Greene County", "stateAbbrev": "PA", "state": "Pennsylvania", "fips": "059", "incits": "42059", "id": "US.PA.059", "population": 37838}}, {"geometry": {"type": "Polygon", "coordinates": [[[-9847, 4972], [-9833, 4981], [-9817, 5003], [-9801, 5003], [-9796, 4998], [-9768, 4997], [-9780, 4975], [-9780, 4946], [-9786, 4933], [-9859, 4933], [-9855, 4945], [-9862, 4949], [-9847, 4972]]]}, "type": "Feature", "properties": {"name": "Somerset County", "stateAbbrev": "PA", "state": "Pennsylvania", "fips": "111", "incits": "42111", "id": "US.PA.111", "population": 76520}}, {"geometry": {"type": "Polygon", "coordinates": [[[-9786, 4933], [-9780, 4946], [-9780, 4975], [-9768, 4997], [-9763, 5008], [-9749, 5003], [-9740, 5005], [-9722, 4998], [-9718, 5004], [-9716, 4995], [-9703, 4988], [-9726, 4941], [-9733, 4933], [-9786, 4933]]]}, "type": "Feature", "properties": {"name": "Bedford County", "stateAbbrev": "PA", "state": "Pennsylvania", "fips": "009", "incits": "42009", "id": "US.PA.009", "population": 49055}}, {"geometry": {"type": "Polygon", "coordinates": [[[-9733, 4933], [-9726, 4941], [-9703, 4988], [-9696, 4984], [-9676, 4980], [-9669, 4975], [-9676, 4967], [-9686, 4946], [-9698, 4933], [-9733, 4933]]]}, "type": "Feature", "properties": {"name": "Fulton County", "stateAbbrev": "PA", "state": "Pennsylvania", "fips": "057", "incits": "42057", "id": "US.PA.057", "population": 14670}}, {"geometry": {"type": "Polygon", "coordinates": [[[-9698, 4933], [-9686, 4946], [-9676, 4967], [-9669, 4975], [-9660, 4988], [-9649, 5000], [-9645, 5003], [-9637, 4996], [-9639, 4989], [-9632, 4982], [-9620, 4960], [-9619, 4932], [-9698, 4933]]]}, "type": "Feature", "properties": {"name": "Franklin County", "stateAbbrev": "PA", "state": "Pennsylvania", "fips": "055", "incits": "42055", "id": "US.PA.055", "population": 152085}}, {"geometry": {"type": "Polygon", "coordinates": [[[-9645, 5003], [-9624, 5020], [-9596, 5032], [-9582, 5040], [-9556, 5045], [-9561, 5038], [-9555, 5025], [-9565, 5016], [-9551, 5008], [-9563, 5005], [-9596, 5002], [-9614, 5003], [-9639, 4989], [-9637, 4996], [-9645, 5003]]]}, "type": "Feature", "properties": {"name": "Perry County", "stateAbbrev": "PA", "state": "Pennsylvania", "fips": "099", "incits": "42099", "id": "US.PA.099", "population": 45562}}, {"geometry": {"type": "Polygon", "coordinates": [[[-9639, 4989], [-9614, 5003], [-9596, 5002], [-9563, 5005], [-9551, 5008], [-9544, 4995], [-9556, 4988], [-9566, 4985], [-9579, 4976], [-9584, 4971], [-9612, 4966], [-9620, 4960], [-9632, 4982], [-9639, 4989]]]}, "type": "Feature", "properties": {"name": "Cumberland County", "stateAbbrev": "PA", "state": "Pennsylvania", "fips": "041", "incits": "42041", "id": "US.PA.041", "population": 241212}}, {"geometry": {"type": "Polygon", "coordinates": [[[-9620, 4960], [-9612, 4966], [-9584, 4971], [-9579, 4976], [-9564, 4969], [-9558, 4959], [-9557, 4949], [-9562, 4946], [-9562, 4932], [-9619, 4932], [-9620, 4960]]]}, "type": "Feature", "properties": {"name": "Adams County", "stateAbbrev": "PA", "state": "Pennsylvania", "fips": "001", "incits": "42001", "id": "US.PA.001", "population": 101546}}, {"geometry": {"type": "Polygon", "coordinates": [[[-9579, 4976], [-9566, 4985], [-9556, 4988], [-9544, 4995], [-9531, 4989], [-9527, 4982], [-9518, 4975], [-9504, 4974], [-9496, 4960], [-9467, 4933], [-9562, 4932], [-9562, 4946], [-9557, 4949], [-9558, 4959], [-9564, 4969], [-9579, 4976]]]}, "type": "Feature", "properties": {"name": "York County", "stateAbbrev": "PA", "state": "Pennsylvania", "fips": "133", "incits": "42133", "id": "US.PA.133", "population": 438965}}, {"geometry": {"type": "Polygon", "coordinates": [[[-9556, 5045], [-9554, 5046], [-9546, 5053], [-9539, 5078], [-9539, 5078], [-9547, 5088], [-9544, 5097], [-9549, 5109], [-9529, 5113], [-9529, 5102], [-9536, 5085], [-9521, 5087], [-9507, 5084], [-9504, 5077], [-9500, 5070], [-9488, 5071], [-9485, 5063], [-9525, 5049], [-9552, 5042], [-9556, 5045]]]}, "type": "Feature", "properties": {"name": "Northumberland County", "stateAbbrev": "PA", "state": "Pennsylvania", "fips": "097", "incits": "42097", "id": "US.PA.097", "population": 94076}}, {"geometry": {"type": "Polygon", "coordinates": [[[-9529, 5113], [-9517, 5111], [-9508, 5091], [-9501, 5085], [-9504, 5077], [-9507, 5084], [-9521, 5087], [-9536, 5085], [-9529, 5102], [-9529, 5113]]]}, "type": "Feature", "properties": {"name": "Montour County", "stateAbbrev": "PA", "state": "Pennsylvania", "fips": "093", "incits": "42093", "id": "US.PA.093", "population": 18541}}, {"geometry": {"type": "Polygon", "coordinates": [[[-9556, 5045], [-9552, 5042], [-9525, 5049], [-9504, 5036], [-9522, 5026], [-9510, 4995], [-9508, 4992], [-9527, 4982], [-9531, 4989], [-9544, 4995], [-9551, 5008], [-9565, 5016], [-9555, 5025], [-9561, 5038], [-9556, 5045]]]}, "type": "Feature", "properties": {"name": "Dauphin County", "stateAbbrev": "PA", "state": "Pennsylvania", "fips": "043", "incits": "42043", "id": "US.PA.043", "population": 270937}}, {"geometry": {"type": "Polygon", "coordinates": [[[-9504, 5036], [-9492, 5029], [-9458, 5008], [-9456, 5007], [-9476, 4999], [-9492, 4997], [-9499, 4995], [-9500, 4994], [-9503, 4993], [-9505, 4993], [-9508, 4992], [-9510, 4995], [-9522, 5026], [-9504, 5036]]]}, "type": "Feature", "properties": {"name": "Lebanon County", "stateAbbrev": "PA", "state": "Pennsylvania", "fips": "075", "incits": "42075", "id": "US.PA.075", "population": 135486}}, {"geometry": {"type": "Polygon", "coordinates": [[[-9527, 4982], [-9508, 4992], [-9505, 4993], [-9503, 4993], [-9500, 4994], [-9499, 4995], [-9492, 4997], [-9476, 4999], [-9456, 5007], [-9452, 5003], [-9422, 4984], [-9430, 4981], [-9430, 4972], [-9436, 4963], [-9436, 4954], [-9450, 4933], [-9454, 4933], [-9467, 4933], [-9496, 4960], [-9504, 4974], [-9518, 4975], [-9527, 4982]]]}, "type": "Feature", "properties": {"name": "Lancaster County", "stateAbbrev": "PA", "state": "Pennsylvania", "fips": "071", "incits": "42071", "id": "US.PA.071", "population": 529600}}, {"geometry": {"type": "Polygon", "coordinates": [[[-9517, 5111], [-9511, 5111], [-9493, 5126], [-9476, 5130], [-9477, 5117], [-9466, 5109], [-9464, 5085], [-9473, 5077], [-9476, 5067], [-9485, 5063], [-9488, 5071], [-9500, 5070], [-9504, 5077], [-9501, 5085], [-9508, 5091], [-9517, 5111]]]}, "type": "Feature", "properties": {"name": "Columbia County", "stateAbbrev": "PA", "state": "Pennsylvania", "fips": "037", "incits": "42037", "id": "US.PA.037", "population": 66797}}, {"geometry": {"type": "Polygon", "coordinates": [[[-9525, 5049], [-9485, 5063], [-9476, 5067], [-9473, 5077], [-9464, 5085], [-9453, 5082], [-9451, 5082], [-9437, 5081], [-9423, 5069], [-9407, 5058], [-9424, 5051], [-9437, 5046], [-9444, 5039], [-9470, 5031], [-9492, 5029], [-9504, 5036], [-9525, 5049]]]}, "type": "Feature", "properties": {"name": "Schuylkill County", "stateAbbrev": "PA", "state": "Pennsylvania", "fips": "107", "incits": "42107", "id": "US.PA.107", "population": 146920}}, {"geometry": {"type": "Polygon", "coordinates": [[[-9476, 5130], [-9474, 5135], [-9462, 5139], [-9439, 5139], [-9417, 5144], [-9417, 5140], [-9399, 5134], [-9393, 5114], [-9388, 5112], [-9394, 5107], [-9408, 5103], [-9405, 5093], [-9437, 5081], [-9451, 5082], [-9453, 5082], [-9464, 5085], [-9466, 5109], [-9477, 5117], [-9476, 5130]]]}, "type": "Feature", "properties": {"name": "Luzerne County", "stateAbbrev": "PA", "state": "Pennsylvania", "fips": "079", "incits": "42079", "id": "US.PA.079", "population": 320103}}, {"geometry": {"type": "Polygon", "coordinates": [[[-9473, 5138], [-9465, 5159], [-9464, 5166], [-9452, 5172], [-9403, 5171], [-9413, 5157], [-9417, 5144], [-9439, 5139], [-9462, 5139], [-9473, 5138]]]}, "type": "Feature", "properties": {"name": "Wyoming County", "stateAbbrev": "PA", "state": "Pennsylvania", "fips": "131", "incits": "42131", "id": "US.PA.131", "population": 28003}}, {"geometry": {"type": "Polygon", "coordinates": [[[-9456, 5215], [-9373, 5215], [-9371, 5171], [-9403, 5171], [-9452, 5172], [-9456, 5215]]]}, "type": "Feature", "properties": {"name": "Susquehanna County", "stateAbbrev": "PA", "state": "Pennsylvania", "fips": "115", "incits": "42115", "id": "US.PA.115", "population": 42286}}, {"geometry": {"type": "Polygon", "coordinates": [[[-9417, 5144], [-9413, 5157], [-9403, 5171], [-9371, 5171], [-9368, 5123], [-9376, 5120], [-9388, 5112], [-9393, 5114], [-9399, 5134], [-9417, 5140], [-9417, 5144]]]}, "type": "Feature", "properties": {"name": "Lackawanna County", "stateAbbrev": "PA", "state": "Pennsylvania", "fips": "069", "incits": "42069", "id": "US.PA.069", "population": 213931}}, {"geometry": {"type": "Polygon", "coordinates": [[[-9376, 5120], [-9368, 5123], [-9371, 5171], [-9373, 5215], [-9358, 5215], [-9348, 5208], [-9347, 5202], [-9328, 5196], [-9320, 5185], [-9322, 5166], [-9337, 5146], [-9352, 5130], [-9358, 5121], [-9376, 5120]]]}, "type": "Feature", "properties": {"name": "Wayne County", "stateAbbrev": "PA", "state": "Pennsylvania", "fips": "127", "incits": "42127", "id": "US.PA.127", "population": 51548}}, {"geometry": {"type": "Polygon", "coordinates": [[[-9358, 5121], [-9352, 5130], [-9337, 5146], [-9322, 5166], [-9311, 5151], [-9300, 5146], [-9290, 5146], [-9275, 5137], [-9293, 5126], [-9299, 5114], [-9312, 5103], [-9323, 5109], [-9333, 5110], [-9329, 5123], [-9358, 5121]]]}, "type": "Feature", "properties": {"name": "Pike County", "stateAbbrev": "PA", "state": "Pennsylvania", "fips": "103", "incits": "42103", "id": "US.PA.103", "population": 56591}}, {"geometry": {"type": "Polygon", "coordinates": [[[-9437, 5081], [-9405, 5093], [-9408, 5103], [-9394, 5107], [-9375, 5090], [-9384, 5085], [-9372, 5068], [-9389, 5065], [-9407, 5058], [-9423, 5069], [-9437, 5081]]]}, "type": "Feature", "properties": {"name": "Carbon County", "stateAbbrev": "PA", "state": "Pennsylvania", "fips": "025", "incits": "42025", "id": "US.PA.025", "population": 64786}}, {"geometry": {"type": "Polygon", "coordinates": [[[-9394, 5107], [-9388, 5112], [-9376, 5120], [-9358, 5121], [-9329, 5123], [-9333, 5110], [-9323, 5109], [-9312, 5103], [-9328, 5087], [-9339, 5083], [-9347, 5076], [-9372, 5068], [-9384, 5085], [-9375, 5090], [-9394, 5107]]]}, "type": "Feature", "properties": {"name": "Monroe County", "stateAbbrev": "PA", "state": "Pennsylvania", "fips": "089", "incits": "42089", "id": "US.PA.089", "population": 167148}}, {"geometry": {"type": "Polygon", "coordinates": [[[-9389, 5065], [-9372, 5068], [-9347, 5076], [-9339, 5083], [-9328, 5087], [-9320, 5075], [-9327, 5065], [-9334, 5064], [-9339, 5053], [-9338, 5043], [-9355, 5034], [-9361, 5045], [-9373, 5049], [-9379, 5058], [-9389, 5065]]]}, "type": "Feature", "properties": {"name": "Northampton County", "stateAbbrev": "PA", "state": "Pennsylvania", "fips": "095", "incits": "42095", "id": "US.PA.095", "population": 299791}}, {"geometry": {"type": "Polygon", "coordinates": [[[-9422, 4984], [-9400, 4997], [-9389, 4995], [-9370, 4978], [-9358, 4975], [-9368, 4965], [-9378, 4960], [-9387, 4947], [-9402, 4942], [-9409, 4933], [-9454, 4933], [-9450, 4933], [-9436, 4954], [-9436, 4963], [-9430, 4972], [-9430, 4981], [-9422, 4984]]]}, "type": "Feature", "properties": {"name": "Chester County", "stateAbbrev": "PA", "state": "Pennsylvania", "fips": "029", "incits": "42029", "id": "US.PA.029", "population": 509468}}, {"geometry": {"type": "Polygon", "coordinates": [[[-9492, 5029], [-9470, 5031], [-9444, 5039], [-9437, 5046], [-9424, 5051], [-9379, 5023], [-9400, 4997], [-9422, 4984], [-9452, 5003], [-9456, 5007], [-9458, 5008], [-9492, 5029]]]}, "type": "Feature", "properties": {"name": "Berks County", "stateAbbrev": "PA", "state": "Pennsylvania", "fips": "011", "incits": "42011", "id": "US.PA.011", "population": 413521}}, {"geometry": {"type": "Polygon", "coordinates": [[[-9424, 5051], [-9407, 5058], [-9389, 5065], [-9379, 5058], [-9373, 5049], [-9361, 5045], [-9355, 5034], [-9373, 5019], [-9379, 5023], [-9424, 5051]]]}, "type": "Feature", "properties": {"name": "Lehigh County", "stateAbbrev": "PA", "state": "Pennsylvania", "fips": "077", "incits": "42077", "id": "US.PA.077", "population": 355092}}, {"geometry": {"type": "Polygon", "coordinates": [[[-9373, 5019], [-9355, 5034], [-9338, 5043], [-9322, 5034], [-9321, 5019], [-9310, 5017], [-9306, 5009], [-9285, 4994], [-9281, 4984], [-9310, 4973], [-9315, 4984], [-9373, 5019]]]}, "type": "Feature", "properties": {"name": "Bucks County", "stateAbbrev": "PA", "state": "Pennsylvania", "fips": "017", "incits": "42017", "id": "US.PA.017", "population": 626976}}, {"geometry": {"type": "Polygon", "coordinates": [[[-9400, 4997], [-9379, 5023], [-9373, 5019], [-9315, 4984], [-9327, 4973], [-9341, 4979], [-9348, 4964], [-9358, 4975], [-9370, 4978], [-9389, 4995], [-9400, 4997]]]}, "type": "Feature", "properties": {"name": "Montgomery County", "stateAbbrev": "PA", "state": "Pennsylvania", "fips": "091", "incits": "42091", "id": "US.PA.091", "population": 812376}}, {"geometry": {"type": "Polygon", "coordinates": [[[-9348, 4964], [-9341, 4979], [-9327, 4973], [-9315, 4984], [-9310, 4973], [-9330, 4961], [-9330, 4953], [-9340, 4951], [-9348, 4964]]]}, "type": "Feature", "properties": {"name": "Philadelphia County", "stateAbbrev": "PA", "state": "Pennsylvania", "fips": "101", "incits": "42101", "id": "US.PA.101", "population": 1553165}}, {"geometry": {"type": "Polygon", "coordinates": [[[-9358, 4975], [-9348, 4964], [-9340, 4951], [-9354, 4948], [-9365, 4943], [-9385, 4947], [-9387, 4947], [-9387, 4947], [-9378, 4960], [-9368, 4965], [-9358, 4975]]]}, "type": "Feature", "properties": {"name": "Delaware County", "stateAbbrev": "PA", "state": "Pennsylvania", "fips": "045", "incits": "42045", "id": "US.PA.045", "population": 561973}}, {"geometry": {"type": "Polygon", "coordinates": [[[-9979, 5027], [-9957, 5043], [-9953, 5051], [-9896, 5050], [-9905, 5035], [-9897, 5032], [-9898, 5020], [-9906, 5015], [-9910, 4996], [-9918, 4992], [-9924, 4999], [-9957, 5008], [-9979, 5027]]]}, "type": "Feature", "properties": {"name": "Allegheny County", "stateAbbrev": "PA", "state": "Pennsylvania", "fips": "003", "incits": "42003", "id": "US.PA.003", "population": 1231527}}, {"geometry": {"type": "Polygon", "coordinates": [[[-9896, 5050], [-9896, 5112], [-9893, 5097], [-9887, 5088], [-9875, 5088], [-9846, 5092], [-9837, 5098], [-9837, 5080], [-9837, 5064], [-9866, 5033], [-9875, 5034], [-9886, 5047], [-9896, 5050]]]}, "type": "Feature", "properties": {"name": "Armstrong County", "stateAbbrev": "PA", "state": "Pennsylvania", "fips": "005", "incits": "42005", "id": "US.PA.005", "population": 68107}}, {"geometry": {"type": "Polygon", "coordinates": [[[-9999, 5073], [-9954, 5073], [-9953, 5051], [-9957, 5043], [-9979, 5027], [-9999, 5027], [-9999, 5073]]]}, "type": "Feature", "properties": {"name": "Beaver County", "stateAbbrev": "PA", "state": "Pennsylvania", "fips": "007", "incits": "42007", "id": "US.PA.007", "population": 170115}}, {"geometry": {"type": "Polygon", "coordinates": [[[-9946, 5100], [-9934, 5113], [-9896, 5113], [-9896, 5112], [-9896, 5050], [-9953, 5051], [-9954, 5073], [-9955, 5091], [-9946, 5100]]]}, "type": "Feature", "properties": {"name": "Butler County", "stateAbbrev": "PA", "state": "Pennsylvania", "fips": "019", "incits": "42019", "id": "US.PA.019", "population": 185476}}], "ac-tx": {"default": {"crs": "wsg84", "scale": 124.17865734821609, "xoffset": 0, "yoffset": 0}}}