{"type":"Topology","arcs":[[[114,70],[30,34],[102,33],[30,41]],[[276,178],[87,-87],[42,46]],[[405,137],[8,-62]],[[413,75],[-19,-58],[-57,-17],[-163,66],[-60,4]],[[114,514],[83,74],[45,70],[65,-16]],[[307,642],[41,-91],[53,-17]],[[401,534],[-11,-66]],[[390,468],[-19,-87]],[[371,381],[-72,87],[-144,8]],[[155,476],[-41,38]],[[515,700],[83,33],[61,-17]],[[659,716],[56,-78],[-22,-46],[3,-70],[-41,4]],[[655,526],[-87,50]],[[568,576],[-53,124]],[[371,381],[-53,-54]],[[318,327],[-61,-29]],[[257,298],[-19,0]],[[238,298],[-37,50],[-46,128]],[[276,178],[102,41],[4,38]],[[382,257],[19,-13]],[[401,244],[23,-41],[-19,-66]],[[19,447],[95,67]],[[238,298],[-56,-25]],[[182,273],[-42,62],[-19,63],[-87,20],[-15,29]],[[401,534],[42,75],[-15,74]],[[428,683],[87,17]],[[568,576],[-42,-50]],[[526,526],[-91,-62]],[[435,464],[-45,4]],[[655,526],[11,-33]],[[666,493],[-72,-46],[-38,-45]],[[556,402],[-30,124]],[[182,273],[-19,-29],[-87,-33],[-53,0]],[[23,211],[-23,145],[19,91]],[[257,298],[19,-120]],[[114,70],[-76,42],[-15,99]],[[307,642],[30,45],[91,-4]],[[401,244],[80,-25]],[[481,219],[7,-37],[65,-20]],[[553,162],[-69,-83],[-71,-4]],[[519,369],[37,33]],[[666,493],[61,-33]],[[727,460],[-42,-112]],[[685,348],[-23,8],[-98,-45],[-30,8]],[[534,319],[-15,50]],[[435,464],[-19,-37],[103,-58]],[[534,319],[-38,-46],[-15,-54]],[[382,257],[-64,70]],[[685,348],[-15,-116],[-23,-46],[-94,-24]],[[659,716],[71,0],[80,-20],[34,-145],[-49,-25],[-68,-66]]],"transform":{"scale":[0.264218009478673,0.24147339699863574],"translate":[9776.000000000002,1634]},"objects":{"hainan":{"type":"GeometryCollection","geometries":[{"arcs":[[0,1,2,3]],"type":"Polygon","properties":{"name":"Sanya City","admin_leve":"5","wikidata":"Q319804","localname":"三亚市 / Sanya","boundary":"administrative","id":"CN.hainan.2128284"}},{"arcs":[[4,5,6,7,8,9]],"type":"Polygon","properties":{"admin_leve":"5","localname":"儋州市 / Danzhou","boundary":"administrative","id":"CN.hainan.2784610","name":"Danzhou City"}},{"arcs":[[10,11,12,13]],"type":"Polygon","properties":{"admin_leve":"5","localname":"海口市 - Haikou","boundary":"administrative","id":"CN.hainan.2784613","name":"Haikou City"}},{"arcs":[[-9,14,15,16,17]],"type":"Polygon","properties":{"admin_leve":"6","localname":"白沙黎族自治县 - Baisha Li Autonomous County","boundary":"administrative","id":"CN.hainan.2784606","name":"Baisha Li Autonomous County"}},{"arcs":[[18,19,20,-2]],"type":"Polygon","properties":{"admin_leve":"6","localname":"保亭黎族苗族自治县 / Baoting","boundary":"administrative","id":"CN.hainan.2784607","name":"Baoting Li and Miao Autonomous County"}},{"arcs":[[21,-10,-18,22,23]],"type":"Polygon","properties":{"admin_leve":"6","localname":"昌江黎族自治县 / Changjiang","boundary":"administrative","id":"CN.hainan.2784608","name":"Changjiang Li Autonomous County"}},{"arcs":[[24,25,-14,26,27,28,-7]],"type":"Polygon","properties":{"admin_leve":"6","localname":"澄迈县 / Chengmai","boundary":"administrative","id":"CN.hainan.2784609","name":"Chengmai County"}},{"arcs":[[-13,29,30,31,-27]],"type":"Polygon","properties":{"admin_leve":"6","localname":"定安县 / Ding'an","boundary":"administrative","id":"CN.hainan.2784611","name":"Ding'an County"}},{"arcs":[[-24,32,33]],"type":"Polygon","properties":{"admin_leve":"6","localname":"东方市 / Dongfang","boundary":"administrative","id":"CN.hainan.2784612","name":"Dongfang City"}},{"arcs":[[-33,-23,-17,34,-1,35]],"type":"Polygon","properties":{"admin_leve":"6","localname":"乐东黎族自治县 / Ledong","boundary":"administrative","id":"CN.hainan.2784614","name":"Ledong Li Autonomous County"}},{"arcs":[[36,-25,-6]],"type":"Polygon","properties":{"admin_leve":"6","localname":"临高县 / Lingao","boundary":"administrative","id":"CN.hainan.2784615","name":"Lingao County"}},{"arcs":[[37,38,39,-3,-21]],"type":"Polygon","properties":{"admin_leve":"6","localname":"陵水黎族自治县 / Lingshui","boundary":"administrative","id":"CN.hainan.2784616","name":"Lingshui Li Autonomous County"}},{"arcs":[[40,-31,41,42,43,44]],"type":"Polygon","properties":{"admin_leve":"6","localname":"琼海市 / Qionghai","boundary":"administrative","id":"CN.hainan.2784617","name":"Qionghai City"}},{"arcs":[[-15,-8,-29,45,-45,46,-38,-20,47]],"type":"Polygon","properties":{"admin_leve":"6","localname":"琼中黎族苗族自治县 / Qiongzhong","boundary":"administrative","id":"CN.hainan.2784618","name":"Qiongzhong Li and Miao Autonomous County"}},{"arcs":[[-28,-32,-41,-46]],"type":"Polygon","properties":{"admin_leve":"6","localname":"屯昌县 / Tunchang","boundary":"administrative","id":"CN.hainan.2784619","name":"Tunchang County"}},{"arcs":[[-47,-44,48,-39]],"type":"Polygon","properties":{"admin_leve":"6","localname":"万宁市 / Wanning","boundary":"administrative","id":"CN.hainan.2784620","name":"Wanning City"}},{"arcs":[[-12,49,-42,-30]],"type":"Polygon","properties":{"admin_leve":"6","localname":"文昌市 / Wenchang","boundary":"administrative","id":"CN.hainan.2784621","name":"Wenchang City"}},{"arcs":[[-16,-48,-19,-35]],"type":"Polygon","properties":{"admin_leve":"6","localname":"五指山市 / Wuzhishan","boundary":"administrative","id":"CN.hainan.2784622","name":"Wuzhishan City"}}]}},"crs":{"type":"name","properties":{"name":"urn:ogc:def:crs:EPSG:4326"}},"ac-tx":{"default":{"crs":"wsg84","scale":90.0260924138934,"xoffset":0,"yoffset":0}}}