{"crs": {"type": "name", "properties": {"name": "urn:ogc:def:crs:EPSG:4326"}}, "type": "FeatureCollection", "features": [{"geometry": {"type": "Polygon", "coordinates": [[[-9195, 4382], [-9151, 4414], [-9141, 4417], [-9135, 4416], [-9138, 4408], [-9142, 4402], [-9146, 4370], [-9197, 4371], [-9195, 4382]]]}, "type": "Feature", "properties": {"name": "Suffolk city", "stateAbbrev": "VA", "state": "Virginia", "fips": "800", "incits": "51800", "id": "US.VA.800", "population": 85728}}, {"geometry": {"type": "Polygon", "coordinates": [[[-9262, 4447], [-9261, 4451], [-9261, 4451], [-9261, 4451], [-9261, 4451], [-9261, 4451], [-9260, 4451], [-9260, 4451], [-9259, 4451], [-9259, 4451], [-9259, 4451], [-9259, 4451], [-9259, 4451], [-9259, 4451], [-9259, 4451], [-9259, 4451], [-9258, 4452], [-9257, 4452], [-9257, 4452], [-9257, 4452], [-9257, 4452], [-9257, 4452], [-9257, 4452], [-9257, 4452], [-9256, 4452], [-9255, 4453], [-9252, 4453], [-9247, 4448], [-9248, 4445], [-9249, 4445], [-9249, 4445], [-9249, 4445], [-9249, 4445], [-9250, 4445], [-9251, 4445], [-9251, 4445], [-9251, 4445], [-9251, 4445], [-9252, 4445], [-9252, 4446], [-9253, 4446], [-9253, 4445], [-9254, 4445], [-9255, 4445], [-9255, 4445], [-9255, 4445], [-9255, 4445], [-9255, 4445], [-9258, 4444], [-9262, 4447]]]}, "type": "Feature", "properties": {"name": "Petersburg city", "stateAbbrev": "VA", "state": "Virginia", "fips": "730", "incits": "51730", "id": "US.VA.730", "population": 32538}}, {"geometry": {"type": "Polygon", "coordinates": [[[-9468, 4480], [-9456, 4471], [-9467, 4465], [-9477, 4467], [-9477, 4478], [-9468, 4480]]]}, "type": "Feature", "properties": {"name": "Lynchburg city", "stateAbbrev": "VA", "state": "Virginia", "fips": "680", "incits": "51680", "id": "US.VA.680", "population": 78014}}, {"geometry": {"type": "Polygon", "coordinates": [[[-9115, 4405], [-9104, 4429], [-9077, 4423], [-9079, 4417], [-9073, 4394], [-9063, 4370], [-9102, 4370], [-9102, 4384], [-9096, 4387], [-9105, 4395], [-9112, 4397], [-9115, 4405]]]}, "type": "Feature", "properties": {"name": "Virginia Beach city", "stateAbbrev": "VA", "state": "Virginia", "fips": "810", "incits": "51810", "id": "US.VA.810", "population": 448479}}, {"geometry": {"type": "Polygon", "coordinates": [[[-9128, 4415], [-9127, 4420], [-9104, 4429], [-9115, 4405], [-9117, 4404], [-9117, 4404], [-9122, 4403], [-9128, 4415]]]}, "type": "Feature", "properties": {"name": "Norfolk city", "stateAbbrev": "VA", "state": "Virginia", "fips": "710", "incits": "51710", "id": "US.VA.710", "population": 246139}}, {"geometry": {"type": "Polygon", "coordinates": [[[-9138, 4408], [-9135, 4416], [-9134, 4418], [-9128, 4415], [-9122, 4403], [-9124, 4400], [-9124, 4400], [-9126, 4400], [-9127, 4399], [-9138, 4408]]]}, "type": "Feature", "properties": {"name": "Portsmouth city", "stateAbbrev": "VA", "state": "Virginia", "fips": "740", "incits": "51740", "id": "US.VA.740", "population": 96205}}, {"geometry": {"type": "Polygon", "coordinates": [[[-9322, 4665], [-9310, 4674], [-9306, 4679], [-9295, 4701], [-9275, 4700], [-9272, 4695], [-9262, 4690], [-9270, 4680], [-9262, 4672], [-9246, 4670], [-9271, 4645], [-9285, 4656], [-9322, 4665]]]}, "type": "Feature", "properties": {"name": "Loudoun County", "stateAbbrev": "VA", "state": "Virginia", "fips": "107", "incits": "51107", "id": "US.VA.107", "population": 349679}}, {"geometry": {"type": "Polygon", "coordinates": [[[-9271, 4645], [-9246, 4670], [-9237, 4667], [-9236, 4661], [-9225, 4659], [-9221, 4655], [-9228, 4651], [-9225, 4648], [-9220, 4645], [-9212, 4638], [-9212, 4630], [-9223, 4624], [-9223, 4620], [-9234, 4616], [-9238, 4626], [-9257, 4634], [-9260, 4639], [-9271, 4645]]]}, "type": "Feature", "properties": {"name": "Fairfax County", "stateAbbrev": "VA", "state": "Virginia", "fips": "059", "incits": "51059", "id": "US.VA.059", "population": 1130924}}, {"geometry": {"type": "Polygon", "coordinates": [[[-9220, 4645], [-9213, 4644], [-9212, 4638], [-9220, 4645]]]}, "type": "Feature", "properties": {"name": "Alexandria city", "stateAbbrev": "VA", "state": "Virginia", "fips": "510", "incits": "51510", "id": "US.VA.510", "population": 148892}}, {"geometry": {"type": "Polygon", "coordinates": [[[-9228, 4651], [-9221, 4655], [-9212, 4648], [-9213, 4644], [-9220, 4645], [-9225, 4648], [-9228, 4651]]]}, "type": "Feature", "properties": {"name": "Arlington County", "stateAbbrev": "VA", "state": "Virginia", "fips": "013", "incits": "51013", "id": "US.VA.013", "population": 224906}}, {"geometry": {"type": "Polygon", "coordinates": [[[-9285, 4656], [-9271, 4645], [-9260, 4639], [-9257, 4634], [-9238, 4626], [-9234, 4616], [-9243, 4604], [-9253, 4607], [-9261, 4613], [-9270, 4610], [-9293, 4643], [-9285, 4656]]]}, "type": "Feature", "properties": {"name": "Prince William County", "stateAbbrev": "VA", "state": "Virginia", "fips": "153", "incits": "51153", "id": "US.VA.153", "population": 438580}}, {"geometry": {"type": "Polygon", "coordinates": [[[-9164, 4540], [-9161, 4544], [-9149, 4548], [-9137, 4540], [-9116, 4531], [-9118, 4523], [-9130, 4508], [-9132, 4517], [-9139, 4523], [-9149, 4525], [-9154, 4535], [-9164, 4540]]]}, "type": "Feature", "properties": {"name": "Northumberland County", "stateAbbrev": "VA", "state": "Virginia", "fips": "133", "incits": "51133", "id": "US.VA.133", "population": 12200}}, {"geometry": {"type": "Polygon", "coordinates": [[[-9270, 4610], [-9261, 4613], [-9253, 4607], [-9243, 4604], [-9246, 4595], [-9241, 4585], [-9249, 4580], [-9246, 4573], [-9251, 4573], [-9261, 4578], [-9270, 4581], [-9281, 4588], [-9283, 4593], [-9283, 4599], [-9270, 4610]]]}, "type": "Feature", "properties": {"name": "Stafford County", "stateAbbrev": "VA", "state": "Virginia", "fips": "179", "incits": "51179", "id": "US.VA.179", "population": 136788}}, {"geometry": {"type": "Polygon", "coordinates": [[[-9241, 4585], [-9236, 4583], [-9209, 4589], [-9211, 4581], [-9207, 4577], [-9213, 4575], [-9215, 4563], [-9226, 4564], [-9246, 4573], [-9249, 4580], [-9241, 4585]]]}, "type": "Feature", "properties": {"name": "King George County", "stateAbbrev": "VA", "state": "Virginia", "fips": "099", "incits": "51099", "id": "US.VA.099", "population": 24926}}, {"geometry": {"type": "Polygon", "coordinates": [[[-9065, 4480], [-9062, 4488], [-9069, 4491], [-9079, 4497], [-9069, 4506], [-9060, 4519], [-9054, 4521], [-9043, 4543], [-8997, 4547], [-9008, 4530], [-9012, 4526], [-9021, 4527], [-9031, 4518], [-9038, 4506], [-9039, 4492], [-9049, 4479], [-9060, 4484], [-9065, 4480]]]}, "type": "Feature", "properties": {"name": "Accomack County", "stateAbbrev": "VA", "state": "Virginia", "fips": "001", "incits": "51001", "id": "US.VA.001", "population": 33148}}, {"geometry": {"type": "Polygon", "coordinates": [[[-9345, 4668], [-9340, 4675], [-9331, 4695], [-9306, 4679], [-9310, 4674], [-9322, 4665], [-9327, 4661], [-9333, 4666], [-9345, 4668]]]}, "type": "Feature", "properties": {"name": "Clarke County", "stateAbbrev": "VA", "state": "Virginia", "fips": "043", "incits": "51043", "id": "US.VA.043", "population": 14348}}, {"geometry": {"type": "Polygon", "coordinates": [[[-9342, 4647], [-9327, 4661], [-9322, 4665], [-9285, 4656], [-9293, 4643], [-9270, 4610], [-9283, 4599], [-9283, 4593], [-9295, 4593], [-9304, 4607], [-9312, 4614], [-9311, 4621], [-9318, 4627], [-9327, 4630], [-9330, 4639], [-9342, 4647]]]}, "type": "Feature", "properties": {"name": "Fauquier County", "stateAbbrev": "VA", "state": "Virginia", "fips": "061", "incits": "51061", "id": "US.VA.061", "population": 67207}}, {"geometry": {"type": "Polygon", "coordinates": [[[-9391, 4670], [-9375, 4683], [-9379, 4687], [-9377, 4694], [-9367, 4706], [-9368, 4719], [-9331, 4695], [-9340, 4675], [-9345, 4668], [-9364, 4665], [-9375, 4674], [-9381, 4667], [-9391, 4670]]]}, "type": "Feature", "properties": {"name": "Frederick County", "stateAbbrev": "VA", "state": "Virginia", "fips": "069", "incits": "51069", "id": "US.VA.069", "population": 81319}}, {"geometry": {"type": "Polygon", "coordinates": [[[-9363, 4545], [-9352, 4559], [-9338, 4562], [-9322, 4558], [-9307, 4556], [-9289, 4545], [-9303, 4512], [-9314, 4515], [-9320, 4525], [-9334, 4533], [-9363, 4545]]]}, "type": "Feature", "properties": {"name": "Louisa County", "stateAbbrev": "VA", "state": "Virginia", "fips": "109", "incits": "51109", "id": "US.VA.109", "population": 33945}}, {"geometry": {"type": "Polygon", "coordinates": [[[-9371, 4566], [-9361, 4576], [-9350, 4573], [-9338, 4581], [-9316, 4590], [-9291, 4587], [-9294, 4583], [-9322, 4558], [-9338, 4562], [-9352, 4559], [-9371, 4566]]]}, "type": "Feature", "properties": {"name": "Orange County", "stateAbbrev": "VA", "state": "Virginia", "fips": "137", "incits": "51137", "id": "US.VA.137", "population": 34689}}, {"geometry": {"type": "Polygon", "coordinates": [[[-9322, 4558], [-9294, 4583], [-9291, 4587], [-9281, 4588], [-9270, 4581], [-9261, 4578], [-9251, 4573], [-9284, 4543], [-9289, 4545], [-9307, 4556], [-9322, 4558]]]}, "type": "Feature", "properties": {"name": "Spotsylvania County", "stateAbbrev": "VA", "state": "Virginia", "fips": "177", "incits": "51177", "id": "US.VA.177", "population": 127348}}, {"geometry": {"type": "Polygon", "coordinates": [[[-9373, 4643], [-9362, 4657], [-9364, 4665], [-9345, 4668], [-9333, 4666], [-9327, 4661], [-9342, 4647], [-9350, 4637], [-9361, 4635], [-9373, 4643]]]}, "type": "Feature", "properties": {"name": "Warren County", "stateAbbrev": "VA", "state": "Virginia", "fips": "187", "incits": "51187", "id": "US.VA.187", "population": 38699}}, {"geometry": {"type": "Polygon", "coordinates": [[[-9910, 4411], [-9897, 4400], [-9906, 4391], [-9918, 4386], [-9923, 4376], [-9999, 4376], [-9998, 4380], [-9988, 4384], [-9975, 4384], [-9948, 4393], [-9933, 4407], [-9921, 4407], [-9910, 4411]]]}, "type": "Feature", "properties": {"name": "Lee County", "stateAbbrev": "VA", "state": "Virginia", "fips": "105", "incits": "51105", "id": "US.VA.105", "population": 25185}}, {"geometry": {"type": "Polygon", "coordinates": [[[-9572, 4538], [-9558, 4539], [-9553, 4532], [-9536, 4530], [-9528, 4524], [-9524, 4529], [-9519, 4527], [-9527, 4515], [-9544, 4520], [-9556, 4508], [-9568, 4502], [-9582, 4496], [-9592, 4499], [-9601, 4507], [-9585, 4529], [-9572, 4538]]]}, "type": "Feature", "properties": {"name": "Alleghany County", "stateAbbrev": "VA", "state": "Virginia", "fips": "005", "incits": "51005", "id": "US.VA.005", "population": 16161}}, {"geometry": {"type": "Polygon", "coordinates": [[[-9499, 4498], [-9488, 4503], [-9482, 4514], [-9474, 4521], [-9467, 4520], [-9454, 4517], [-9454, 4510], [-9442, 4505], [-9435, 4490], [-9431, 4489], [-9449, 4476], [-9456, 4471], [-9468, 4480], [-9478, 4486], [-9487, 4487], [-9492, 4495], [-9499, 4498]]]}, "type": "Feature", "properties": {"name": "Amherst County", "stateAbbrev": "VA", "state": "Virginia", "fips": "009", "incits": "51009", "id": "US.VA.009", "population": 32178}}, {"geometry": {"type": "Polygon", "coordinates": [[[-9572, 4538], [-9566, 4543], [-9554, 4567], [-9541, 4576], [-9531, 4570], [-9507, 4565], [-9498, 4563], [-9504, 4554], [-9524, 4529], [-9528, 4524], [-9536, 4530], [-9553, 4532], [-9558, 4539], [-9572, 4538]]]}, "type": "Feature", "properties": {"name": "Bath County", "stateAbbrev": "VA", "state": "Virginia", "fips": "017", "incits": "51017", "id": "US.VA.017", "population": 4616}}, {"geometry": {"type": "Polygon", "coordinates": [[[-9548, 4461], [-9541, 4466], [-9544, 4473], [-9525, 4482], [-9517, 4478], [-9506, 4488], [-9499, 4492], [-9499, 4498], [-9492, 4495], [-9487, 4487], [-9478, 4486], [-9468, 4480], [-9477, 4478], [-9477, 4467], [-9499, 4431], [-9518, 4430], [-9532, 4447], [-9548, 4451], [-9548, 4461]]]}, "type": "Feature", "properties": {"name": "Bedford County", "stateAbbrev": "VA", "state": "Virginia", "fips": "019", "incits": "51019", "id": "US.VA.019", "population": 75773}}, {"geometry": {"type": "Polygon", "coordinates": [[[-9712, 4452], [-9699, 4457], [-9683, 4459], [-9687, 4457], [-9668, 4442], [-9677, 4438], [-9675, 4433], [-9698, 4427], [-9713, 4430], [-9731, 4418], [-9738, 4425], [-9724, 4432], [-9717, 4439], [-9720, 4450], [-9712, 4452]]]}, "type": "Feature", "properties": {"name": "Bland County", "stateAbbrev": "VA", "state": "Virginia", "fips": "021", "incits": "51021", "id": "US.VA.021", "population": 6735}}, {"geometry": {"type": "Polygon", "coordinates": [[[-9576, 4474], [-9563, 4489], [-9568, 4502], [-9556, 4508], [-9544, 4520], [-9527, 4515], [-9528, 4503], [-9506, 4488], [-9517, 4478], [-9525, 4482], [-9544, 4473], [-9541, 4466], [-9548, 4461], [-9550, 4464], [-9576, 4474]]]}, "type": "Feature", "properties": {"name": "Botetourt County", "stateAbbrev": "VA", "state": "Virginia", "fips": "023", "incits": "51023", "id": "US.VA.023", "population": 33002}}, {"geometry": {"type": "Polygon", "coordinates": [[[-9841, 4461], [-9801, 4489], [-9796, 4467], [-9788, 4461], [-9776, 4457], [-9774, 4453], [-9776, 4449], [-9793, 4441], [-9806, 4438], [-9811, 4430], [-9823, 4429], [-9821, 4432], [-9832, 4448], [-9835, 4457], [-9841, 4461]]]}, "type": "Feature", "properties": {"name": "Buchanan County", "stateAbbrev": "VA", "state": "Virginia", "fips": "027", "incits": "51027", "id": "US.VA.027", "population": 23597}}, {"geometry": {"type": "Polygon", "coordinates": [[[-9499, 4431], [-9477, 4467], [-9467, 4465], [-9456, 4471], [-9449, 4476], [-9437, 4454], [-9425, 4448], [-9435, 4427], [-9447, 4428], [-9457, 4432], [-9477, 4440], [-9492, 4438], [-9499, 4431]]]}, "type": "Feature", "properties": {"name": "Campbell County", "stateAbbrev": "VA", "state": "Virginia", "fips": "031", "incits": "51031", "id": "US.VA.031", "population": 55235}}, {"geometry": {"type": "Polygon", "coordinates": [[[-9691, 4401], [-9654, 4410], [-9642, 4416], [-9621, 4389], [-9622, 4385], [-9640, 4379], [-9639, 4371], [-9666, 4371], [-9675, 4382], [-9677, 4385], [-9691, 4401]]]}, "type": "Feature", "properties": {"name": "Carroll County", "stateAbbrev": "VA", "state": "Virginia", "fips": "035", "incits": "51035", "id": "US.VA.035", "population": 29883}}, {"geometry": {"type": "Polygon", "coordinates": [[[-9623, 4475], [-9602, 4485], [-9605, 4492], [-9592, 4499], [-9582, 4496], [-9568, 4502], [-9563, 4489], [-9576, 4474], [-9597, 4465], [-9606, 4467], [-9617, 4462], [-9623, 4475]]]}, "type": "Feature", "properties": {"name": "Craig County", "stateAbbrev": "VA", "state": "Virginia", "fips": "045", "incits": "51045", "id": "US.VA.045", "population": 5210}}, {"geometry": {"type": "Polygon", "coordinates": [[[-9871, 4449], [-9847, 4456], [-9841, 4461], [-9835, 4457], [-9832, 4448], [-9821, 4432], [-9823, 4429], [-9844, 4421], [-9853, 4422], [-9864, 4428], [-9870, 4439], [-9871, 4449]]]}, "type": "Feature", "properties": {"name": "Dickenson County", "stateAbbrev": "VA", "state": "Virginia", "fips": "051", "incits": "51051", "id": "US.VA.051", "population": 15486}}, {"geometry": {"type": "Polygon", "coordinates": [[[-9642, 4416], [-9630, 4421], [-9619, 4427], [-9608, 4427], [-9601, 4433], [-9587, 4439], [-9581, 4439], [-9579, 4427], [-9582, 4420], [-9594, 4409], [-9611, 4401], [-9614, 4393], [-9621, 4389], [-9642, 4416]]]}, "type": "Feature", "properties": {"name": "Floyd County", "stateAbbrev": "VA", "state": "Virginia", "fips": "063", "incits": "51063", "id": "US.VA.063", "population": 15528}}, {"geometry": {"type": "Polygon", "coordinates": [[[-9594, 4409], [-9582, 4420], [-9579, 4427], [-9581, 4439], [-9570, 4445], [-9561, 4441], [-9548, 4451], [-9532, 4447], [-9518, 4430], [-9523, 4407], [-9526, 4404], [-9542, 4399], [-9566, 4404], [-9571, 4400], [-9574, 4405], [-9594, 4409]]]}, "type": "Feature", "properties": {"name": "Franklin County", "stateAbbrev": "VA", "state": "Virginia", "fips": "067", "incits": "51067", "id": "US.VA.067", "population": 56335}}, {"geometry": {"type": "Polygon", "coordinates": [[[-9683, 4459], [-9667, 4466], [-9660, 4471], [-9650, 4471], [-9632, 4481], [-9623, 4475], [-9617, 4462], [-9626, 4457], [-9638, 4454], [-9659, 4447], [-9668, 4442], [-9687, 4457], [-9683, 4459]]]}, "type": "Feature", "properties": {"name": "Giles County", "stateAbbrev": "VA", "state": "Virginia", "fips": "071", "incits": "51071", "id": "US.VA.071", "population": 16925}}, {"geometry": {"type": "Polygon", "coordinates": [[[-9763, 4378], [-9758, 4381], [-9751, 4389], [-9737, 4391], [-9717, 4396], [-9696, 4397], [-9691, 4401], [-9677, 4385], [-9675, 4382], [-9666, 4371], [-9730, 4373], [-9766, 4375], [-9763, 4378]]]}, "type": "Feature", "properties": {"name": "Grayson County", "stateAbbrev": "VA", "state": "Virginia", "fips": "077", "incits": "51077", "id": "US.VA.077", "population": 15161}}, {"geometry": {"type": "Polygon", "coordinates": [[[-9472, 4369], [-9457, 4432], [-9447, 4428], [-9435, 4427], [-9434, 4422], [-9415, 4422], [-9414, 4414], [-9407, 4407], [-9404, 4388], [-9410, 4386], [-9414, 4369], [-9472, 4369]]]}, "type": "Feature", "properties": {"name": "Halifax County", "stateAbbrev": "VA", "state": "Virginia", "fips": "083", "incits": "51083", "id": "US.VA.083", "population": 35401}}, {"geometry": {"type": "Polygon", "coordinates": [[[-9571, 4400], [-9566, 4404], [-9542, 4399], [-9526, 4404], [-9523, 4407], [-9532, 4369], [-9572, 4369], [-9573, 4383], [-9577, 4397], [-9571, 4400]]]}, "type": "Feature", "properties": {"name": "Henry County", "stateAbbrev": "VA", "state": "Virginia", "fips": "089", "incits": "51089", "id": "US.VA.089", "population": 52617}}, {"geometry": {"type": "Polygon", "coordinates": [[[-9638, 4454], [-9626, 4457], [-9617, 4462], [-9606, 4467], [-9597, 4465], [-9589, 4452], [-9587, 4439], [-9601, 4433], [-9608, 4427], [-9619, 4427], [-9630, 4421], [-9635, 4435], [-9629, 4440], [-9639, 4450], [-9638, 4454]]]}, "type": "Feature", "properties": {"name": "Montgomery County", "stateAbbrev": "VA", "state": "Virginia", "fips": "121", "incits": "51121", "id": "US.VA.121", "population": 96207}}, {"geometry": {"type": "Polygon", "coordinates": [[[-9621, 4389], [-9614, 4393], [-9611, 4401], [-9594, 4409], [-9574, 4405], [-9571, 4400], [-9577, 4397], [-9573, 4383], [-9572, 4369], [-9601, 4370], [-9639, 4371], [-9640, 4379], [-9622, 4385], [-9621, 4389]]]}, "type": "Feature", "properties": {"name": "Patrick County", "stateAbbrev": "VA", "state": "Virginia", "fips": "141", "incits": "51141", "id": "US.VA.141", "population": 18368}}, {"geometry": {"type": "Polygon", "coordinates": [[[-9532, 4369], [-9523, 4407], [-9518, 4430], [-9499, 4431], [-9492, 4438], [-9477, 4440], [-9457, 4432], [-9472, 4369], [-9487, 4369], [-9486, 4377], [-9494, 4381], [-9502, 4369], [-9532, 4369]]]}, "type": "Feature", "properties": {"name": "Pittsylvania County", "stateAbbrev": "VA", "state": "Virginia", "fips": "143", "incits": "51143", "id": "US.VA.143", "population": 62426}}, {"geometry": {"type": "Polygon", "coordinates": [[[-9668, 4442], [-9659, 4447], [-9638, 4454], [-9639, 4450], [-9629, 4440], [-9635, 4435], [-9630, 4421], [-9642, 4416], [-9654, 4410], [-9673, 4428], [-9675, 4433], [-9677, 4438], [-9668, 4442]]]}, "type": "Feature", "properties": {"name": "Pulaski County", "stateAbbrev": "VA", "state": "Virginia", "fips": "155", "incits": "51155", "id": "US.VA.155", "population": 34507}}, {"geometry": {"type": "Polygon", "coordinates": [[[-9597, 4465], [-9576, 4474], [-9550, 4464], [-9548, 4461], [-9548, 4451], [-9561, 4441], [-9570, 4445], [-9581, 4439], [-9587, 4439], [-9589, 4452], [-9597, 4465]]]}, "type": "Feature", "properties": {"name": "Roanoke County", "stateAbbrev": "VA", "state": "Virginia", "fips": "161", "incits": "51161", "id": "US.VA.161", "population": 93524}}, {"geometry": {"type": "Polygon", "coordinates": [[[-9527, 4515], [-9519, 4527], [-9524, 4529], [-9504, 4554], [-9470, 4535], [-9465, 4531], [-9467, 4520], [-9474, 4521], [-9482, 4514], [-9488, 4503], [-9499, 4498], [-9499, 4492], [-9506, 4488], [-9528, 4503], [-9527, 4515]]]}, "type": "Feature", "properties": {"name": "Rockbridge County", "stateAbbrev": "VA", "state": "Virginia", "fips": "163", "incits": "51163", "id": "US.VA.163", "population": 22307}}, {"geometry": {"type": "Polygon", "coordinates": [[[-9853, 4410], [-9841, 4413], [-9844, 4421], [-9823, 4429], [-9811, 4430], [-9806, 4438], [-9793, 4441], [-9778, 4419], [-9785, 4416], [-9799, 4408], [-9803, 4410], [-9818, 4405], [-9818, 4400], [-9845, 4390], [-9853, 4410]]]}, "type": "Feature", "properties": {"name": "Russell County", "stateAbbrev": "VA", "state": "Virginia", "fips": "167", "incits": "51167", "id": "US.VA.167", "population": 28264}}, {"geometry": {"type": "Polygon", "coordinates": [[[-9923, 4376], [-9918, 4386], [-9906, 4391], [-9897, 4400], [-9889, 4402], [-9881, 4410], [-9853, 4410], [-9845, 4390], [-9840, 4376], [-9923, 4376]]]}, "type": "Feature", "properties": {"name": "Scott County", "stateAbbrev": "VA", "state": "Virginia", "fips": "169", "incits": "51169", "id": "US.VA.169", "population": 22640}}, {"geometry": {"type": "Polygon", "coordinates": [[[-9785, 4416], [-9778, 4419], [-9770, 4421], [-9767, 4416], [-9754, 4423], [-9738, 4425], [-9731, 4418], [-9726, 4413], [-9717, 4396], [-9737, 4391], [-9751, 4389], [-9758, 4381], [-9769, 4399], [-9785, 4416]]]}, "type": "Feature", "properties": {"name": "Smyth County", "stateAbbrev": "VA", "state": "Virginia", "fips": "173", "incits": "51173", "id": "US.VA.173", "population": 31652}}, {"geometry": {"type": "Polygon", "coordinates": [[[-9793, 4441], [-9776, 4449], [-9774, 4453], [-9767, 4448], [-9752, 4449], [-9729, 4465], [-9712, 4452], [-9720, 4450], [-9717, 4439], [-9724, 4432], [-9738, 4425], [-9754, 4423], [-9767, 4416], [-9770, 4421], [-9778, 4419], [-9793, 4441]]]}, "type": "Feature", "properties": {"name": "Tazewell County", "stateAbbrev": "VA", "state": "Virginia", "fips": "185", "incits": "51185", "id": "US.VA.185", "population": 44103}}, {"geometry": {"type": "Polygon", "coordinates": [[[-9845, 4390], [-9818, 4400], [-9818, 4405], [-9803, 4410], [-9799, 4408], [-9785, 4416], [-9769, 4399], [-9758, 4381], [-9763, 4378], [-9796, 4378], [-9797, 4376], [-9822, 4376], [-9834, 4376], [-9840, 4376], [-9845, 4390]]]}, "type": "Feature", "properties": {"name": "Washington County", "stateAbbrev": "VA", "state": "Virginia", "fips": "191", "incits": "51191", "id": "US.VA.191", "population": 54907}}, {"geometry": {"type": "Polygon", "coordinates": [[[-9871, 4449], [-9870, 4439], [-9864, 4428], [-9853, 4422], [-9844, 4421], [-9841, 4413], [-9853, 4410], [-9881, 4410], [-9889, 4402], [-9897, 4400], [-9910, 4411], [-9904, 4425], [-9891, 4431], [-9891, 4439], [-9871, 4449]]]}, "type": "Feature", "properties": {"name": "Wise County", "stateAbbrev": "VA", "state": "Virginia", "fips": "195", "incits": "51195", "id": "US.VA.195", "population": 40589}}, {"geometry": {"type": "Polygon", "coordinates": [[[-9731, 4418], [-9713, 4430], [-9698, 4427], [-9675, 4433], [-9673, 4428], [-9654, 4410], [-9691, 4401], [-9696, 4397], [-9717, 4396], [-9726, 4413], [-9731, 4418]]]}, "type": "Feature", "properties": {"name": "Wythe County", "stateAbbrev": "VA", "state": "Virginia", "fips": "197", "incits": "51197", "id": "US.VA.197", "population": 29344}}, {"geometry": {"type": "Polygon", "coordinates": [[[-9427, 4549], [-9420, 4554], [-9417, 4569], [-9405, 4577], [-9371, 4566], [-9352, 4559], [-9363, 4545], [-9385, 4519], [-9386, 4516], [-9400, 4515], [-9405, 4511], [-9427, 4549]]]}, "type": "Feature", "properties": {"name": "Albemarle County", "stateAbbrev": "VA", "state": "Virginia", "fips": "003", "incits": "51003", "id": "US.VA.003", "population": 103000}}, {"geometry": {"type": "Polygon", "coordinates": [[[-9343, 4479], [-9335, 4478], [-9329, 4483], [-9315, 4481], [-9309, 4474], [-9312, 4468], [-9299, 4457], [-9285, 4456], [-9297, 4448], [-9303, 4447], [-9354, 4460], [-9355, 4468], [-9351, 4475], [-9343, 4479]]]}, "type": "Feature", "properties": {"name": "Amelia County", "stateAbbrev": "VA", "state": "Virginia", "fips": "007", "incits": "51007", "id": "US.VA.007", "population": 12745}}, {"geometry": {"type": "Polygon", "coordinates": [[[-9449, 4476], [-9431, 4489], [-9426, 4491], [-9408, 4475], [-9398, 4472], [-9399, 4466], [-9408, 4454], [-9425, 4448], [-9437, 4454], [-9449, 4476]]]}, "type": "Feature", "properties": {"name": "Appomattox County", "stateAbbrev": "VA", "state": "Virginia", "fips": "011", "incits": "51011", "id": "US.VA.011", "population": 15255}}, {"geometry": {"type": "Polygon", "coordinates": [[[-9507, 4565], [-9495, 4573], [-9484, 4593], [-9473, 4601], [-9417, 4569], [-9420, 4554], [-9427, 4549], [-9431, 4547], [-9435, 4537], [-9446, 4530], [-9453, 4534], [-9465, 4531], [-9470, 4535], [-9504, 4554], [-9498, 4563], [-9507, 4565]]]}, "type": "Feature", "properties": {"name": "Augusta County", "stateAbbrev": "VA", "state": "Virginia", "fips": "015", "incits": "51015", "id": "US.VA.015", "population": 73912}}, {"geometry": {"type": "Polygon", "coordinates": [[[-9332, 4370], [-9330, 4398], [-9328, 4426], [-9314, 4423], [-9299, 4421], [-9286, 4411], [-9286, 4390], [-9299, 4370], [-9332, 4370]]]}, "type": "Feature", "properties": {"name": "Brunswick County", "stateAbbrev": "VA", "state": "Virginia", "fips": "025", "incits": "51025", "id": "US.VA.025", "population": 16973}}, {"geometry": {"type": "Polygon", "coordinates": [[[-9405, 4511], [-9400, 4515], [-9386, 4516], [-9385, 4519], [-9382, 4515], [-9356, 4507], [-9357, 4500], [-9382, 4465], [-9388, 4464], [-9398, 4472], [-9408, 4475], [-9426, 4491], [-9426, 4499], [-9415, 4500], [-9407, 4506], [-9405, 4511]]]}, "type": "Feature", "properties": {"name": "Buckingham County", "stateAbbrev": "VA", "state": "Virginia", "fips": "029", "incits": "51029", "id": "US.VA.029", "population": 17136}}, {"geometry": {"type": "Polygon", "coordinates": [[[-9284, 4543], [-9251, 4573], [-9246, 4573], [-9226, 4564], [-9221, 4560], [-9227, 4553], [-9218, 4545], [-9216, 4540], [-9229, 4538], [-9229, 4531], [-9240, 4528], [-9249, 4518], [-9284, 4543]]]}, "type": "Feature", "properties": {"name": "Caroline County", "stateAbbrev": "VA", "state": "Virginia", "fips": "033", "incits": "51033", "id": "US.VA.033", "population": 29298}}, {"geometry": {"type": "Polygon", "coordinates": [[[-9239, 4466], [-9237, 4470], [-9228, 4483], [-9218, 4477], [-9196, 4469], [-9192, 4463], [-9193, 4455], [-9200, 4453], [-9208, 4462], [-9239, 4463], [-9239, 4466]]]}, "type": "Feature", "properties": {"name": "Charles City County", "stateAbbrev": "VA", "state": "Virginia", "fips": "036", "incits": "51036", "id": "US.VA.036", "population": 7130}}, {"geometry": {"type": "Polygon", "coordinates": [[[-9435, 4427], [-9425, 4448], [-9408, 4454], [-9409, 4449], [-9396, 4441], [-9388, 4440], [-9380, 4434], [-9386, 4411], [-9404, 4388], [-9407, 4407], [-9414, 4414], [-9415, 4422], [-9434, 4422], [-9435, 4427]]]}, "type": "Feature", "properties": {"name": "Charlotte County", "stateAbbrev": "VA", "state": "Virginia", "fips": "037", "incits": "51037", "id": "US.VA.037", "population": 12305}}, {"geometry": {"type": "Polygon", "coordinates": [[[-9309, 4474], [-9285, 4492], [-9278, 4491], [-9270, 4488], [-9268, 4480], [-9257, 4478], [-9254, 4473], [-9243, 4467], [-9237, 4470], [-9239, 4466], [-9247, 4462], [-9250, 4458], [-9258, 4458], [-9259, 4457], [-9257, 4454], [-9257, 4453], [-9257, 4452], [-9259, 4451], [-9261, 4451], [-9261, 4451], [-9263, 4451], [-9264, 4451], [-9266, 4451], [-9270, 4450], [-9274, 4451], [-9285, 4456], [-9299, 4457], [-9312, 4468], [-9309, 4474]]]}, "type": "Feature", "properties": {"name": "Chesterfield County", "stateAbbrev": "VA", "state": "Virginia", "fips": "041", "incits": "51041", "id": "US.VA.041", "population": 327745}}, {"geometry": {"type": "Polygon", "coordinates": [[[-9355, 4608], [-9348, 4606], [-9337, 4616], [-9318, 4627], [-9311, 4621], [-9312, 4614], [-9304, 4607], [-9295, 4593], [-9283, 4593], [-9281, 4588], [-9291, 4587], [-9316, 4590], [-9338, 4581], [-9338, 4591], [-9343, 4597], [-9355, 4608]]]}, "type": "Feature", "properties": {"name": "Culpeper County", "stateAbbrev": "VA", "state": "Virginia", "fips": "047", "incits": "51047", "id": "US.VA.047", "population": 48506}}, {"geometry": {"type": "Polygon", "coordinates": [[[-9382, 4465], [-9357, 4500], [-9356, 4507], [-9346, 4514], [-9338, 4509], [-9335, 4503], [-9343, 4479], [-9351, 4475], [-9355, 4468], [-9365, 4461], [-9382, 4465]]]}, "type": "Feature", "properties": {"name": "Cumberland County", "stateAbbrev": "VA", "state": "Virginia", "fips": "049", "incits": "51049", "id": "US.VA.049", "population": 9841}}, {"geometry": {"type": "Polygon", "coordinates": [[[-9303, 4447], [-9297, 4448], [-9285, 4456], [-9274, 4451], [-9270, 4450], [-9266, 4451], [-9264, 4451], [-9263, 4451], [-9261, 4451], [-9261, 4450], [-9260, 4448], [-9260, 4447], [-9255, 4445], [-9255, 4444], [-9255, 4430], [-9256, 4423], [-9281, 4410], [-9286, 4411], [-9299, 4421], [-9314, 4423], [-9315, 4441], [-9303, 4447]]]}, "type": "Feature", "properties": {"name": "Dinwiddie County", "stateAbbrev": "VA", "state": "Virginia", "fips": "053", "incits": "51053", "id": "US.VA.053", "population": 27904}}, {"geometry": {"type": "Polygon", "coordinates": [[[-9221, 4560], [-9214, 4556], [-9200, 4553], [-9198, 4541], [-9185, 4532], [-9176, 4520], [-9169, 4516], [-9178, 4513], [-9183, 4519], [-9193, 4518], [-9209, 4525], [-9216, 4540], [-9218, 4545], [-9227, 4553], [-9221, 4560]]]}, "type": "Feature", "properties": {"name": "Essex County", "stateAbbrev": "VA", "state": "Virginia", "fips": "057", "incits": "51057", "id": "US.VA.057", "population": 11229}}, {"geometry": {"type": "Polygon", "coordinates": [[[-9385, 4519], [-9363, 4545], [-9334, 4533], [-9346, 4514], [-9356, 4507], [-9382, 4515], [-9385, 4519]]]}, "type": "Feature", "properties": {"name": "Fluvanna County", "stateAbbrev": "VA", "state": "Virginia", "fips": "065", "incits": "51065", "id": "US.VA.065", "population": 25977}}, {"geometry": {"type": "Polygon", "coordinates": [[[-9166, 4496], [-9150, 4490], [-9140, 4485], [-9141, 4478], [-9143, 4468], [-9136, 4465], [-9134, 4459], [-9143, 4455], [-9156, 4462], [-9172, 4477], [-9165, 4482], [-9168, 4488], [-9166, 4496]]]}, "type": "Feature", "properties": {"name": "Gloucester County", "stateAbbrev": "VA", "state": "Virginia", "fips": "073", "incits": "51073", "id": "US.VA.073", "population": 36834}}, {"geometry": {"type": "Polygon", "coordinates": [[[-9346, 4514], [-9334, 4533], [-9320, 4525], [-9314, 4515], [-9303, 4512], [-9283, 4509], [-9285, 4492], [-9305, 4499], [-9318, 4507], [-9324, 4499], [-9335, 4503], [-9338, 4509], [-9346, 4514]]]}, "type": "Feature", "properties": {"name": "Goochland County", "stateAbbrev": "VA", "state": "Virginia", "fips": "075", "incits": "51075", "id": "US.VA.075", "population": 21626}}, {"geometry": {"type": "Polygon", "coordinates": [[[-9405, 4577], [-9393, 4584], [-9385, 4594], [-9381, 4601], [-9378, 4588], [-9366, 4576], [-9361, 4576], [-9371, 4566], [-9405, 4577]]]}, "type": "Feature", "properties": {"name": "Greene County", "stateAbbrev": "VA", "state": "Virginia", "fips": "079", "incits": "51079", "id": "US.VA.079", "population": 18804}}, {"geometry": {"type": "Polygon", "coordinates": [[[-9299, 4370], [-9286, 4390], [-9286, 4411], [-9281, 4410], [-9274, 4406], [-9262, 4408], [-9266, 4391], [-9259, 4389], [-9267, 4385], [-9252, 4380], [-9250, 4373], [-9243, 4370], [-9299, 4370]]]}, "type": "Feature", "properties": {"name": "Greensville County", "stateAbbrev": "VA", "state": "Virginia", "fips": "081", "incits": "51081", "id": "US.VA.081", "population": 11886}}, {"geometry": {"type": "Polygon", "coordinates": [[[-9303, 4512], [-9289, 4545], [-9284, 4543], [-9249, 4518], [-9247, 4514], [-9234, 4507], [-9224, 4504], [-9223, 4500], [-9236, 4489], [-9256, 4497], [-9261, 4506], [-9275, 4506], [-9283, 4509], [-9303, 4512]]]}, "type": "Feature", "properties": {"name": "Hanover County", "stateAbbrev": "VA", "state": "Virginia", "fips": "085", "incits": "51085", "id": "US.VA.085", "population": 101330}}, {"geometry": {"type": "Polygon", "coordinates": [[[-9484, 4593], [-9495, 4573], [-9507, 4565], [-9531, 4570], [-9541, 4576], [-9543, 4580], [-9535, 4586], [-9529, 4595], [-9530, 4601], [-9523, 4615], [-9510, 4610], [-9503, 4598], [-9484, 4593]]]}, "type": "Feature", "properties": {"name": "Highland County", "stateAbbrev": "VA", "state": "Virginia", "fips": "091", "incits": "51091", "id": "US.VA.091", "population": 2215}}, {"geometry": {"type": "Polygon", "coordinates": [[[-9198, 4389], [-9185, 4412], [-9190, 4419], [-9189, 4424], [-9171, 4431], [-9168, 4441], [-9167, 4430], [-9159, 4428], [-9146, 4419], [-9151, 4414], [-9195, 4382], [-9196, 4382], [-9198, 4389]]]}, "type": "Feature", "properties": {"name": "Isle of Wight County", "stateAbbrev": "VA", "state": "Virginia", "fips": "093", "incits": "51093", "id": "US.VA.093", "population": 35656}}, {"geometry": {"type": "Polygon", "coordinates": [[[-9196, 4469], [-9190, 4478], [-9178, 4479], [-9168, 4468], [-9176, 4469], [-9175, 4461], [-9169, 4456], [-9158, 4450], [-9161, 4444], [-9165, 4451], [-9181, 4449], [-9192, 4453], [-9192, 4463], [-9196, 4469]]]}, "type": "Feature", "properties": {"name": "James City County", "stateAbbrev": "VA", "state": "Virginia", "fips": "095", "incits": "51095", "id": "US.VA.095", "population": 70516}}, {"geometry": {"type": "Polygon", "coordinates": [[[-9216, 4540], [-9209, 4525], [-9193, 4518], [-9183, 4519], [-9178, 4513], [-9177, 4508], [-9166, 4496], [-9168, 4488], [-9165, 4482], [-9172, 4477], [-9182, 4489], [-9190, 4500], [-9204, 4509], [-9211, 4511], [-9220, 4518], [-9229, 4531], [-9229, 4538], [-9216, 4540]]]}, "type": "Feature", "properties": {"name": "King and Queen County", "stateAbbrev": "VA", "state": "Virginia", "fips": "097", "incits": "51097", "id": "US.VA.097", "population": 7130}}, {"geometry": {"type": "Polygon", "coordinates": [[[-9162, 4521], [-9149, 4525], [-9139, 4523], [-9132, 4517], [-9130, 4508], [-9136, 4504], [-9146, 4510], [-9152, 4508], [-9162, 4521]]]}, "type": "Feature", "properties": {"name": "Lancaster County", "stateAbbrev": "VA", "state": "Virginia", "fips": "103", "incits": "51103", "id": "US.VA.103", "population": 11148}}, {"geometry": {"type": "Polygon", "coordinates": [[[-9386, 4411], [-9380, 4434], [-9355, 4439], [-9351, 4434], [-9337, 4426], [-9328, 4426], [-9330, 4398], [-9354, 4401], [-9364, 4406], [-9386, 4411]]]}, "type": "Feature", "properties": {"name": "Lunenburg County", "stateAbbrev": "VA", "state": "Virginia", "fips": "111", "incits": "51111", "id": "US.VA.111", "population": 12527}}, {"geometry": {"type": "Polygon", "coordinates": [[[-9381, 4601], [-9379, 4607], [-9372, 4611], [-9367, 4619], [-9355, 4608], [-9343, 4597], [-9338, 4591], [-9338, 4581], [-9350, 4573], [-9361, 4576], [-9366, 4576], [-9378, 4588], [-9381, 4601]]]}, "type": "Feature", "properties": {"name": "Madison County", "stateAbbrev": "VA", "state": "Virginia", "fips": "113", "incits": "51113", "id": "US.VA.113", "population": 13200}}, {"geometry": {"type": "Polygon", "coordinates": [[[-9140, 4485], [-9136, 4487], [-9117, 4477], [-9117, 4470], [-9124, 4463], [-9140, 4474], [-9141, 4478], [-9140, 4485]]]}, "type": "Feature", "properties": {"name": "Mathews County", "stateAbbrev": "VA", "state": "Virginia", "fips": "115", "incits": "51115", "id": "US.VA.115", "population": 8897}}, {"geometry": {"type": "Polygon", "coordinates": [[[-9404, 4388], [-9386, 4411], [-9364, 4406], [-9354, 4401], [-9330, 4398], [-9332, 4370], [-9414, 4369], [-9410, 4386], [-9404, 4388]]]}, "type": "Feature", "properties": {"name": "Mecklenburg County", "stateAbbrev": "VA", "state": "Virginia", "fips": "117", "incits": "51117", "id": "US.VA.117", "population": 31426}}, {"geometry": {"type": "Polygon", "coordinates": [[[-9178, 4513], [-9169, 4516], [-9160, 4511], [-9152, 4498], [-9139, 4497], [-9129, 4493], [-9131, 4488], [-9141, 4487], [-9150, 4490], [-9166, 4496], [-9177, 4508], [-9178, 4513]]]}, "type": "Feature", "properties": {"name": "Middlesex County", "stateAbbrev": "VA", "state": "Virginia", "fips": "119", "incits": "51119", "id": "US.VA.119", "population": 10762}}, {"geometry": {"type": "Polygon", "coordinates": [[[-9467, 4520], [-9465, 4531], [-9453, 4534], [-9446, 4530], [-9435, 4537], [-9431, 4547], [-9427, 4549], [-9405, 4511], [-9407, 4506], [-9415, 4500], [-9426, 4499], [-9426, 4491], [-9431, 4489], [-9435, 4490], [-9442, 4505], [-9454, 4510], [-9454, 4517], [-9467, 4520]]]}, "type": "Feature", "properties": {"name": "Nelson County", "stateAbbrev": "VA", "state": "Virginia", "fips": "125", "incits": "51125", "id": "US.VA.125", "population": 14789}}, {"geometry": {"type": "Polygon", "coordinates": [[[-9236, 4489], [-9223, 4500], [-9201, 4488], [-9184, 4487], [-9178, 4479], [-9190, 4478], [-9196, 4469], [-9218, 4477], [-9228, 4483], [-9236, 4489]]]}, "type": "Feature", "properties": {"name": "New Kent County", "stateAbbrev": "VA", "state": "Virginia", "fips": "127", "incits": "51127", "id": "US.VA.127", "population": 19507}}, {"geometry": {"type": "Polygon", "coordinates": [[[-9069, 4491], [-9062, 4488], [-9065, 4480], [-9066, 4476], [-9077, 4465], [-9080, 4443], [-9087, 4444], [-9091, 4455], [-9090, 4464], [-9084, 4471], [-9086, 4476], [-9079, 4491], [-9069, 4491]]]}, "type": "Feature", "properties": {"name": "Northampton County", "stateAbbrev": "VA", "state": "Virginia", "fips": "131", "incits": "51131", "id": "US.VA.131", "population": 12125}}, {"geometry": {"type": "Polygon", "coordinates": [[[-9355, 4439], [-9354, 4460], [-9303, 4447], [-9315, 4441], [-9314, 4423], [-9328, 4426], [-9337, 4426], [-9351, 4434], [-9355, 4439]]]}, "type": "Feature", "properties": {"name": "Nottoway County", "stateAbbrev": "VA", "state": "Virginia", "fips": "135", "incits": "51135", "id": "US.VA.135", "population": 15773}}, {"geometry": {"type": "Polygon", "coordinates": [[[-9403, 4616], [-9392, 4632], [-9388, 4631], [-9373, 4643], [-9361, 4635], [-9366, 4628], [-9367, 4619], [-9372, 4611], [-9379, 4607], [-9381, 4601], [-9385, 4594], [-9399, 4599], [-9409, 4606], [-9403, 4616]]]}, "type": "Feature", "properties": {"name": "Page County", "stateAbbrev": "VA", "state": "Virginia", "fips": "139", "incits": "51139", "id": "US.VA.139", "population": 23821}}, {"geometry": {"type": "Polygon", "coordinates": [[[-9343, 4479], [-9335, 4503], [-9324, 4499], [-9318, 4507], [-9305, 4499], [-9285, 4492], [-9309, 4474], [-9315, 4481], [-9329, 4483], [-9335, 4478], [-9343, 4479]]]}, "type": "Feature", "properties": {"name": "Powhatan County", "stateAbbrev": "VA", "state": "Virginia", "fips": "145", "incits": "51145", "id": "US.VA.145", "population": 28259}}, {"geometry": {"type": "Polygon", "coordinates": [[[-9408, 4454], [-9399, 4466], [-9398, 4472], [-9388, 4464], [-9382, 4465], [-9365, 4461], [-9355, 4468], [-9354, 4460], [-9355, 4439], [-9380, 4434], [-9388, 4440], [-9396, 4441], [-9409, 4449], [-9408, 4454]]]}, "type": "Feature", "properties": {"name": "Prince Edward County", "stateAbbrev": "VA", "state": "Virginia", "fips": "147", "incits": "51147", "id": "US.VA.147", "population": 22802}}, {"geometry": {"type": "Polygon", "coordinates": [[[-9256, 4423], [-9255, 4430], [-9255, 4444], [-9255, 4445], [-9253, 4445], [-9251, 4445], [-9250, 4445], [-9249, 4445], [-9248, 4445], [-9247, 4448], [-9250, 4458], [-9247, 4462], [-9246, 4456], [-9233, 4462], [-9220, 4460], [-9209, 4451], [-9226, 4437], [-9256, 4423]]]}, "type": "Feature", "properties": {"name": "Prince George County", "stateAbbrev": "VA", "state": "Virginia", "fips": "149", "incits": "51149", "id": "US.VA.149", "population": 37253}}, {"geometry": {"type": "Polygon", "coordinates": [[[-9367, 4619], [-9366, 4628], [-9361, 4635], [-9350, 4637], [-9342, 4647], [-9330, 4639], [-9327, 4630], [-9318, 4627], [-9337, 4616], [-9348, 4606], [-9355, 4608], [-9367, 4619]]]}, "type": "Feature", "properties": {"name": "Rappahannock County", "stateAbbrev": "VA", "state": "Virginia", "fips": "157", "incits": "51157", "id": "US.VA.157", "population": 7478}}, {"geometry": {"type": "Polygon", "coordinates": [[[-9200, 4554], [-9194, 4558], [-9179, 4545], [-9164, 4540], [-9154, 4535], [-9149, 4525], [-9162, 4521], [-9175, 4524], [-9181, 4534], [-9194, 4543], [-9200, 4554]]]}, "type": "Feature", "properties": {"name": "Richmond County", "stateAbbrev": "VA", "state": "Virginia", "fips": "159", "incits": "51159", "id": "US.VA.159", "population": 8953}}, {"geometry": {"type": "Polygon", "coordinates": [[[-9431, 4635], [-9403, 4616], [-9409, 4606], [-9399, 4599], [-9385, 4594], [-9393, 4584], [-9405, 4577], [-9417, 4569], [-9473, 4601], [-9462, 4622], [-9457, 4623], [-9455, 4633], [-9446, 4645], [-9431, 4635]]]}, "type": "Feature", "properties": {"name": "Rockingham County", "stateAbbrev": "VA", "state": "Virginia", "fips": "165", "incits": "51165", "id": "US.VA.165", "population": 77741}}, {"geometry": {"type": "Polygon", "coordinates": [[[-9431, 4635], [-9421, 4650], [-9415, 4655], [-9408, 4654], [-9399, 4659], [-9391, 4670], [-9381, 4667], [-9375, 4674], [-9364, 4665], [-9362, 4657], [-9373, 4643], [-9388, 4631], [-9392, 4632], [-9403, 4616], [-9431, 4635]]]}, "type": "Feature", "properties": {"name": "Shenandoah County", "stateAbbrev": "VA", "state": "Virginia", "fips": "171", "incits": "51171", "id": "US.VA.171", "population": 42684}}, {"geometry": {"type": "Polygon", "coordinates": [[[-9259, 4389], [-9202, 4418], [-9189, 4424], [-9190, 4419], [-9185, 4412], [-9198, 4389], [-9196, 4382], [-9195, 4382], [-9197, 4371], [-9243, 4370], [-9250, 4373], [-9252, 4380], [-9267, 4385], [-9259, 4389]]]}, "type": "Feature", "properties": {"name": "Southampton County", "stateAbbrev": "VA", "state": "Virginia", "fips": "175", "incits": "51175", "id": "US.VA.175", "population": 18128}}, {"geometry": {"type": "Polygon", "coordinates": [[[-9226, 4437], [-9209, 4451], [-9185, 4449], [-9168, 4441], [-9171, 4431], [-9189, 4424], [-9202, 4418], [-9203, 4430], [-9226, 4437]]]}, "type": "Feature", "properties": {"name": "Surry County", "stateAbbrev": "VA", "state": "Virginia", "fips": "181", "incits": "51181", "id": "US.VA.181", "population": 6765}}, {"geometry": {"type": "Polygon", "coordinates": [[[-9281, 4410], [-9256, 4423], [-9226, 4437], [-9203, 4430], [-9202, 4418], [-9259, 4389], [-9266, 4391], [-9262, 4408], [-9274, 4406], [-9281, 4410]]]}, "type": "Feature", "properties": {"name": "Sussex County", "stateAbbrev": "VA", "state": "Virginia", "fips": "183", "incits": "51183", "id": "US.VA.183", "population": 11810}}, {"geometry": {"type": "Polygon", "coordinates": [[[-9207, 4577], [-9201, 4569], [-9193, 4565], [-9161, 4561], [-9149, 4548], [-9161, 4544], [-9164, 4540], [-9179, 4545], [-9194, 4558], [-9200, 4554], [-9211, 4556], [-9215, 4563], [-9213, 4575], [-9207, 4577]]]}, "type": "Feature", "properties": {"name": "Westmoreland County", "stateAbbrev": "VA", "state": "Virginia", "fips": "193", "incits": "51193", "id": "US.VA.193", "population": 17612}}, {"geometry": {"type": "Polygon", "coordinates": [[[-9283, 4509], [-9275, 4506], [-9261, 4506], [-9256, 4497], [-9236, 4489], [-9228, 4483], [-9237, 4470], [-9243, 4467], [-9254, 4473], [-9257, 4478], [-9253, 4487], [-9257, 4494], [-9264, 4496], [-9271, 4491], [-9278, 4491], [-9285, 4492], [-9283, 4509]]]}, "type": "Feature", "properties": {"name": "Henrico County", "stateAbbrev": "VA", "state": "Virginia", "fips": "087", "incits": "51087", "id": "US.VA.087", "population": 318611}}, {"geometry": {"type": "Polygon", "coordinates": [[[-9249, 4518], [-9240, 4528], [-9229, 4531], [-9220, 4518], [-9211, 4511], [-9204, 4509], [-9190, 4500], [-9182, 4489], [-9184, 4487], [-9201, 4488], [-9223, 4500], [-9224, 4504], [-9234, 4507], [-9247, 4514], [-9249, 4518]]]}, "type": "Feature", "properties": {"name": "King William County", "stateAbbrev": "VA", "state": "Virginia", "fips": "101", "incits": "51101", "id": "US.VA.101", "population": 16097}}, {"geometry": {"type": "Polygon", "coordinates": [[[-9487, 4369], [-9502, 4369], [-9494, 4381], [-9486, 4377], [-9487, 4369]]]}, "type": "Feature", "properties": {"name": "Danville city", "stateAbbrev": "VA", "state": "Virginia", "fips": "590", "incits": "51590", "id": "US.VA.590", "population": 42907}}, {"geometry": {"type": "Polygon", "coordinates": [[[-9146, 4370], [-9142, 4402], [-9138, 4408], [-9127, 4399], [-9126, 4400], [-9124, 4400], [-9124, 4400], [-9122, 4403], [-9117, 4404], [-9117, 4404], [-9115, 4405], [-9112, 4397], [-9105, 4395], [-9096, 4387], [-9102, 4384], [-9102, 4370], [-9146, 4370]]]}, "type": "Feature", "properties": {"name": "Chesapeake city", "stateAbbrev": "VA", "state": "Virginia", "fips": "550", "incits": "51550", "id": "US.VA.550", "population": 230571}}, {"geometry": {"type": "Polygon", "coordinates": [[[-9140, 4435], [-9135, 4437], [-9104, 4438], [-9104, 4429], [-9127, 4420], [-9128, 4415], [-9134, 4418], [-9141, 4429], [-9140, 4435]]]}, "type": "Feature", "properties": {"name": "Hampton city", "stateAbbrev": "VA", "state": "Virginia", "fips": "650", "incits": "51650", "id": "US.VA.650", "population": 136699}}, {"geometry": {"type": "Polygon", "coordinates": [[[-9161, 4444], [-9158, 4450], [-9155, 4451], [-9140, 4435], [-9141, 4429], [-9134, 4418], [-9135, 4416], [-9141, 4417], [-9144, 4421], [-9163, 4435], [-9161, 4444]]]}, "type": "Feature", "properties": {"name": "Newport News city", "stateAbbrev": "VA", "state": "Virginia", "fips": "700", "incits": "51700", "id": "US.VA.700", "population": 182020}}, {"geometry": {"type": "Polygon", "coordinates": [[[-9127, 4448], [-9104, 4447], [-9104, 4438], [-9135, 4437], [-9137, 4443], [-9127, 4448]]]}, "type": "Feature", "properties": {"name": "Poquoson city", "stateAbbrev": "VA", "state": "Virginia", "fips": "735", "incits": "51735", "id": "US.VA.735", "population": 12104}}, {"geometry": {"type": "Polygon", "coordinates": [[[-9168, 4468], [-9166, 4469], [-9149, 4454], [-9144, 4452], [-9127, 4454], [-9127, 4448], [-9137, 4443], [-9135, 4437], [-9140, 4435], [-9155, 4451], [-9158, 4450], [-9169, 4456], [-9175, 4461], [-9176, 4469], [-9168, 4468]]]}, "type": "Feature", "properties": {"name": "York County", "stateAbbrev": "VA", "state": "Virginia", "fips": "199", "incits": "51199", "id": "US.VA.199", "population": 66269}}], "ac-tx": {"default": {"crs": "wsg84", "scale": 119.57290424128871, "xoffset": 0, "yoffset": 0}}}