{"crs": {"type": "name", "properties": {"name": "urn:ogc:def:crs:EPSG:4326"}}, "type": "FeatureCollection", "features": [{"geometry": {"type": "Polygon", "coordinates": [[[-9945, 4667], [-9916, 4666], [-9900, 4665], [-9903, 4628], [-9933, 4629], [-9944, 4632], [-9944, 4636], [-9944, 4636], [-9941, 4662], [-9945, 4667]]]}, "type": "Feature", "properties": {"name": "Warren County", "stateAbbrev": "OH", "state": "Ohio", "fips": "165", "incits": "39165", "id": "US.OH.165", "population": 219169}}, {"geometry": {"type": "Polygon", "coordinates": [[[-9933, 4629], [-9903, 4628], [-9902, 4627], [-9909, 4571], [-9927, 4575], [-9930, 4585], [-9940, 4600], [-9938, 4618], [-9933, 4629]]]}, "type": "Feature", "properties": {"name": "Clermont County", "stateAbbrev": "OH", "state": "Ohio", "fips": "025", "incits": "39025", "id": "US.OH.025", "population": 200218}}, {"geometry": {"type": "Polygon", "coordinates": [[[-9903, 4628], [-9900, 4665], [-9863, 4662], [-9852, 4662], [-9854, 4642], [-9877, 4628], [-9887, 4627], [-9902, 4627], [-9903, 4628]]]}, "type": "Feature", "properties": {"name": "Clinton County", "stateAbbrev": "OH", "state": "Ohio", "fips": "027", "incits": "39027", "id": "US.OH.027", "population": 41945}}, {"geometry": {"type": "Polygon", "coordinates": [[[-9916, 4666], [-9913, 4696], [-9909, 4698], [-9882, 4695], [-9861, 4689], [-9861, 4682], [-9863, 4662], [-9900, 4665], [-9916, 4666]]]}, "type": "Feature", "properties": {"name": "Greene County", "stateAbbrev": "OH", "state": "Ohio", "fips": "057", "incits": "39057", "id": "US.OH.057", "population": 163204}}, {"geometry": {"type": "Polygon", "coordinates": [[[-9960, 4706], [-9953, 4706], [-9922, 4706], [-9908, 4701], [-9909, 4698], [-9913, 4696], [-9916, 4666], [-9945, 4667], [-9959, 4667], [-9960, 4706]]]}, "type": "Feature", "properties": {"name": "Montgomery County", "stateAbbrev": "OH", "state": "Ohio", "fips": "113", "incits": "39113", "id": "US.OH.113", "population": 535846}}, {"geometry": {"type": "Polygon", "coordinates": [[[-9999, 4633], [-9998, 4664], [-9959, 4665], [-9959, 4667], [-9945, 4667], [-9941, 4662], [-9944, 4636], [-9944, 4636], [-9944, 4632], [-9977, 4634], [-9999, 4633]]]}, "type": "Feature", "properties": {"name": "Butler County", "stateAbbrev": "OH", "state": "Ohio", "fips": "017", "incits": "39017", "id": "US.OH.017", "population": 371272}}, {"geometry": {"type": "Polygon", "coordinates": [[[-9999, 4633], [-9977, 4634], [-9944, 4632], [-9933, 4629], [-9938, 4618], [-9940, 4600], [-9954, 4609], [-9977, 4607], [-9991, 4615], [-9999, 4610], [-9999, 4633]]]}, "type": "Feature", "properties": {"name": "Hamilton County", "stateAbbrev": "OH", "state": "Ohio", "fips": "061", "incits": "39061", "id": "US.OH.061", "population": 804520}}, {"geometry": {"type": "Polygon", "coordinates": [[[-9909, 4571], [-9902, 4627], [-9887, 4627], [-9887, 4600], [-9864, 4600], [-9868, 4555], [-9887, 4570], [-9909, 4571]]]}, "type": "Feature", "properties": {"name": "Brown County", "stateAbbrev": "OH", "state": "Ohio", "fips": "015", "incits": "39015", "id": "US.OH.015", "population": 44264}}, {"geometry": {"type": "Polygon", "coordinates": [[[-9809, 4728], [-9804, 4732], [-9756, 4730], [-9759, 4708], [-9764, 4691], [-9813, 4693], [-9814, 4721], [-9809, 4728]]]}, "type": "Feature", "properties": {"name": "Franklin County", "stateAbbrev": "OH", "state": "Ohio", "fips": "049", "incits": "39049", "id": "US.OH.049", "population": 1212263}}, {"geometry": {"type": "Polygon", "coordinates": [[[-9861, 4682], [-9861, 4689], [-9854, 4688], [-9845, 4717], [-9844, 4729], [-9809, 4728], [-9814, 4721], [-9813, 4693], [-9814, 4680], [-9861, 4682]]]}, "type": "Feature", "properties": {"name": "Madison County", "stateAbbrev": "OH", "state": "Ohio", "fips": "097", "incits": "39097", "id": "US.OH.097", "population": 43277}}, {"geometry": {"type": "Polygon", "coordinates": [[[-9849, 4742], [-9846, 4775], [-9834, 4775], [-9814, 4775], [-9814, 4768], [-9814, 4744], [-9805, 4744], [-9804, 4732], [-9809, 4728], [-9844, 4729], [-9843, 4742], [-9849, 4742]]]}, "type": "Feature", "properties": {"name": "Union County", "stateAbbrev": "OH", "state": "Ohio", "fips": "159", "incits": "39159", "id": "US.OH.159", "population": 53306}}, {"geometry": {"type": "Polygon", "coordinates": [[[-9814, 4768], [-9787, 4767], [-9776, 4758], [-9754, 4757], [-9755, 4748], [-9756, 4730], [-9804, 4732], [-9805, 4744], [-9814, 4744], [-9814, 4768]]]}, "type": "Feature", "properties": {"name": "Delaware County", "stateAbbrev": "OH", "state": "Ohio", "fips": "041", "incits": "39041", "id": "US.OH.041", "population": 184979}}, {"geometry": {"type": "Polygon", "coordinates": [[[-9759, 4708], [-9756, 4730], [-9755, 4748], [-9723, 4744], [-9690, 4744], [-9689, 4735], [-9690, 4710], [-9694, 4705], [-9721, 4707], [-9759, 4708]]]}, "type": "Feature", "properties": {"name": "Licking County", "stateAbbrev": "OH", "state": "Ohio", "fips": "089", "incits": "39089", "id": "US.OH.089", "population": 168375}}, {"geometry": {"type": "Polygon", "coordinates": [[[-9764, 4691], [-9759, 4708], [-9721, 4707], [-9721, 4706], [-9721, 4706], [-9713, 4696], [-9711, 4675], [-9724, 4676], [-9725, 4669], [-9753, 4663], [-9766, 4664], [-9764, 4691]]]}, "type": "Feature", "properties": {"name": "Fairfield County", "stateAbbrev": "OH", "state": "Ohio", "fips": "045", "incits": "39045", "id": "US.OH.045", "population": 148867}}, {"geometry": {"type": "Polygon", "coordinates": [[[-9816, 4658], [-9814, 4680], [-9813, 4693], [-9764, 4691], [-9766, 4664], [-9753, 4663], [-9754, 4653], [-9774, 4654], [-9774, 4654], [-9774, 4654], [-9775, 4654], [-9794, 4658], [-9798, 4658], [-9816, 4658]]]}, "type": "Feature", "properties": {"name": "Pickaway County", "stateAbbrev": "OH", "state": "Ohio", "fips": "129", "incits": "39129", "id": "US.OH.129", "population": 56304}}, {"geometry": {"type": "Polygon", "coordinates": [[[-9909, 4698], [-9908, 4701], [-9907, 4720], [-9845, 4717], [-9854, 4688], [-9861, 4689], [-9882, 4695], [-9909, 4698]]]}, "type": "Feature", "properties": {"name": "Clark County", "stateAbbrev": "OH", "state": "Ohio", "fips": "023", "incits": "39023", "id": "US.OH.023", "population": 136167}}, {"geometry": {"type": "Polygon", "coordinates": [[[-9907, 4720], [-9905, 4737], [-9904, 4748], [-9849, 4742], [-9843, 4742], [-9844, 4729], [-9845, 4717], [-9907, 4720]]]}, "type": "Feature", "properties": {"name": "Champaign County", "stateAbbrev": "OH", "state": "Ohio", "fips": "021", "incits": "39021", "id": "US.OH.021", "population": 39455}}, {"geometry": {"type": "Polygon", "coordinates": [[[-9904, 4748], [-9903, 4755], [-9903, 4757], [-9903, 4772], [-9888, 4779], [-9846, 4775], [-9849, 4742], [-9904, 4748]]]}, "type": "Feature", "properties": {"name": "Logan County", "stateAbbrev": "OH", "state": "Ohio", "fips": "091", "incits": "39091", "id": "US.OH.091", "population": 45481}}, {"geometry": {"type": "Polygon", "coordinates": [[[-9834, 4796], [-9798, 4798], [-9768, 4799], [-9779, 4791], [-9780, 4773], [-9787, 4767], [-9814, 4768], [-9814, 4775], [-9834, 4775], [-9834, 4796]]]}, "type": "Feature", "properties": {"name": "Marion County", "stateAbbrev": "OH", "state": "Ohio", "fips": "101", "incits": "39101", "id": "US.OH.101", "population": 65905}}, {"geometry": {"type": "Polygon", "coordinates": [[[-9787, 4767], [-9780, 4773], [-9779, 4791], [-9768, 4799], [-9752, 4799], [-9741, 4799], [-9740, 4780], [-9743, 4756], [-9754, 4757], [-9776, 4758], [-9787, 4767]]]}, "type": "Feature", "properties": {"name": "Morrow County", "stateAbbrev": "OH", "state": "Ohio", "fips": "117", "incits": "39117", "id": "US.OH.117", "population": 35033}}, {"geometry": {"type": "Polygon", "coordinates": [[[-9755, 4748], [-9754, 4757], [-9743, 4756], [-9740, 4780], [-9706, 4781], [-9693, 4782], [-9688, 4769], [-9690, 4744], [-9723, 4744], [-9755, 4748]]]}, "type": "Feature", "properties": {"name": "Knox County", "stateAbbrev": "OH", "state": "Ohio", "fips": "083", "incits": "39083", "id": "US.OH.083", "population": 60810}}, {"geometry": {"type": "Polygon", "coordinates": [[[-9690, 4744], [-9688, 4769], [-9632, 4768], [-9633, 4759], [-9621, 4759], [-9622, 4741], [-9633, 4733], [-9677, 4735], [-9678, 4735], [-9689, 4735], [-9690, 4744]]]}, "type": "Feature", "properties": {"name": "Coshocton County", "stateAbbrev": "OH", "state": "Ohio", "fips": "031", "incits": "39031", "id": "US.OH.031", "population": 36760}}, {"geometry": {"type": "Polygon", "coordinates": [[[-9694, 4705], [-9690, 4710], [-9689, 4735], [-9678, 4735], [-9677, 4735], [-9633, 4733], [-9635, 4707], [-9631, 4697], [-9631, 4687], [-9676, 4688], [-9687, 4694], [-9694, 4705]]]}, "type": "Feature", "properties": {"name": "Muskingum County", "stateAbbrev": "OH", "state": "Ohio", "fips": "119", "incits": "39119", "id": "US.OH.119", "population": 85231}}, {"geometry": {"type": "Polygon", "coordinates": [[[-9721, 4706], [-9721, 4706], [-9721, 4707], [-9694, 4705], [-9687, 4694], [-9676, 4688], [-9669, 4683], [-9672, 4662], [-9685, 4663], [-9711, 4668], [-9711, 4675], [-9713, 4696], [-9721, 4706]]]}, "type": "Feature", "properties": {"name": "Perry County", "stateAbbrev": "OH", "state": "Ohio", "fips": "127", "incits": "39127", "id": "US.OH.127", "population": 35997}}, {"geometry": {"type": "Polygon", "coordinates": [[[-9755, 4641], [-9754, 4653], [-9753, 4663], [-9725, 4669], [-9724, 4676], [-9711, 4675], [-9711, 4668], [-9685, 4663], [-9686, 4652], [-9700, 4653], [-9701, 4643], [-9755, 4641]]]}, "type": "Feature", "properties": {"name": "Hocking County", "stateAbbrev": "OH", "state": "Ohio", "fips": "073", "incits": "39073", "id": "US.OH.073", "population": 28665}}, {"geometry": {"type": "Polygon", "coordinates": [[[-9828, 4642], [-9816, 4658], [-9798, 4658], [-9794, 4658], [-9775, 4654], [-9774, 4654], [-9774, 4654], [-9774, 4654], [-9754, 4653], [-9755, 4641], [-9757, 4622], [-9759, 4617], [-9826, 4621], [-9828, 4642]]]}, "type": "Feature", "properties": {"name": "Ross County", "stateAbbrev": "OH", "state": "Ohio", "fips": "141", "incits": "39141", "id": "US.OH.141", "population": 77910}}, {"geometry": {"type": "Polygon", "coordinates": [[[-9863, 4662], [-9861, 4682], [-9814, 4680], [-9816, 4658], [-9828, 4642], [-9854, 4642], [-9852, 4662], [-9863, 4662]]]}, "type": "Feature", "properties": {"name": "Fayette County", "stateAbbrev": "OH", "state": "Ohio", "fips": "047", "incits": "39047", "id": "US.OH.047", "population": 28800}}, {"geometry": {"type": "Polygon", "coordinates": [[[-9887, 4627], [-9877, 4628], [-9854, 4642], [-9828, 4642], [-9826, 4621], [-9830, 4604], [-9864, 4600], [-9887, 4600], [-9887, 4627]]]}, "type": "Feature", "properties": {"name": "Highland County", "stateAbbrev": "OH", "state": "Ohio", "fips": "071", "incits": "39071", "id": "US.OH.071", "population": 43299}}, {"geometry": {"type": "Polygon", "coordinates": [[[-9698, 4921], [-9651, 4942], [-9662, 4931], [-9663, 4875], [-9652, 4875], [-9652, 4866], [-9663, 4866], [-9663, 4857], [-9675, 4857], [-9687, 4849], [-9687, 4841], [-9706, 4841], [-9707, 4867], [-9709, 4911], [-9698, 4921]]]}, "type": "Feature", "properties": {"name": "Lorain County", "stateAbbrev": "OH", "state": "Ohio", "fips": "093", "incits": "39093", "id": "US.OH.093", "population": 302827}}, {"geometry": {"type": "Polygon", "coordinates": [[[-9779, 4887], [-9749, 4891], [-9739, 4897], [-9759, 4903], [-9753, 4916], [-9747, 4913], [-9713, 4913], [-9698, 4921], [-9709, 4911], [-9707, 4867], [-9766, 4867], [-9766, 4884], [-9779, 4887]]]}, "type": "Feature", "properties": {"name": "Erie County", "stateAbbrev": "OH", "state": "Ohio", "fips": "043", "incits": "39043", "id": "US.OH.043", "population": 76048}}, {"geometry": {"type": "Polygon", "coordinates": [[[-9605, 4963], [-9578, 4976], [-9549, 4980], [-9549, 4918], [-9561, 4917], [-9561, 4909], [-9583, 4909], [-9584, 4900], [-9595, 4900], [-9606, 4900], [-9605, 4963]]]}, "type": "Feature", "properties": {"name": "Lake County", "stateAbbrev": "OH", "state": "Ohio", "fips": "085", "incits": "39085", "id": "US.OH.085", "population": 229857}}, {"geometry": {"type": "Polygon", "coordinates": [[[-9833, 4906], [-9804, 4907], [-9792, 4935], [-9753, 4916], [-9759, 4903], [-9739, 4897], [-9749, 4891], [-9779, 4887], [-9824, 4887], [-9833, 4892], [-9833, 4906]]]}, "type": "Feature", "properties": {"name": "Ottawa County", "stateAbbrev": "OH", "state": "Ohio", "fips": "123", "incits": "39123", "id": "US.OH.123", "population": 41153}}, {"geometry": {"type": "Polygon", "coordinates": [[[-9651, 4942], [-9605, 4963], [-9606, 4900], [-9595, 4900], [-9595, 4874], [-9619, 4875], [-9616, 4866], [-9629, 4866], [-9652, 4866], [-9652, 4875], [-9663, 4875], [-9662, 4931], [-9651, 4942]]]}, "type": "Feature", "properties": {"name": "Cuyahoga County", "stateAbbrev": "OH", "state": "Ohio", "fips": "035", "incits": "39035", "id": "US.OH.035", "population": 1263154}}, {"geometry": {"type": "Polygon", "coordinates": [[[-9549, 4980], [-9492, 4989], [-9492, 4892], [-9549, 4892], [-9549, 4918], [-9549, 4980]]]}, "type": "Feature", "properties": {"name": "Ashtabula County", "stateAbbrev": "OH", "state": "Ohio", "fips": "007", "incits": "39007", "id": "US.OH.007", "population": 99811}}, {"geometry": {"type": "Polygon", "coordinates": [[[-9889, 4882], [-9889, 4891], [-9888, 4918], [-9833, 4920], [-9798, 4946], [-9792, 4935], [-9804, 4907], [-9833, 4906], [-9851, 4906], [-9867, 4897], [-9869, 4891], [-9889, 4882]]]}, "type": "Feature", "properties": {"name": "Lucas County", "stateAbbrev": "OH", "state": "Ohio", "fips": "095", "incits": "39095", "id": "US.OH.095", "population": 436393}}, {"geometry": {"type": "Polygon", "coordinates": [[[-9706, 4841], [-9687, 4841], [-9682, 4832], [-9681, 4794], [-9693, 4794], [-9693, 4782], [-9706, 4781], [-9707, 4801], [-9716, 4813], [-9718, 4832], [-9718, 4841], [-9706, 4841]]]}, "type": "Feature", "properties": {"name": "Ashland County", "stateAbbrev": "OH", "state": "Ohio", "fips": "005", "incits": "39005", "id": "US.OH.005", "population": 53043}}, {"geometry": {"type": "Polygon", "coordinates": [[[-9589, 4741], [-9581, 4751], [-9580, 4766], [-9542, 4765], [-9533, 4765], [-9535, 4734], [-9575, 4735], [-9589, 4741]]]}, "type": "Feature", "properties": {"name": "Harrison County", "stateAbbrev": "OH", "state": "Ohio", "fips": "067", "incits": "39067", "id": "US.OH.067", "population": 15622}}, {"geometry": {"type": "Polygon", "coordinates": [[[-9586, 4792], [-9577, 4801], [-9559, 4801], [-9539, 4801], [-9539, 4791], [-9532, 4786], [-9539, 4781], [-9542, 4765], [-9580, 4766], [-9580, 4782], [-9586, 4792]]]}, "type": "Feature", "properties": {"name": "Carroll County", "stateAbbrev": "OH", "state": "Ohio", "fips": "019", "incits": "39019", "id": "US.OH.019", "population": 28275}}, {"geometry": {"type": "Polygon", "coordinates": [[[-9681, 4794], [-9625, 4794], [-9625, 4790], [-9628, 4768], [-9632, 4768], [-9688, 4769], [-9693, 4782], [-9693, 4794], [-9681, 4794]]]}, "type": "Feature", "properties": {"name": "Holmes County", "stateAbbrev": "OH", "state": "Ohio", "fips": "075", "incits": "39075", "id": "US.OH.075", "population": 43593}}, {"geometry": {"type": "Polygon", "coordinates": [[[-9956, 4796], [-9949, 4796], [-9929, 4796], [-9915, 4791], [-9888, 4791], [-9888, 4779], [-9903, 4772], [-9942, 4772], [-9942, 4760], [-9954, 4757], [-9956, 4758], [-9956, 4796]]]}, "type": "Feature", "properties": {"name": "Auglaize County", "stateAbbrev": "OH", "state": "Ohio", "fips": "011", "incits": "39011", "id": "US.OH.011", "population": 45920}}, {"geometry": {"type": "Polygon", "coordinates": [[[-9888, 4853], [-9834, 4853], [-9834, 4832], [-9838, 4832], [-9845, 4812], [-9888, 4812], [-9888, 4824], [-9888, 4853]]]}, "type": "Feature", "properties": {"name": "Hancock County", "stateAbbrev": "OH", "state": "Ohio", "fips": "063", "incits": "39063", "id": "US.OH.063", "population": 75773}}, {"geometry": {"type": "Polygon", "coordinates": [[[-9559, 4801], [-9559, 4822], [-9492, 4821], [-9492, 4791], [-9510, 4784], [-9532, 4786], [-9539, 4791], [-9539, 4801], [-9559, 4801]]]}, "type": "Feature", "properties": {"name": "Columbiana County", "stateAbbrev": "OH", "state": "Ohio", "fips": "029", "incits": "39029", "id": "US.OH.029", "population": 105893}}, {"geometry": {"type": "Polygon", "coordinates": [[[-9766, 4867], [-9707, 4867], [-9706, 4841], [-9718, 4841], [-9718, 4832], [-9752, 4833], [-9764, 4833], [-9766, 4863], [-9766, 4867]]]}, "type": "Feature", "properties": {"name": "Huron County", "stateAbbrev": "OH", "state": "Ohio", "fips": "077", "incits": "39077", "id": "US.OH.077", "population": 58889}}, {"geometry": {"type": "Polygon", "coordinates": [[[-9868, 4555], [-9864, 4600], [-9830, 4604], [-9816, 4599], [-9816, 4552], [-9846, 4562], [-9868, 4555]]]}, "type": "Feature", "properties": {"name": "Adams County", "stateAbbrev": "OH", "state": "Ohio", "fips": "001", "incits": "39001", "id": "US.OH.001", "population": 28105}}, {"geometry": {"type": "Polygon", "coordinates": [[[-9595, 4900], [-9584, 4900], [-9583, 4909], [-9561, 4909], [-9561, 4917], [-9549, 4918], [-9549, 4892], [-9549, 4874], [-9595, 4874], [-9595, 4900]]]}, "type": "Feature", "properties": {"name": "Geauga County", "stateAbbrev": "OH", "state": "Ohio", "fips": "055", "incits": "39055", "id": "US.OH.055", "population": 93972}}, {"geometry": {"type": "Polygon", "coordinates": [[[-9943, 4891], [-9889, 4891], [-9889, 4882], [-9888, 4853], [-9929, 4853], [-9929, 4884], [-9943, 4884], [-9943, 4891]]]}, "type": "Feature", "properties": {"name": "Henry County", "stateAbbrev": "OH", "state": "Ohio", "fips": "069", "incits": "39069", "id": "US.OH.069", "population": 28092}}, {"geometry": {"type": "Polygon", "coordinates": [[[-9998, 4706], [-9997, 4757], [-9954, 4757], [-9953, 4739], [-9953, 4706], [-9960, 4706], [-9998, 4706]]]}, "type": "Feature", "properties": {"name": "Darke County", "stateAbbrev": "OH", "state": "Ohio", "fips": "037", "incits": "39037", "id": "US.OH.037", "population": 52376}}, {"geometry": {"type": "Polygon", "coordinates": [[[-9998, 4706], [-9960, 4706], [-9959, 4667], [-9959, 4665], [-9998, 4664], [-9998, 4706]]]}, "type": "Feature", "properties": {"name": "Preble County", "stateAbbrev": "OH", "state": "Ohio", "fips": "135", "incits": "39135", "id": "US.OH.135", "population": 41732}}, {"geometry": {"type": "Polygon", "coordinates": [[[-9943, 4817], [-9915, 4817], [-9915, 4822], [-9888, 4824], [-9888, 4812], [-9888, 4791], [-9915, 4791], [-9929, 4796], [-9949, 4796], [-9949, 4812], [-9943, 4817]]]}, "type": "Feature", "properties": {"name": "Allen County", "stateAbbrev": "OH", "state": "Ohio", "fips": "003", "incits": "39003", "id": "US.OH.003", "population": 105298}}, {"geometry": {"type": "Polygon", "coordinates": [[[-9542, 4765], [-9539, 4781], [-9532, 4786], [-9510, 4784], [-9501, 4772], [-9502, 4753], [-9514, 4734], [-9535, 4734], [-9533, 4765], [-9542, 4765]]]}, "type": "Feature", "properties": {"name": "Jefferson County", "stateAbbrev": "OH", "state": "Ohio", "fips": "081", "incits": "39081", "id": "US.OH.081", "population": 67964}}, {"geometry": {"type": "Polygon", "coordinates": [[[-9798, 4833], [-9764, 4833], [-9752, 4833], [-9752, 4799], [-9768, 4799], [-9798, 4798], [-9798, 4833]]]}, "type": "Feature", "properties": {"name": "Crawford County", "stateAbbrev": "OH", "state": "Ohio", "fips": "033", "incits": "39033", "id": "US.OH.033", "population": 42808}}, {"geometry": {"type": "Polygon", "coordinates": [[[-9949, 4916], [-9888, 4918], [-9889, 4891], [-9943, 4891], [-9947, 4894], [-9949, 4916]]]}, "type": "Feature", "properties": {"name": "Fulton County", "stateAbbrev": "OH", "state": "Ohio", "fips": "051", "incits": "39051", "id": "US.OH.051", "population": 42488}}, {"geometry": {"type": "Polygon", "coordinates": [[[-9577, 4700], [-9576, 4710], [-9575, 4735], [-9535, 4734], [-9514, 4734], [-9520, 4705], [-9528, 4698], [-9577, 4700]]]}, "type": "Feature", "properties": {"name": "Belmont County", "stateAbbrev": "OH", "state": "Ohio", "fips": "013", "incits": "39013", "id": "US.OH.013", "population": 69571}}, {"geometry": {"type": "Polygon", "coordinates": [[[-9997, 4884], [-9943, 4884], [-9929, 4884], [-9929, 4853], [-9943, 4853], [-9956, 4863], [-9997, 4863], [-9997, 4884]]]}, "type": "Feature", "properties": {"name": "Defiance County", "stateAbbrev": "OH", "state": "Ohio", "fips": "039", "incits": "39039", "id": "US.OH.039", "population": 38532}}, {"geometry": {"type": "Polygon", "coordinates": [[[-9762, 4591], [-9759, 4617], [-9757, 4622], [-9730, 4619], [-9717, 4614], [-9718, 4602], [-9720, 4579], [-9734, 4579], [-9743, 4580], [-9756, 4580], [-9762, 4591]]]}, "type": "Feature", "properties": {"name": "Jackson County", "stateAbbrev": "OH", "state": "Ohio", "fips": "079", "incits": "39079", "id": "US.OH.079", "population": 32783}}, {"geometry": {"type": "Polygon", "coordinates": [[[-9888, 4791], [-9888, 4812], [-9845, 4812], [-9843, 4798], [-9834, 4796], [-9834, 4775], [-9846, 4775], [-9888, 4779], [-9888, 4791]]]}, "type": "Feature", "properties": {"name": "Hardin County", "stateAbbrev": "OH", "state": "Ohio", "fips": "065", "incits": "39065", "id": "US.OH.065", "population": 31641}}, {"geometry": {"type": "Polygon", "coordinates": [[[-9734, 4579], [-9720, 4579], [-9718, 4602], [-9705, 4601], [-9678, 4598], [-9678, 4593], [-9684, 4578], [-9693, 4572], [-9688, 4563], [-9690, 4550], [-9700, 4548], [-9709, 4549], [-9708, 4559], [-9722, 4560], [-9724, 4571], [-9734, 4579]]]}, "type": "Feature", "properties": {"name": "Gallia County", "stateAbbrev": "OH", "state": "Ohio", "fips": "053", "incits": "39053", "id": "US.OH.053", "population": 30621}}, {"geometry": {"type": "Polygon", "coordinates": [[[-9701, 4643], [-9700, 4653], [-9686, 4652], [-9685, 4663], [-9672, 4662], [-9673, 4652], [-9648, 4651], [-9649, 4635], [-9634, 4623], [-9638, 4619], [-9698, 4622], [-9701, 4643]]]}, "type": "Feature", "properties": {"name": "Athens County", "stateAbbrev": "OH", "state": "Ohio", "fips": "009", "incits": "39009", "id": "US.OH.009", "population": 64681}}, {"geometry": {"type": "Polygon", "coordinates": [[[-9633, 4733], [-9622, 4741], [-9589, 4741], [-9575, 4735], [-9576, 4710], [-9594, 4710], [-9603, 4703], [-9617, 4703], [-9631, 4697], [-9635, 4707], [-9633, 4733]]]}, "type": "Feature", "properties": {"name": "Guernsey County", "stateAbbrev": "OH", "state": "Ohio", "fips": "059", "incits": "39059", "id": "US.OH.059", "population": 39636}}, {"geometry": {"type": "Polygon", "coordinates": [[[-9763, 4547], [-9754, 4550], [-9745, 4568], [-9743, 4580], [-9734, 4579], [-9724, 4571], [-9722, 4560], [-9708, 4559], [-9709, 4549], [-9700, 4548], [-9704, 4534], [-9730, 4527], [-9752, 4545], [-9763, 4547]]]}, "type": "Feature", "properties": {"name": "Lawrence County", "stateAbbrev": "OH", "state": "Ohio", "fips": "087", "incits": "39087", "id": "US.OH.087", "population": 61917}}, {"geometry": {"type": "Polygon", "coordinates": [[[-9949, 4916], [-9947, 4894], [-9943, 4891], [-9943, 4884], [-9997, 4884], [-9997, 4915], [-9949, 4916]]]}, "type": "Feature", "properties": {"name": "Williams County", "stateAbbrev": "OH", "state": "Ohio", "fips": "171", "incits": "39171", "id": "US.OH.171", "population": 37500}}, {"geometry": {"type": "Polygon", "coordinates": [[[-9595, 4874], [-9549, 4874], [-9549, 4849], [-9549, 4832], [-9559, 4832], [-9595, 4832], [-9595, 4874]]]}, "type": "Feature", "properties": {"name": "Portage County", "stateAbbrev": "OH", "state": "Ohio", "fips": "133", "incits": "39133", "id": "US.OH.133", "population": 163862}}, {"geometry": {"type": "Polygon", "coordinates": [[[-9648, 4651], [-9632, 4654], [-9633, 4666], [-9618, 4667], [-9582, 4669], [-9553, 4661], [-9575, 4643], [-9595, 4639], [-9603, 4646], [-9634, 4623], [-9649, 4635], [-9648, 4651]]]}, "type": "Feature", "properties": {"name": "Washington County", "stateAbbrev": "OH", "state": "Ohio", "fips": "167", "incits": "39167", "id": "US.OH.167", "population": 61310}}, {"geometry": {"type": "Polygon", "coordinates": [[[-9997, 4801], [-9956, 4801], [-9956, 4796], [-9956, 4758], [-9954, 4757], [-9997, 4757], [-9997, 4801]]]}, "type": "Feature", "properties": {"name": "Mercer County", "stateAbbrev": "OH", "state": "Ohio", "fips": "107", "incits": "39107", "id": "US.OH.107", "population": 40784}}, {"geometry": {"type": "Polygon", "coordinates": [[[-9816, 4599], [-9809, 4593], [-9762, 4591], [-9756, 4580], [-9743, 4580], [-9745, 4568], [-9754, 4550], [-9763, 4547], [-9772, 4569], [-9788, 4565], [-9803, 4553], [-9816, 4552], [-9816, 4599]]]}, "type": "Feature", "properties": {"name": "Scioto County", "stateAbbrev": "OH", "state": "Ohio", "fips": "145", "incits": "39145", "id": "US.OH.145", "population": 78153}}, {"geometry": {"type": "Polygon", "coordinates": [[[-9903, 4772], [-9903, 4757], [-9903, 4755], [-9904, 4748], [-9905, 4737], [-9953, 4739], [-9954, 4757], [-9942, 4760], [-9942, 4772], [-9903, 4772]]]}, "type": "Feature", "properties": {"name": "Shelby County", "stateAbbrev": "OH", "state": "Ohio", "fips": "149", "incits": "39149", "id": "US.OH.149", "population": 49192}}, {"geometry": {"type": "Polygon", "coordinates": [[[-9577, 4700], [-9528, 4698], [-9533, 4686], [-9534, 4671], [-9553, 4661], [-9582, 4669], [-9586, 4681], [-9586, 4700], [-9577, 4700]]]}, "type": "Feature", "properties": {"name": "Monroe County", "stateAbbrev": "OH", "state": "Ohio", "fips": "111", "incits": "39111", "id": "US.OH.111", "population": 14585}}, {"geometry": {"type": "Polygon", "coordinates": [[[-9687, 4841], [-9687, 4849], [-9675, 4857], [-9663, 4857], [-9663, 4866], [-9652, 4866], [-9629, 4866], [-9630, 4832], [-9682, 4832], [-9687, 4841]]]}, "type": "Feature", "properties": {"name": "Medina County", "stateAbbrev": "OH", "state": "Ohio", "fips": "103", "incits": "39103", "id": "US.OH.103", "population": 174915}}, {"geometry": {"type": "Polygon", "coordinates": [[[-9997, 4832], [-9949, 4832], [-9949, 4822], [-9943, 4817], [-9949, 4812], [-9949, 4796], [-9956, 4796], [-9956, 4801], [-9997, 4801], [-9997, 4832]]]}, "type": "Feature", "properties": {"name": "Van Wert County", "stateAbbrev": "OH", "state": "Ohio", "fips": "161", "incits": "39161", "id": "US.OH.161", "population": 28459}}, {"geometry": {"type": "Polygon", "coordinates": [[[-9845, 4812], [-9838, 4832], [-9834, 4832], [-9798, 4833], [-9798, 4798], [-9834, 4796], [-9843, 4798], [-9845, 4812]]]}, "type": "Feature", "properties": {"name": "Wyandot County", "stateAbbrev": "OH", "state": "Ohio", "fips": "175", "incits": "39175", "id": "US.OH.175", "population": 22447}}, {"geometry": {"type": "Polygon", "coordinates": [[[-9834, 4853], [-9834, 4863], [-9766, 4863], [-9764, 4833], [-9798, 4833], [-9834, 4832], [-9834, 4853]]]}, "type": "Feature", "properties": {"name": "Seneca County", "stateAbbrev": "OH", "state": "Ohio", "fips": "147", "incits": "39147", "id": "US.OH.147", "population": 55914}}, {"geometry": {"type": "Polygon", "coordinates": [[[-9625, 4794], [-9625, 4823], [-9598, 4822], [-9595, 4832], [-9559, 4832], [-9559, 4822], [-9559, 4801], [-9577, 4801], [-9586, 4792], [-9625, 4790], [-9625, 4794]]]}, "type": "Feature", "properties": {"name": "Stark County", "stateAbbrev": "OH", "state": "Ohio", "fips": "151", "incits": "39151", "id": "US.OH.151", "population": 375432}}, {"geometry": {"type": "Polygon", "coordinates": [[[-9549, 4892], [-9492, 4892], [-9492, 4849], [-9549, 4849], [-9549, 4874], [-9549, 4892]]]}, "type": "Feature", "properties": {"name": "Trumbull County", "stateAbbrev": "OH", "state": "Ohio", "fips": "155", "incits": "39155", "id": "US.OH.155", "population": 206442}}, {"geometry": {"type": "Polygon", "coordinates": [[[-9631, 4687], [-9631, 4697], [-9617, 4703], [-9603, 4703], [-9594, 4710], [-9576, 4710], [-9577, 4700], [-9586, 4700], [-9586, 4681], [-9582, 4669], [-9618, 4667], [-9631, 4687]]]}, "type": "Feature", "properties": {"name": "Noble County", "stateAbbrev": "OH", "state": "Ohio", "fips": "121", "incits": "39121", "id": "US.OH.121", "population": 14628}}, {"geometry": {"type": "Polygon", "coordinates": [[[-9949, 4832], [-9943, 4832], [-9943, 4853], [-9929, 4853], [-9888, 4853], [-9888, 4824], [-9915, 4822], [-9915, 4817], [-9943, 4817], [-9949, 4822], [-9949, 4832]]]}, "type": "Feature", "properties": {"name": "Putnam County", "stateAbbrev": "OH", "state": "Ohio", "fips": "137", "incits": "39137", "id": "US.OH.137", "population": 34088}}, {"geometry": {"type": "Polygon", "coordinates": [[[-9676, 4688], [-9631, 4687], [-9618, 4667], [-9633, 4666], [-9632, 4654], [-9648, 4651], [-9673, 4652], [-9672, 4662], [-9669, 4683], [-9676, 4688]]]}, "type": "Feature", "properties": {"name": "Morgan County", "stateAbbrev": "OH", "state": "Ohio", "fips": "115", "incits": "39115", "id": "US.OH.115", "population": 14904}}, {"geometry": {"type": "Polygon", "coordinates": [[[-9834, 4863], [-9833, 4892], [-9824, 4887], [-9779, 4887], [-9766, 4884], [-9766, 4867], [-9766, 4863], [-9834, 4863]]]}, "type": "Feature", "properties": {"name": "Sandusky County", "stateAbbrev": "OH", "state": "Ohio", "fips": "143", "incits": "39143", "id": "US.OH.143", "population": 60098}}, {"geometry": {"type": "Polygon", "coordinates": [[[-9682, 4832], [-9630, 4832], [-9625, 4823], [-9625, 4794], [-9681, 4794], [-9682, 4832]]]}, "type": "Feature", "properties": {"name": "Wayne County", "stateAbbrev": "OH", "state": "Ohio", "fips": "169", "incits": "39169", "id": "US.OH.169", "population": 115071}}, {"geometry": {"type": "Polygon", "coordinates": [[[-9632, 4768], [-9628, 4768], [-9625, 4790], [-9586, 4792], [-9580, 4782], [-9580, 4766], [-9581, 4751], [-9589, 4741], [-9622, 4741], [-9621, 4759], [-9633, 4759], [-9632, 4768]]]}, "type": "Feature", "properties": {"name": "Tuscarawas County", "stateAbbrev": "OH", "state": "Ohio", "fips": "157", "incits": "39157", "id": "US.OH.157", "population": 92672}}, {"geometry": {"type": "Polygon", "coordinates": [[[-9953, 4739], [-9905, 4737], [-9907, 4720], [-9908, 4701], [-9922, 4706], [-9953, 4706], [-9953, 4739]]]}, "type": "Feature", "properties": {"name": "Miami County", "stateAbbrev": "OH", "state": "Ohio", "fips": "109", "incits": "39109", "id": "US.OH.109", "population": 103439}}, {"geometry": {"type": "Polygon", "coordinates": [[[-9830, 4604], [-9826, 4621], [-9759, 4617], [-9762, 4591], [-9809, 4593], [-9816, 4599], [-9830, 4604]]]}, "type": "Feature", "properties": {"name": "Pike County", "stateAbbrev": "OH", "state": "Ohio", "fips": "131", "incits": "39131", "id": "US.OH.131", "population": 28367}}, {"geometry": {"type": "Polygon", "coordinates": [[[-9757, 4622], [-9755, 4641], [-9701, 4643], [-9698, 4622], [-9703, 4622], [-9705, 4601], [-9718, 4602], [-9717, 4614], [-9730, 4619], [-9757, 4622]]]}, "type": "Feature", "properties": {"name": "Vinton County", "stateAbbrev": "OH", "state": "Ohio", "fips": "163", "incits": "39163", "id": "US.OH.163", "population": 13276}}, {"geometry": {"type": "Polygon", "coordinates": [[[-9752, 4799], [-9752, 4833], [-9718, 4832], [-9716, 4813], [-9707, 4801], [-9706, 4781], [-9740, 4780], [-9741, 4799], [-9752, 4799]]]}, "type": "Feature", "properties": {"name": "Richland County", "stateAbbrev": "OH", "state": "Ohio", "fips": "139", "incits": "39139", "id": "US.OH.139", "population": 121773}}, {"geometry": {"type": "Polygon", "coordinates": [[[-9630, 4832], [-9629, 4866], [-9616, 4866], [-9619, 4875], [-9595, 4874], [-9595, 4832], [-9598, 4822], [-9625, 4823], [-9630, 4832]]]}, "type": "Feature", "properties": {"name": "Summit County", "stateAbbrev": "OH", "state": "Ohio", "fips": "153", "incits": "39153", "id": "US.OH.153", "population": 541824}}, {"geometry": {"type": "Polygon", "coordinates": [[[-9705, 4601], [-9703, 4622], [-9698, 4622], [-9638, 4619], [-9639, 4599], [-9649, 4586], [-9667, 4601], [-9678, 4593], [-9678, 4598], [-9705, 4601]]]}, "type": "Feature", "properties": {"name": "Meigs County", "stateAbbrev": "OH", "state": "Ohio", "fips": "105", "incits": "39105", "id": "US.OH.105", "population": 23496}}, {"geometry": {"type": "Polygon", "coordinates": [[[-9559, 4832], [-9549, 4832], [-9549, 4849], [-9492, 4849], [-9492, 4821], [-9559, 4822], [-9559, 4832]]]}, "type": "Feature", "properties": {"name": "Mahoning County", "stateAbbrev": "OH", "state": "Ohio", "fips": "099", "incits": "39099", "id": "US.OH.099", "population": 233869}}, {"geometry": {"type": "Polygon", "coordinates": [[[-9889, 4882], [-9869, 4891], [-9867, 4897], [-9851, 4906], [-9833, 4906], [-9833, 4892], [-9834, 4863], [-9834, 4853], [-9888, 4853], [-9889, 4882]]]}, "type": "Feature", "properties": {"name": "Wood County", "stateAbbrev": "OH", "state": "Ohio", "fips": "173", "incits": "39173", "id": "US.OH.173", "population": 129264}}, {"geometry": {"type": "Polygon", "coordinates": [[[-9997, 4863], [-9956, 4863], [-9943, 4853], [-9943, 4832], [-9949, 4832], [-9997, 4832], [-9997, 4863]]]}, "type": "Feature", "properties": {"name": "Paulding County", "stateAbbrev": "OH", "state": "Ohio", "fips": "125", "incits": "39125", "id": "US.OH.125", "population": 19254}}], "ac-tx": {"default": {"crs": "wsg84", "scale": 117.88502424940575, "xoffset": 0, "yoffset": 0}}}