{"type":"Topology","arcs":[[[2208,1473],[-45,-30],[-99,95],[71,45],[125,-85],[-52,-25]],[[2605,1681],[11,-43],[0,0],[-20,2],[-93,12],[-93,-61],[-54,72],[-44,28],[-203,240],[214,56],[0,0],[-10,-127],[4,-52],[17,-27],[38,-12],[179,-20],[28,-21],[26,-47]],[[601,2929],[470,0],[1,-103],[330,1],[22,-127],[81,-146],[122,-128]],[[1627,2426],[1,-191],[53,-246],[238,-13],[190,-45]],[[2109,1931],[203,-240],[44,-28],[54,-72]],[[2410,1591],[-75,-56],[-75,-37]],[[2260,1498],[-125,85],[-71,-45],[99,-95]],[[2163,1443],[-71,-47],[-47,-104],[-57,-82],[-219,69],[4,-193],[-341,-1],[4,-881]],[[1436,204],[-25,-25],[7,-16],[1,-3],[-207,-120],[-159,-39],[-173,-1],[-183,19],[-154,46],[-146,119],[-223,265],[57,5],[80,52],[21,62],[-27,229],[-25,61],[-131,175],[-10,36],[33,67],[7,47],[-4,44],[-18,19],[-82,35],[-22,82],[-5,89],[-27,57],[22,43],[-5,51],[-14,53],[-3,53],[24,131],[-2,50],[-43,181],[35,104],[4,48],[-39,29],[82,78],[58,7],[35,-30],[9,-45],[27,-18],[0,-47],[81,-11],[-48,98],[-11,41],[-3,44],[6,27],[10,28],[2,30],[-18,30],[-25,12],[-67,9],[-35,12],[35,31],[40,8],[42,3],[41,17],[9,13],[20,37],[12,8],[20,-5],[19,-23],[23,-5],[16,-18],[-6,-41],[-20,-65],[0,-50],[3,-18],[25,-46],[14,-13],[22,-14],[30,7],[6,6],[-2,12],[13,56],[2,58],[13,26],[34,25],[21,-7],[25,-17],[42,-1],[19,17],[43,70],[23,30],[-84,-24],[-77,-10],[-65,19],[-44,64],[-3,34],[22,114],[7,11],[30,17],[6,13],[-3,10],[-16,14],[-3,11],[-1,72],[42,-7],[15,19],[10,26],[28,13],[20,-8],[18,-21],[11,-28],[1,-28]],[[2163,1443],[45,30],[52,25]],[[2410,1591],[93,61],[93,-12],[20,-2],[11,-42],[8,-199],[-31,-249],[17,-28],[-27,-21],[-45,-146],[-39,-46],[-105,-86],[-32,-59],[-24,-9],[-28,-7],[-20,-9],[-15,-21],[-78,-219],[0,0],[-4,-13],[-16,-26],[-36,-19],[-16,-46],[-20,-101],[-40,-37],[-123,-53],[-26,-18],[-16,-56],[-38,-38],[-42,-30],[-28,-34],[-36,36],[11,34],[28,38],[15,49],[-24,27],[-55,5],[-107,-8],[-5,42],[-19,1],[-31,-16],[-41,-11],[-54,-4],[-49,-15]],[[2380,2565],[-79,34],[-174,50],[-141,-114],[-15,-144]],[[1971,2391],[-299,0],[-45,35]],[[601,2929],[43,21],[28,32],[9,40],[-11,27]],[[670,3049],[1,0],[397,-2],[0,251],[425,1],[0,-69],[160,0],[1,-77],[146,0],[1,-92],[215,2],[-4,286],[1,9]],[[2013,3358],[23,-3],[131,8],[74,-4],[60,-14],[53,-21],[51,-27],[40,-29],[34,-37],[22,-43],[54,-262],[0,-33],[-9,-28],[-24,-12],[-18,8],[-17,35],[-27,8],[-23,-10],[-22,-24],[-11,-28],[5,-22],[27,-18],[26,2],[20,15],[11,18],[50,-56],[-40,-56],[-61,-17],[-12,63],[-41,-9],[-103,-41],[44,-13],[46,-20],[37,-25],[18,-24],[-10,-53],[-41,-21]],[[670,3049],[-5,13],[-20,-17],[-44,35],[5,51],[79,138],[12,47],[8,110],[25,-14],[10,-7],[9,-14],[18,0],[68,145],[61,63],[86,26],[46,7],[127,37],[26,14],[16,37],[70,52],[17,36],[55,-14],[62,14],[109,50],[241,-93],[49,-39],[5,-47],[-6,-60],[3,-52],[31,-22],[58,-17],[18,-40],[3,-49],[15,-45],[48,-31],[38,-5],[0,0]],[[1971,2391],[17,-132],[9,-169],[112,-159]],[[2380,2565],[-52,-9],[-41,-16],[-21,9],[-21,5],[8,-126],[-6,-37],[-1,-3],[-16,-21],[-25,-23],[-17,-23],[7,-23],[113,-139],[18,-33],[6,-34],[-9,-105],[-214,-56]]],"transform":{"scale":[33.12293172075457,45.965963590821254],"translate":[98953.53022286319,8918.128226423956]},"objects":{"qatar":{"type":"GeometryCollection","geometries":[{"arcs":[[[0]],[[1]]],"type":"MultiPolygon","properties":{"labelrank":9,"code_hasc":"QA.DA","name":"Ad Dawhah","admin":"Qatar","type_en":"Municipality","region":"","woe_id":20070008,"longitude":51,"woe_name":"Ad Dawhah","fips":"QA01","woe_label":"Doha, QA, Qatar","latitude":25,"iso_a2":"QA","postal":"DA","type":"Baladiyah","id":"QA.DA"}},{"arcs":[[2,3,4,5,6,7,8]],"type":"Polygon","properties":{"labelrank":9,"code_hasc":"QA.RA","name":"Ar Rayyān","admin":"Qatar","type_en":"Municipality","region":"","woe_id":20070010,"longitude":51,"woe_name":"Ar Rayyan","fips":"QA06","woe_label":"Al Rayyan, QA, Qatar","latitude":25,"iso_a2":"QA","postal":"RA","type":"Baladiyah","id":"QA.RA"}},{"arcs":[[-8,9,-6,10]],"type":"Polygon","properties":{"labelrank":9,"code_hasc":"QA.WA","name":"Al Wakrah","admin":"Qatar","type_en":"Municipality","region":"","woe_id":20070012,"longitude":51,"woe_name":"Al Wakrah","fips":"QA05","woe_label":"Al Wakra, QA, Qatar","latitude":24,"iso_a2":"QA","postal":"WA","type":"Baladiyah","id":"QA.WA"}},{"arcs":[[11,12,-3,13,14,15]],"type":"Polygon","properties":{"labelrank":9,"code_hasc":"QA.KH","name":"Al Khawr","admin":"Qatar","type_en":"Municipality","region":"","woe_id":20070006,"longitude":51,"woe_name":"Al Khawr","fips":"QA04","woe_label":"Al Khor, QA, Qatar","latitude":25,"iso_a2":"QA","postal":"KH","type":"Baladiyah","id":"QA.KH"}},{"arcs":[[-15,16]],"type":"Polygon","properties":{"labelrank":9,"code_hasc":"QA.MS","name":"Madinat ach Shamal","admin":"Qatar","type_en":"Municipality","region":"","woe_id":20070005,"longitude":51,"woe_name":"Madinat ach Shamal","fips":"QA07","woe_label":"Madinat Al Shamal, QA, Qatar","latitude":26,"iso_a2":"QA","postal":"MS","type":"Baladiyah","id":"QA.MS"}},{"arcs":[[17,-4,-13]],"type":"Polygon","properties":{"labelrank":9,"code_hasc":"QA.US","name":"Umm Salal","admin":"Qatar","type_en":"Municipality","region":"","woe_id":20070007,"longitude":51,"woe_name":"Umm Salal","fips":"QA09","woe_label":"Umm Slal, QA, Qatar","latitude":25,"iso_a2":"QA","postal":"US","type":"Baladiyah","id":"QA.US"}},{"arcs":[[18,-18,-12]],"type":"Polygon","properties":{"labelrank":9,"code_hasc":"QA.DY","name":"Al Daayen","admin":"Qatar","type_en":"Municipality","region":"","woe_id":-20070007,"longitude":51,"woe_name":"","fips":"QA09","woe_label":"","latitude":25,"iso_a2":"QA","postal":"DA","type":"Baladiyah","id":"QA.DY"}}]}},"crs":{"type":"name","properties":{"name":"urn:ogc:def:crs:EPSG:2099"}},"ac-tx":{"default":{"crs":"+proj=cass +lat_0=25.38236111111111 +lon_0=50.76138888888889 +x_0=100000 +y_0=100000 +ellps=helmert +units=m +no_defs","scale":1}}}