{"crs": {"type": "name", "properties": {"name": "urn:ogc:def:crs:EPSG:4326"}}, "type": "FeatureCollection", "features": [{"geometry": {"type": "Polygon", "coordinates": [[[-9564, 4180], [-9541, 4180], [-9542, 4176], [-9537, 4174], [-9529, 4174], [-9520, 4163], [-9511, 4156], [-9503, 4155], [-9500, 4153], [-9500, 4148], [-9490, 4145], [-9482, 4139], [-9470, 4137], [-9465, 4132], [-9503, 4132], [-9564, 4132], [-9564, 4180]]]}, "type": "Feature", "properties": {"name": "Gregory County", "stateAbbrev": "SD", "state": "South Dakota", "fips": "053", "incits": "46053", "id": "US.SD.053", "population": 4242}}, {"geometry": {"type": "Polygon", "coordinates": [[[-9879, 4198], [-9819, 4198], [-9815, 4199], [-9815, 4178], [-9812, 4178], [-9812, 4169], [-9812, 4144], [-9810, 4144], [-9809, 4132], [-9848, 4132], [-9897, 4132], [-9897, 4178], [-9897, 4190], [-9891, 4191], [-9889, 4197], [-9882, 4196], [-9879, 4198]]]}, "type": "Feature", "properties": {"name": "Oglala Lakota County", "stateAbbrev": "SD", "state": "South Dakota", "fips": "203", "incits": "46102", "id": "US.SD.29203", "population": 14118}}, {"geometry": {"type": "Polygon", "coordinates": [[[-9812, 4169], [-9727, 4169], [-9727, 4132], [-9765, 4132], [-9809, 4132], [-9810, 4144], [-9812, 4144], [-9812, 4169]]]}, "type": "Feature", "properties": {"name": "Bennett County", "stateAbbrev": "SD", "state": "South Dakota", "fips": "007", "incits": "46007", "id": "US.SD.007", "population": 3452}}, {"geometry": {"type": "Polygon", "coordinates": [[[-9632, 4200], [-9622, 4199], [-9617, 4198], [-9610, 4200], [-9598, 4197], [-9581, 4203], [-9573, 4203], [-9573, 4180], [-9564, 4180], [-9564, 4132], [-9628, 4132], [-9630, 4144], [-9630, 4169], [-9631, 4178], [-9632, 4200]]]}, "type": "Feature", "properties": {"name": "Tripp County", "stateAbbrev": "SD", "state": "South Dakota", "fips": "123", "incits": "46123", "id": "US.SD.123", "population": 5498}}, {"geometry": {"type": "Polygon", "coordinates": [[[-9424, 4148], [-9382, 4148], [-9382, 4118], [-9395, 4117], [-9402, 4119], [-9412, 4110], [-9420, 4109], [-9432, 4116], [-9428, 4120], [-9426, 4129], [-9428, 4133], [-9427, 4139], [-9424, 4148]]]}, "type": "Feature", "properties": {"name": "Bon Homme County", "stateAbbrev": "SD", "state": "South Dakota", "fips": "009", "incits": "46009", "id": "US.SD.009", "population": 7046}}, {"geometry": {"type": "Polygon", "coordinates": [[[-9727, 4169], [-9630, 4169], [-9630, 4144], [-9628, 4132], [-9674, 4132], [-9727, 4132], [-9727, 4169]]]}, "type": "Feature", "properties": {"name": "Todd County", "stateAbbrev": "SD", "state": "South Dakota", "fips": "121", "incits": "46121", "id": "US.SD.121", "population": 9982}}, {"geometry": {"type": "Polygon", "coordinates": [[[-9382, 4148], [-9359, 4148], [-9336, 4148], [-9336, 4140], [-9336, 4112], [-9340, 4113], [-9343, 4118], [-9367, 4119], [-9373, 4117], [-9382, 4118], [-9382, 4148]]]}, "type": "Feature", "properties": {"name": "Yankton County", "stateAbbrev": "SD", "state": "South Dakota", "fips": "135", "incits": "46135", "id": "US.SD.135", "population": 22696}}, {"geometry": {"type": "Polygon", "coordinates": [[[-9302, 4140], [-9268, 4140], [-9274, 4137], [-9273, 4128], [-9276, 4122], [-9282, 4112], [-9286, 4109], [-9285, 4104], [-9276, 4099], [-9271, 4089], [-9270, 4082], [-9276, 4086], [-9284, 4085], [-9286, 4089], [-9293, 4095], [-9292, 4099], [-9301, 4100], [-9302, 4103], [-9302, 4140]]]}, "type": "Feature", "properties": {"name": "Union County", "stateAbbrev": "SD", "state": "South Dakota", "fips": "127", "incits": "46127", "id": "US.SD.127", "population": 14829}}, {"geometry": {"type": "Polygon", "coordinates": [[[-9541, 4180], [-9493, 4180], [-9485, 4180], [-9485, 4168], [-9482, 4168], [-9427, 4151], [-9424, 4148], [-9427, 4139], [-9428, 4133], [-9426, 4129], [-9428, 4120], [-9432, 4116], [-9462, 4127], [-9465, 4132], [-9470, 4137], [-9482, 4139], [-9490, 4145], [-9500, 4148], [-9500, 4153], [-9503, 4155], [-9511, 4156], [-9520, 4163], [-9529, 4174], [-9537, 4174], [-9542, 4176], [-9541, 4180]]]}, "type": "Feature", "properties": {"name": "Charles Mix County", "stateAbbrev": "SD", "state": "South Dakota", "fips": "023", "incits": "46023", "id": "US.SD.023", "population": 9241}}, {"geometry": {"type": "Polygon", "coordinates": [[[-9336, 4140], [-9314, 4140], [-9302, 4140], [-9302, 4103], [-9308, 4106], [-9315, 4105], [-9317, 4108], [-9328, 4110], [-9333, 4110], [-9336, 4112], [-9336, 4140]]]}, "type": "Feature", "properties": {"name": "Clay County", "stateAbbrev": "SD", "state": "South Dakota", "fips": "027", "incits": "46027", "id": "US.SD.027", "population": 13935}}, {"geometry": {"type": "Polygon", "coordinates": [[[-9999, 4178], [-9918, 4178], [-9899, 4178], [-9897, 4178], [-9897, 4132], [-9946, 4132], [-9999, 4132], [-9999, 4178]]]}, "type": "Feature", "properties": {"name": "Fall River County", "stateAbbrev": "SD", "state": "South Dakota", "fips": "047", "incits": "46047", "id": "US.SD.047", "population": 6839}}, {"geometry": {"type": "Polygon", "coordinates": [[[-9494, 4222], [-9449, 4222], [-9448, 4214], [-9448, 4180], [-9485, 4180], [-9493, 4180], [-9494, 4213], [-9494, 4222]]]}, "type": "Feature", "properties": {"name": "Aurora County", "stateAbbrev": "SD", "state": "South Dakota", "fips": "003", "incits": "46003", "id": "US.SD.003", "population": 2720}}, {"geometry": {"type": "Polygon", "coordinates": [[[-9485, 4289], [-9443, 4289], [-9415, 4289], [-9403, 4289], [-9403, 4280], [-9403, 4247], [-9449, 4247], [-9484, 4247], [-9484, 4270], [-9485, 4289]]]}, "type": "Feature", "properties": {"name": "Beadle County", "stateAbbrev": "SD", "state": "South Dakota", "fips": "005", "incits": "46005", "id": "US.SD.005", "population": 18080}}, {"geometry": {"type": "Polygon", "coordinates": [[[-9333, 4247], [-9333, 4280], [-9310, 4280], [-9268, 4280], [-9268, 4247], [-9310, 4247], [-9333, 4247]]]}, "type": "Feature", "properties": {"name": "Brookings County", "stateAbbrev": "SD", "state": "South Dakota", "fips": "011", "incits": "46011", "id": "US.SD.011", "population": 32968}}, {"geometry": {"type": "Polygon", "coordinates": [[[-9487, 4381], [-9487, 4414], [-9415, 4414], [-9415, 4381], [-9415, 4347], [-9471, 4347], [-9471, 4347], [-9471, 4347], [-9486, 4348], [-9486, 4348], [-9487, 4381]]]}, "type": "Feature", "properties": {"name": "Brown County", "stateAbbrev": "SD", "state": "South Dakota", "fips": "013", "incits": "46013", "id": "US.SD.013", "population": 37907}}, {"geometry": {"type": "Polygon", "coordinates": [[[-9547, 4222], [-9506, 4222], [-9494, 4222], [-9494, 4213], [-9493, 4180], [-9541, 4180], [-9540, 4183], [-9545, 4187], [-9546, 4192], [-9550, 4195], [-9557, 4195], [-9552, 4199], [-9553, 4205], [-9542, 4214], [-9547, 4218], [-9547, 4222]]]}, "type": "Feature", "properties": {"name": "Brule County", "stateAbbrev": "SD", "state": "South Dakota", "fips": "015", "incits": "46015", "id": "US.SD.015", "population": 5366}}, {"geometry": {"type": "Polygon", "coordinates": [[[-9568, 4247], [-9542, 4247], [-9506, 4247], [-9506, 4222], [-9547, 4222], [-9547, 4226], [-9554, 4232], [-9562, 4234], [-9565, 4236], [-9565, 4243], [-9568, 4247]]]}, "type": "Feature", "properties": {"name": "Buffalo County", "stateAbbrev": "SD", "state": "South Dakota", "fips": "017", "incits": "46017", "id": "US.SD.017", "population": 2024}}, {"geometry": {"type": "Polygon", "coordinates": [[[-9997, 4345], [-9929, 4345], [-9893, 4345], [-9893, 4328], [-9893, 4294], [-9894, 4286], [-9952, 4286], [-9976, 4286], [-9989, 4283], [-9999, 4283], [-9999, 4324], [-9997, 4324], [-9997, 4345]]]}, "type": "Feature", "properties": {"name": "Butte County", "stateAbbrev": "SD", "state": "South Dakota", "fips": "019", "incits": "46019", "id": "US.SD.019", "population": 10330}}, {"geometry": {"type": "Polygon", "coordinates": [[[-9658, 4415], [-9582, 4415], [-9582, 4381], [-9650, 4381], [-9650, 4386], [-9642, 4387], [-9638, 4392], [-9641, 4394], [-9644, 4401], [-9643, 4406], [-9650, 4409], [-9658, 4415]]]}, "type": "Feature", "properties": {"name": "Campbell County", "stateAbbrev": "SD", "state": "South Dakota", "fips": "021", "incits": "46021", "id": "US.SD.021", "population": 1334}}, {"geometry": {"type": "Polygon", "coordinates": [[[-9415, 4339], [-9368, 4339], [-9368, 4305], [-9368, 4280], [-9403, 4280], [-9403, 4289], [-9415, 4289], [-9415, 4314], [-9415, 4339]]]}, "type": "Feature", "properties": {"name": "Clark County", "stateAbbrev": "SD", "state": "South Dakota", "fips": "025", "incits": "46025", "id": "US.SD.025", "population": 3610}}, {"geometry": {"type": "Polygon", "coordinates": [[[-9368, 4339], [-9343, 4339], [-9310, 4339], [-9310, 4322], [-9310, 4305], [-9368, 4305], [-9368, 4339]]]}, "type": "Feature", "properties": {"name": "Codington County", "stateAbbrev": "SD", "state": "South Dakota", "fips": "029", "incits": "46029", "id": "US.SD.029", "population": 27853}}, {"geometry": {"type": "Polygon", "coordinates": [[[-9801, 4415], [-9746, 4415], [-9658, 4415], [-9650, 4409], [-9643, 4406], [-9644, 4401], [-9641, 4394], [-9638, 4392], [-9642, 4387], [-9650, 4386], [-9650, 4381], [-9656, 4377], [-9654, 4374], [-9646, 4373], [-9642, 4370], [-9685, 4369], [-9750, 4369], [-9801, 4369], [-9801, 4415]]]}, "type": "Feature", "properties": {"name": "Corson County", "stateAbbrev": "SD", "state": "South Dakota", "fips": "031", "incits": "46031", "id": "US.SD.031", "population": 4215}}, {"geometry": {"type": "Polygon", "coordinates": [[[-9999, 4214], [-9953, 4214], [-9896, 4214], [-9867, 4214], [-9869, 4208], [-9879, 4198], [-9882, 4196], [-9889, 4197], [-9891, 4191], [-9897, 4190], [-9897, 4178], [-9899, 4178], [-9918, 4178], [-9999, 4178], [-9999, 4214]]]}, "type": "Feature", "properties": {"name": "Custer County", "stateAbbrev": "SD", "state": "South Dakota", "fips": "033", "incits": "46033", "id": "US.SD.033", "population": 8468}}, {"geometry": {"type": "Polygon", "coordinates": [[[-9448, 4214], [-9414, 4214], [-9413, 4180], [-9428, 4180], [-9448, 4180], [-9448, 4214]]]}, "type": "Feature", "properties": {"name": "Davison County", "stateAbbrev": "SD", "state": "South Dakota", "fips": "035", "incits": "46035", "id": "US.SD.035", "population": 19823}}, {"geometry": {"type": "Polygon", "coordinates": [[[-9415, 4347], [-9415, 4381], [-9357, 4381], [-9356, 4378], [-9343, 4378], [-9343, 4353], [-9343, 4339], [-9368, 4339], [-9415, 4339], [-9415, 4347]]]}, "type": "Feature", "properties": {"name": "Day County", "stateAbbrev": "SD", "state": "South Dakota", "fips": "037", "incits": "46037", "id": "US.SD.037", "population": 5596}}, {"geometry": {"type": "Polygon", "coordinates": [[[-9310, 4280], [-9310, 4305], [-9310, 4322], [-9268, 4322], [-9268, 4280], [-9310, 4280]]]}, "type": "Feature", "properties": {"name": "Deuel County", "stateAbbrev": "SD", "state": "South Dakota", "fips": "039", "incits": "46039", "id": "US.SD.039", "population": 4320}}, {"geometry": {"type": "Polygon", "coordinates": [[[-9750, 4369], [-9685, 4369], [-9642, 4370], [-9636, 4361], [-9639, 4354], [-9634, 4348], [-9636, 4339], [-9641, 4333], [-9640, 4330], [-9650, 4323], [-9648, 4314], [-9647, 4311], [-9660, 4301], [-9667, 4302], [-9674, 4308], [-9679, 4305], [-9678, 4302], [-9682, 4301], [-9688, 4303], [-9695, 4303], [-9704, 4299], [-9710, 4298], [-9718, 4299], [-9718, 4324], [-9753, 4323], [-9752, 4328], [-9752, 4361], [-9750, 4369]]]}, "type": "Feature", "properties": {"name": "Dewey County", "stateAbbrev": "SD", "state": "South Dakota", "fips": "041", "incits": "46041", "id": "US.SD.041", "population": 5586}}, {"geometry": {"type": "Polygon", "coordinates": [[[-9485, 4180], [-9448, 4180], [-9428, 4180], [-9427, 4151], [-9482, 4168], [-9485, 4168], [-9485, 4180]]]}, "type": "Feature", "properties": {"name": "Douglas County", "stateAbbrev": "SD", "state": "South Dakota", "fips": "043", "incits": "46043", "id": "US.SD.043", "population": 3023}}, {"geometry": {"type": "Polygon", "coordinates": [[[-9581, 4381], [-9487, 4381], [-9486, 4348], [-9568, 4348], [-9581, 4348], [-9581, 4381]]]}, "type": "Feature", "properties": {"name": "Edmunds County", "stateAbbrev": "SD", "state": "South Dakota", "fips": "045", "incits": "46045", "id": "US.SD.045", "population": 4041}}, {"geometry": {"type": "Polygon", "coordinates": [[[-9568, 4348], [-9486, 4348], [-9486, 4348], [-9486, 4314], [-9543, 4314], [-9568, 4314], [-9568, 4348]]]}, "type": "Feature", "properties": {"name": "Faulk County", "stateAbbrev": "SD", "state": "South Dakota", "fips": "049", "incits": "46049", "id": "US.SD.049", "population": 2386}}, {"geometry": {"type": "Polygon", "coordinates": [[[-9343, 4353], [-9322, 4353], [-9320, 4356], [-9270, 4356], [-9268, 4353], [-9268, 4322], [-9310, 4322], [-9310, 4339], [-9343, 4339], [-9343, 4353]]]}, "type": "Feature", "properties": {"name": "Grant County", "stateAbbrev": "SD", "state": "South Dakota", "fips": "051", "incits": "46051", "id": "US.SD.051", "population": 7281}}, {"geometry": {"type": "Polygon", "coordinates": [[[-9801, 4277], [-9790, 4280], [-9780, 4280], [-9774, 4284], [-9756, 4283], [-9753, 4284], [-9748, 4289], [-9740, 4291], [-9736, 4293], [-9724, 4295], [-9718, 4299], [-9720, 4294], [-9720, 4261], [-9721, 4244], [-9710, 4244], [-9710, 4228], [-9712, 4227], [-9767, 4227], [-9802, 4227], [-9802, 4261], [-9801, 4277]]]}, "type": "Feature", "properties": {"name": "Haakon County", "stateAbbrev": "SD", "state": "South Dakota", "fips": "055", "incits": "46055", "id": "US.SD.055", "population": 1894}}, {"geometry": {"type": "Polygon", "coordinates": [[[-9368, 4280], [-9368, 4305], [-9310, 4305], [-9310, 4280], [-9333, 4280], [-9368, 4280]]]}, "type": "Feature", "properties": {"name": "Hamlin County", "stateAbbrev": "SD", "state": "South Dakota", "fips": "057", "incits": "46057", "id": "US.SD.057", "population": 5961}}, {"geometry": {"type": "Polygon", "coordinates": [[[-9543, 4314], [-9486, 4314], [-9485, 4314], [-9485, 4289], [-9484, 4270], [-9484, 4247], [-9506, 4247], [-9542, 4247], [-9542, 4281], [-9543, 4281], [-9543, 4314]]]}, "type": "Feature", "properties": {"name": "Hand County", "stateAbbrev": "SD", "state": "South Dakota", "fips": "059", "incits": "46059", "id": "US.SD.059", "population": 3391}}, {"geometry": {"type": "Polygon", "coordinates": [[[-9414, 4214], [-9402, 4214], [-9379, 4213], [-9379, 4180], [-9413, 4180], [-9414, 4214]]]}, "type": "Feature", "properties": {"name": "Hanson County", "stateAbbrev": "SD", "state": "South Dakota", "fips": "061", "incits": "46061", "id": "US.SD.061", "population": 3405}}, {"geometry": {"type": "Polygon", "coordinates": [[[-9892, 4415], [-9892, 4394], [-9893, 4394], [-9893, 4345], [-9929, 4345], [-9997, 4345], [-9998, 4396], [-9998, 4415], [-9951, 4415], [-9892, 4415]]]}, "type": "Feature", "properties": {"name": "Harding County", "stateAbbrev": "SD", "state": "South Dakota", "fips": "063", "incits": "46063", "id": "US.SD.063", "population": 1262}}, {"geometry": {"type": "Polygon", "coordinates": [[[-9659, 4281], [-9612, 4281], [-9578, 4281], [-9577, 4281], [-9577, 4249], [-9579, 4244], [-9574, 4244], [-9570, 4239], [-9575, 4238], [-9588, 4241], [-9598, 4241], [-9603, 4247], [-9599, 4251], [-9618, 4258], [-9642, 4261], [-9645, 4263], [-9647, 4271], [-9650, 4272], [-9662, 4271], [-9665, 4275], [-9659, 4278], [-9659, 4281]]]}, "type": "Feature", "properties": {"name": "Hughes County", "stateAbbrev": "SD", "state": "South Dakota", "fips": "065", "incits": "46065", "id": "US.SD.065", "population": 17508}}, {"geometry": {"type": "Polygon", "coordinates": [[[-9428, 4180], [-9413, 4180], [-9379, 4180], [-9359, 4180], [-9359, 4148], [-9382, 4148], [-9424, 4148], [-9427, 4151], [-9428, 4180]]]}, "type": "Feature", "properties": {"name": "Hutchinson County", "stateAbbrev": "SD", "state": "South Dakota", "fips": "067", "incits": "46067", "id": "US.SD.067", "population": 7145}}, {"geometry": {"type": "Polygon", "coordinates": [[[-9578, 4281], [-9578, 4314], [-9568, 4314], [-9543, 4314], [-9543, 4281], [-9542, 4281], [-9542, 4247], [-9568, 4247], [-9577, 4249], [-9577, 4281], [-9578, 4281]]]}, "type": "Feature", "properties": {"name": "Hyde County", "stateAbbrev": "SD", "state": "South Dakota", "fips": "069", "incits": "46069", "id": "US.SD.069", "population": 1391}}, {"geometry": {"type": "Polygon", "coordinates": [[[-9815, 4199], [-9806, 4198], [-9804, 4200], [-9803, 4227], [-9802, 4227], [-9767, 4227], [-9712, 4227], [-9712, 4213], [-9726, 4209], [-9728, 4207], [-9727, 4169], [-9812, 4169], [-9812, 4178], [-9815, 4178], [-9815, 4199]]]}, "type": "Feature", "properties": {"name": "Jackson County", "stateAbbrev": "SD", "state": "South Dakota", "fips": "071", "incits": "46071", "id": "US.SD.071", "population": 3216}}, {"geometry": {"type": "Polygon", "coordinates": [[[-9506, 4247], [-9484, 4247], [-9449, 4247], [-9449, 4222], [-9494, 4222], [-9506, 4222], [-9506, 4247]]]}, "type": "Feature", "properties": {"name": "Jerauld County", "stateAbbrev": "SD", "state": "South Dakota", "fips": "073", "incits": "46073", "id": "US.SD.073", "population": 2066}}, {"geometry": {"type": "Polygon", "coordinates": [[[-9712, 4213], [-9712, 4227], [-9710, 4228], [-9710, 4244], [-9645, 4244], [-9645, 4241], [-9644, 4228], [-9644, 4226], [-9644, 4222], [-9644, 4213], [-9642, 4213], [-9642, 4201], [-9645, 4203], [-9653, 4201], [-9665, 4206], [-9674, 4201], [-9685, 4202], [-9687, 4206], [-9701, 4211], [-9705, 4213], [-9712, 4213]]]}, "type": "Feature", "properties": {"name": "Jones County", "stateAbbrev": "SD", "state": "South Dakota", "fips": "075", "incits": "46075", "id": "US.SD.075", "population": 1001}}, {"geometry": {"type": "Polygon", "coordinates": [[[-9403, 4280], [-9368, 4280], [-9333, 4280], [-9333, 4247], [-9356, 4247], [-9403, 4247], [-9403, 4280]]]}, "type": "Feature", "properties": {"name": "Kingsbury County", "stateAbbrev": "SD", "state": "South Dakota", "fips": "077", "incits": "46077", "id": "US.SD.077", "population": 5065}}, {"geometry": {"type": "Polygon", "coordinates": [[[-9356, 4247], [-9333, 4247], [-9310, 4247], [-9310, 4213], [-9333, 4213], [-9356, 4213], [-9356, 4247]]]}, "type": "Feature", "properties": {"name": "Lake County", "stateAbbrev": "SD", "state": "South Dakota", "fips": "079", "incits": "46079", "id": "US.SD.079", "population": 12055}}, {"geometry": {"type": "Polygon", "coordinates": [[[-9999, 4283], [-9989, 4283], [-9976, 4286], [-9952, 4286], [-9953, 4253], [-9941, 4253], [-9941, 4241], [-9999, 4242], [-9999, 4283]]]}, "type": "Feature", "properties": {"name": "Lawrence County", "stateAbbrev": "SD", "state": "South Dakota", "fips": "081", "incits": "46081", "id": "US.SD.081", "population": 24910}}, {"geometry": {"type": "Polygon", "coordinates": [[[-9314, 4180], [-9282, 4180], [-9282, 4174], [-9275, 4170], [-9276, 4164], [-9280, 4161], [-9280, 4155], [-9270, 4153], [-9269, 4146], [-9267, 4144], [-9268, 4140], [-9302, 4140], [-9314, 4140], [-9314, 4180]]]}, "type": "Feature", "properties": {"name": "Lincoln County", "stateAbbrev": "SD", "state": "South Dakota", "fips": "083", "incits": "46083", "id": "US.SD.083", "population": 49858}}, {"geometry": {"type": "Polygon", "coordinates": [[[-9645, 4241], [-9645, 4244], [-9645, 4247], [-9603, 4247], [-9598, 4241], [-9588, 4241], [-9575, 4238], [-9570, 4239], [-9574, 4244], [-9579, 4244], [-9577, 4249], [-9568, 4247], [-9565, 4243], [-9565, 4236], [-9562, 4234], [-9554, 4232], [-9547, 4226], [-9547, 4222], [-9547, 4218], [-9542, 4214], [-9553, 4205], [-9552, 4199], [-9557, 4195], [-9550, 4195], [-9546, 4192], [-9545, 4187], [-9540, 4183], [-9541, 4180], [-9564, 4180], [-9573, 4180], [-9573, 4203], [-9581, 4203], [-9598, 4197], [-9610, 4200], [-9617, 4198], [-9622, 4199], [-9632, 4200], [-9642, 4201], [-9642, 4213], [-9644, 4213], [-9644, 4222], [-9644, 4226], [-9644, 4228], [-9645, 4241]]]}, "type": "Feature", "properties": {"name": "Lyman County", "stateAbbrev": "SD", "state": "South Dakota", "fips": "085", "incits": "46085", "id": "US.SD.085", "population": 3892}}, {"geometry": {"type": "Polygon", "coordinates": [[[-9415, 4381], [-9415, 4414], [-9343, 4414], [-9343, 4378], [-9356, 4378], [-9357, 4381], [-9415, 4381]]]}, "type": "Feature", "properties": {"name": "Marshall County", "stateAbbrev": "SD", "state": "South Dakota", "fips": "091", "incits": "46091", "id": "US.SD.091", "population": 4763}}, {"geometry": {"type": "Polygon", "coordinates": [[[-9379, 4213], [-9356, 4213], [-9333, 4213], [-9333, 4180], [-9359, 4180], [-9379, 4180], [-9379, 4213]]]}, "type": "Feature", "properties": {"name": "McCook County", "stateAbbrev": "SD", "state": "South Dakota", "fips": "087", "incits": "46087", "id": "US.SD.087", "population": 5654}}, {"geometry": {"type": "Polygon", "coordinates": [[[-9582, 4415], [-9487, 4414], [-9487, 4381], [-9581, 4381], [-9582, 4381], [-9582, 4415]]]}, "type": "Feature", "properties": {"name": "McPherson County", "stateAbbrev": "SD", "state": "South Dakota", "fips": "089", "incits": "46089", "id": "US.SD.089", "population": 2457}}, {"geometry": {"type": "Polygon", "coordinates": [[[-9952, 4286], [-9894, 4286], [-9893, 4294], [-9893, 4328], [-9801, 4328], [-9801, 4277], [-9807, 4275], [-9811, 4271], [-9818, 4269], [-9823, 4272], [-9831, 4269], [-9836, 4256], [-9837, 4248], [-9840, 4245], [-9838, 4241], [-9866, 4241], [-9941, 4241], [-9941, 4253], [-9953, 4253], [-9952, 4286]]]}, "type": "Feature", "properties": {"name": "Meade County", "stateAbbrev": "SD", "state": "South Dakota", "fips": "093", "incits": "46093", "id": "US.SD.093", "population": 27202}}, {"geometry": {"type": "Polygon", "coordinates": [[[-9712, 4213], [-9705, 4213], [-9701, 4211], [-9687, 4206], [-9685, 4202], [-9674, 4201], [-9665, 4206], [-9653, 4201], [-9645, 4203], [-9642, 4201], [-9632, 4200], [-9631, 4178], [-9630, 4169], [-9727, 4169], [-9728, 4207], [-9726, 4209], [-9712, 4213]]]}, "type": "Feature", "properties": {"name": "Mellette County", "stateAbbrev": "SD", "state": "South Dakota", "fips": "095", "incits": "46095", "id": "US.SD.095", "population": 2081}}, {"geometry": {"type": "Polygon", "coordinates": [[[-9403, 4247], [-9356, 4247], [-9356, 4213], [-9379, 4213], [-9402, 4214], [-9403, 4247]]]}, "type": "Feature", "properties": {"name": "Miner County", "stateAbbrev": "SD", "state": "South Dakota", "fips": "097", "incits": "46097", "id": "US.SD.097", "population": 2333}}, {"geometry": {"type": "Polygon", "coordinates": [[[-9333, 4180], [-9333, 4213], [-9310, 4213], [-9268, 4214], [-9268, 4180], [-9282, 4180], [-9314, 4180], [-9333, 4180]]]}, "type": "Feature", "properties": {"name": "Minnehaha County", "stateAbbrev": "SD", "state": "South Dakota", "fips": "099", "incits": "46099", "id": "US.SD.099", "population": 179640}}, {"geometry": {"type": "Polygon", "coordinates": [[[-9310, 4213], [-9310, 4247], [-9268, 4247], [-9268, 4214], [-9310, 4213]]]}, "type": "Feature", "properties": {"name": "Moody County", "stateAbbrev": "SD", "state": "South Dakota", "fips": "101", "incits": "46101", "id": "US.SD.101", "population": 6404}}, {"geometry": {"type": "Polygon", "coordinates": [[[-9999, 4214], [-9999, 4242], [-9941, 4241], [-9866, 4241], [-9838, 4241], [-9840, 4245], [-9837, 4248], [-9836, 4256], [-9831, 4269], [-9823, 4272], [-9818, 4269], [-9811, 4271], [-9807, 4275], [-9801, 4277], [-9802, 4261], [-9802, 4227], [-9803, 4227], [-9804, 4200], [-9806, 4198], [-9815, 4199], [-9819, 4198], [-9879, 4198], [-9869, 4208], [-9867, 4214], [-9896, 4214], [-9953, 4214], [-9999, 4214]]]}, "type": "Feature", "properties": {"name": "Pennington County", "stateAbbrev": "SD", "state": "South Dakota", "fips": "103", "incits": "46103", "id": "US.SD.103", "population": 105761}}, {"geometry": {"type": "Polygon", "coordinates": [[[-9892, 4415], [-9801, 4415], [-9801, 4369], [-9801, 4328], [-9893, 4328], [-9893, 4345], [-9893, 4394], [-9892, 4394], [-9892, 4415]]]}, "type": "Feature", "properties": {"name": "Perkins County", "stateAbbrev": "SD", "state": "South Dakota", "fips": "105", "incits": "46105", "id": "US.SD.105", "population": 3037}}, {"geometry": {"type": "Polygon", "coordinates": [[[-9634, 4348], [-9581, 4348], [-9568, 4348], [-9568, 4314], [-9578, 4314], [-9648, 4314], [-9650, 4323], [-9640, 4330], [-9641, 4333], [-9636, 4339], [-9634, 4348]]]}, "type": "Feature", "properties": {"name": "Potter County", "stateAbbrev": "SD", "state": "South Dakota", "fips": "107", "incits": "46107", "id": "US.SD.107", "population": 2394}}, {"geometry": {"type": "Polygon", "coordinates": [[[-9343, 4414], [-9279, 4414], [-9280, 4403], [-9289, 4394], [-9306, 4386], [-9307, 4382], [-9298, 4374], [-9295, 4368], [-9290, 4364], [-9284, 4363], [-9272, 4358], [-9270, 4356], [-9320, 4356], [-9322, 4353], [-9343, 4353], [-9343, 4378], [-9343, 4414]]]}, "type": "Feature", "properties": {"name": "Roberts County", "stateAbbrev": "SD", "state": "South Dakota", "fips": "109", "incits": "46109", "id": "US.SD.109", "population": 10251}}, {"geometry": {"type": "Polygon", "coordinates": [[[-9449, 4247], [-9403, 4247], [-9402, 4214], [-9414, 4214], [-9448, 4214], [-9449, 4222], [-9449, 4247]]]}, "type": "Feature", "properties": {"name": "Sanborn County", "stateAbbrev": "SD", "state": "South Dakota", "fips": "111", "incits": "46111", "id": "US.SD.111", "population": 2324}}, {"geometry": {"type": "Polygon", "coordinates": [[[-9486, 4348], [-9471, 4347], [-9471, 4347], [-9471, 4347], [-9415, 4347], [-9415, 4339], [-9415, 4314], [-9415, 4289], [-9443, 4289], [-9485, 4289], [-9485, 4314], [-9486, 4314], [-9486, 4348]]]}, "type": "Feature", "properties": {"name": "Spink County", "stateAbbrev": "SD", "state": "South Dakota", "fips": "115", "incits": "46115", "id": "US.SD.115", "population": 6610}}, {"geometry": {"type": "Polygon", "coordinates": [[[-9718, 4299], [-9710, 4298], [-9704, 4299], [-9695, 4303], [-9688, 4303], [-9682, 4301], [-9678, 4302], [-9670, 4299], [-9668, 4294], [-9671, 4286], [-9667, 4281], [-9659, 4281], [-9659, 4278], [-9665, 4275], [-9662, 4271], [-9650, 4272], [-9647, 4271], [-9645, 4263], [-9642, 4261], [-9618, 4258], [-9599, 4251], [-9603, 4247], [-9645, 4247], [-9645, 4244], [-9710, 4244], [-9721, 4244], [-9720, 4261], [-9720, 4294], [-9718, 4299]]]}, "type": "Feature", "properties": {"name": "Stanley County", "stateAbbrev": "SD", "state": "South Dakota", "fips": "117", "incits": "46117", "id": "US.SD.117", "population": 2981}}, {"geometry": {"type": "Polygon", "coordinates": [[[-9648, 4314], [-9578, 4314], [-9578, 4281], [-9612, 4281], [-9659, 4281], [-9667, 4281], [-9671, 4286], [-9668, 4294], [-9670, 4299], [-9678, 4302], [-9679, 4305], [-9674, 4308], [-9667, 4302], [-9660, 4301], [-9647, 4311], [-9648, 4314]]]}, "type": "Feature", "properties": {"name": "Sully County", "stateAbbrev": "SD", "state": "South Dakota", "fips": "119", "incits": "46119", "id": "US.SD.119", "population": 1437}}, {"geometry": {"type": "Polygon", "coordinates": [[[-9359, 4180], [-9333, 4180], [-9314, 4180], [-9314, 4140], [-9336, 4140], [-9336, 4148], [-9359, 4148], [-9359, 4180]]]}, "type": "Feature", "properties": {"name": "Turner County", "stateAbbrev": "SD", "state": "South Dakota", "fips": "125", "incits": "46125", "id": "US.SD.125", "population": 8361}}, {"geometry": {"type": "Polygon", "coordinates": [[[-9650, 4381], [-9582, 4381], [-9581, 4381], [-9581, 4348], [-9634, 4348], [-9639, 4354], [-9636, 4361], [-9642, 4370], [-9646, 4373], [-9654, 4374], [-9656, 4377], [-9650, 4381]]]}, "type": "Feature", "properties": {"name": "Walworth County", "stateAbbrev": "SD", "state": "South Dakota", "fips": "129", "incits": "46129", "id": "US.SD.129", "population": 5524}}, {"geometry": {"type": "Polygon", "coordinates": [[[-9801, 4328], [-9801, 4369], [-9750, 4369], [-9752, 4361], [-9752, 4328], [-9753, 4323], [-9718, 4324], [-9718, 4299], [-9724, 4295], [-9736, 4293], [-9740, 4291], [-9748, 4289], [-9753, 4284], [-9756, 4283], [-9774, 4284], [-9780, 4280], [-9790, 4280], [-9801, 4277], [-9801, 4328]]]}, "type": "Feature", "properties": {"name": "Ziebach County", "stateAbbrev": "SD", "state": "South Dakota", "fips": "137", "incits": "46137", "id": "US.SD.137", "population": 2834}}], "ac-tx": {"default": {"crs": "wsg84", "scale": 96.09092072754764, "xoffset": 0, "yoffset": 0}}}