{"type":"Topology","arcs":[[[916,1835],[-86,-16],[-43,23],[-33,-23]],[[754,1819],[-4,49],[-104,125],[-34,3],[-44,-63],[-60,0],[-192,-32],[-61,42],[-52,207],[-71,49],[-35,-46],[-97,69],[80,122],[-52,65],[35,14],[183,16],[61,23],[106,-16],[78,-56],[73,-26],[52,13],[73,-30],[74,-115],[45,-56],[-8,-42],[41,-20],[-15,-46],[41,-49],[41,-105],[8,-79]],[[1517,1195],[-17,-53],[47,-101],[95,3],[11,-17],[143,14]],[[1796,1041],[-37,-69],[-110,-46]],[[1649,926],[-28,-4]],[[1621,922],[-54,-9],[-67,36],[-2,-40],[-76,-16],[-48,46]],[[1374,939],[7,85],[-41,79],[37,79],[32,-36],[30,36],[78,13]],[[1431,650],[52,-30],[73,7],[41,75]],[[1597,702],[71,-32],[11,-69]],[[1679,601],[-37,0],[-41,-76],[-84,4]],[[1517,529],[-99,13],[-7,62]],[[1411,604],[20,46]],[[1679,601],[76,-13],[67,75],[30,-10],[41,86],[48,16],[73,-7]],[[2014,748],[7,-62],[-65,-92],[-17,-69],[-33,-23],[-11,-92],[-43,-16],[-138,46],[-52,-7],[-9,-36],[-106,-56]],[[1547,341],[-54,53],[-23,66],[47,69]],[[1649,926],[-2,-86],[75,23],[24,-42],[108,-10],[41,29],[26,99],[63,59],[80,3],[19,-29]],[[2083,972],[-69,-224]],[[1597,702],[-89,66],[-6,56],[56,43],[82,16],[-19,39]],[[1312,775],[32,26],[-24,46],[54,92]],[[1431,650],[-15,72],[-37,53],[-67,0]],[[1796,1041],[86,95],[82,6],[31,30],[114,39],[48,-13],[-35,-82],[37,-69],[-45,-72],[-31,-3]],[[549,1333],[28,65],[56,33],[-6,86],[8,111],[39,69],[50,36],[30,86]],[[916,1835],[54,-98],[3,-69],[23,-115],[44,-56],[162,-10],[43,-46],[37,0]],[[1282,1441],[-9,-72],[43,-33],[-125,-128],[-48,-13],[-49,-66]],[[1094,1129],[-42,-3],[-12,-53],[-176,-32],[-23,-33]],[[841,1008],[13,92],[-18,62],[-34,-10],[-76,43],[-8,49],[15,69],[-57,7],[-36,-36],[-91,49]],[[841,1008],[-20,-49],[-177,-23]],[[644,936],[-45,46],[-63,-40],[-30,7],[-87,-112],[-28,-59],[15,-82]],[[406,696],[-108,-13],[-28,79],[95,29],[-56,40],[-35,-33],[-101,151],[26,42],[101,73],[63,55],[80,96],[37,-17],[37,53],[32,82]],[[644,936],[-30,-132],[21,-79],[-45,0],[15,-88],[41,23],[11,-63],[41,4],[17,-99]],[[715,502],[-13,4]],[[702,506],[-99,-37],[-9,30],[-99,-13],[-56,75],[-7,99],[-26,36]],[[1094,1129],[30,-42],[-11,-92],[35,-69],[-61,-43],[-73,-20],[73,-95],[22,-6]],[[1109,762],[-67,6],[-39,-20],[-28,37],[-89,-46],[-69,-99],[-9,-79],[-54,-10],[-39,-49]],[[1547,341],[24,-32],[30,-161],[-17,-125],[-54,-23],[-71,49],[-18,86],[-36,-40],[-48,13],[-86,-19],[-7,-59],[-56,0],[-60,144],[0,46],[-35,26]],[[1113,246],[24,53],[54,6],[73,128],[-17,92],[86,72],[78,7]],[[1282,1441],[64,-16],[83,-105],[62,-20],[-13,-43],[39,-62]],[[1312,775],[-76,-33],[-88,33],[-39,-13]],[[1113,246],[-26,-79],[-50,-13],[-30,36],[-30,99],[-67,33],[15,39],[-19,36],[-65,43],[-41,-26],[-63,13],[-35,79]]],"transform":{"scale":[0.46271421954608616,0.30463038180341184],"translate":[9000,3223]},"objects":{"heilongjiang":{"type":"GeometryCollection","geometries":[{"arcs":[[0,1]],"type":"Polygon","properties":{"admin_leve":"5","localname":"大兴安岭地区 / Da Hinggan Ling","boundary":"administrative","id":"CN.heilongjiang.199127","name":"Da Hinggan Ling Prefecture"}},{"arcs":[[2,3,4,5,6]],"type":"Polygon","properties":{"name":"Hegang City","admin_leve":"5","wikipedia":"en:Hegang","localname":"鹤岗市 / Hegang","boundary":"administrative","id":"CN.heilongjiang.199170"}},{"arcs":[[7,8,9,10,11]],"type":"Polygon","properties":{"admin_leve":"5","localname":"七台河 / Qitaihe","boundary":"administrative","id":"CN.heilongjiang.199174","name":"Qitaihe"}},{"arcs":[[-10,12,13,14]],"type":"Polygon","properties":{"admin_leve":"5","localname":"鸡西市","boundary":"administrative","id":"CN.heilongjiang.199188","name":"Jixi"}},{"arcs":[[-5,15,16,-13,-9,17]],"type":"Polygon","properties":{"name":"Shuangyashan","admin_leve":"5","wikipedia":"en:Shuangyashan","localname":"双鸭山市 / Shuangyashan","boundary":"administrative","id":"CN.heilongjiang.203483"}},{"arcs":[[[18,-6,-18,-8,19]],[[-4,20,-16]]],"type":"MultiPolygon","properties":{"name":"Jiamusi City","admin_leve":"5","wikipedia":"en:Jiamusi","localname":"佳木斯市 / Jiamusi","boundary":"administrative","id":"CN.heilongjiang.206437"}},{"arcs":[[21,-1,22,23,24,25]],"type":"Polygon","properties":{"admin_leve":"5","localname":"黑河市","boundary":"administrative","id":"CN.heilongjiang.2754980","name":"Heihe City"}},{"arcs":[[-26,26,27,28]],"type":"Polygon","properties":{"admin_leve":"5","localname":"齐齐哈尔市 / Qiqihar","boundary":"administrative","id":"CN.heilongjiang.2755137","name":"Qiqihar City"}},{"arcs":[[29,30,31,-28]],"type":"Polygon","properties":{"admin_leve":"5","localname":"大庆市","boundary":"administrative","id":"CN.heilongjiang.2755197","name":"Daqing City"}},{"arcs":[[-27,-25,32,33,-30]],"type":"Polygon","properties":{"admin_leve":"5","localname":"绥化市 / Suihua","boundary":"administrative","id":"CN.heilongjiang.2755376","name":"Suihua City"}},{"arcs":[[-11,-15,34,35]],"type":"Polygon","properties":{"admin_leve":"5","localname":"牡丹江市 / Mudanjiang","boundary":"administrative","id":"CN.heilongjiang.2755604","name":"Mudanjiang City"}},{"arcs":[[-24,36,-7,-19,37,-33]],"type":"Polygon","properties":{"admin_leve":"5","localname":"伊春市 / Yichun","boundary":"administrative","id":"CN.heilongjiang.2755605","name":"Yichun City"}},{"arcs":[[-31,-34,-38,-20,-12,-36,38]],"type":"Polygon","properties":{"name":"Harbin City","admin_leve":"5","wikipedia":"en:Harbin","localname":"哈尔滨市 / Harbin","boundary":"administrative","id":"CN.heilongjiang.2755608"}}]}},"crs":{"type":"name","properties":{"name":"urn:ogc:def:crs:EPSG:4326"}},"ac-tx":{"default":{"crs":"wsg84","scale":74.19020935735847,"xoffset":0,"yoffset":0}}}